ID,URL,Type,Filesize,Created At,Last Modified,# Pages,Accessibility Issues,Broken Links,PDF Tags,Open Tasks
686b167c7401ef7bb82d67b9,https://it.nc.gov/documents/files/north-american-vertical-datum-1988/download?attachment,pdf,n/a,6/20/00 13:10,4/20/01 11:21,1,3,n/a,No,n/a
686107bc6b18002de4d6fd0f,https://it.nc.gov/documents/files/north-american-vertical-datum-1988/open,pdf,n/a,6/20/00 13:10,4/20/01 11:21,1,3,n/a,No,n/a
686b16717401ef7bb82d67b6,https://it.nc.gov/documents/files/national-digital-elevation-program-guidelines/download?attachment,pdf,n/a,5/11/04 16:38,5/11/04 16:42,93,3,1,Yes,n/a
686107676b18002de4d6fd0a,https://it.nc.gov/documents/files/national-digital-elevation-program-guidelines/open,pdf,n/a,5/11/04 16:38,5/11/04 16:42,93,3,4,Yes,n/a
685faf8ac32907bcdbcb5ae0,https://it.nc.gov/documents/files/append2-parceldata-hurricaneisabel-0/open,pdf,n/a,7/15/04 10:51,7/16/04 10:40,19,3,n/a,No,n/a
685fad90c32907bcdbcb5a94,https://it.nc.gov/documents/files/append2-parceldata-hurricaneisabel/download?attachment,pdf,n/a,7/15/04 10:51,7/16/04 10:40,19,3,n/a,No,n/a
685faf71c32907bcdbcb5adb,https://it.nc.gov/documents/files/appenb-access-guidelines-0/open,pdf,n/a,7/20/05 10:36,7/20/05 10:36,16,3,n/a,No,n/a
685fad74c32907bcdbcb5a8f,https://it.nc.gov/documents/files/appenb-access-guidelines/download?attachment,pdf,n/a,7/20/05 10:36,7/20/05 10:36,16,3,n/a,No,n/a
685f8823c32907bcdbcb5472,https://it.nc.gov/documents/guidelines-providing-appropriate-access-geospatial-data/download?attachment,pdf,n/a,7/20/05 10:36,7/20/05 10:36,16,3,n/a,No,n/a
687cb1e12bf8807ad0553666,https://it.nc.gov/documents/guidelines-providing-appropriate-access-geospatial-data/open,pdf,n/a,7/20/05 10:36,7/20/05 10:36,16,3,n/a,No,n/a
685faf81c32907bcdbcb5adf,https://it.nc.gov/documents/files/append1-amerforestscitygreen-0/open,pdf,n/a,2/27/06 7:30,2/27/06 7:31,2,5,n/a,No,n/a
685fad88c32907bcdbcb5a93,https://it.nc.gov/documents/files/append1-amerforestscitygreen/download?attachment,pdf,n/a,2/27/06 7:30,2/27/06 7:31,2,5,n/a,No,n/a
685fb052c32907bcdbcb5b03,https://it.nc.gov/documents/files/gicc-meeting-minutes-11082006/download?attachment,pdf,n/a,11/30/06 12:52,11/30/06 12:52,7,4,n/a,No,n/a
68616a2f9ff1ad15158e12ec,https://it.nc.gov/documents/files/gicc-meeting-minutes-11082006/open,pdf,n/a,11/30/06 12:52,11/30/06 12:52,7,4,n/a,No,n/a
685fb026c32907bcdbcb5afa,https://it.nc.gov/documents/files/gicc-meeting-minutes-02072007/download?attachment,pdf,n/a,3/20/07 16:41,3/20/07 16:41,7,4,n/a,No,n/a
68615a169ff1ad15158e11f8,https://it.nc.gov/documents/files/gicc-meeting-minutes-02072007/open,pdf,n/a,3/20/07 16:41,3/20/07 16:41,7,4,n/a,No,n/a
685fb02fc32907bcdbcb5afb,https://it.nc.gov/documents/files/gicc-meeting-minutes-05092007/download?attachment,pdf,n/a,5/29/07 17:38,5/29/07 17:38,8,4,n/a,No,n/a
68615a6e9ff1ad15158e1202,https://it.nc.gov/documents/files/gicc-meeting-minutes-05092007/open,pdf,n/a,5/29/07 17:38,5/29/07 17:38,8,4,n/a,No,n/a
685faf7bc32907bcdbcb5ade,https://it.nc.gov/documents/files/append-businesscasesum-0/open,pdf,n/a,8/16/07 11:29,8/16/07 11:29,7,4,n/a,No,n/a
685fad82c32907bcdbcb5a92,https://it.nc.gov/documents/files/append-businesscasesum/download?attachment,pdf,n/a,8/16/07 11:29,8/16/07 11:29,7,4,n/a,No,n/a
685faf69c32907bcdbcb5ada,https://it.nc.gov/documents/files/appena-staterequestsforlocaldata-0/open,pdf,n/a,8/16/07 11:43,8/16/07 11:43,4,4,n/a,No,n/a
685fad6cc32907bcdbcb5a8e,https://it.nc.gov/documents/files/appena-staterequestsforlocaldata/download?attachment,pdf,n/a,8/16/07 11:43,8/16/07 11:43,4,4,n/a,No,n/a
685fb034c32907bcdbcb5afd,https://it.nc.gov/documents/files/gicc-meeting-minutes-08072007/download?attachment,pdf,n/a,8/27/07 17:23,8/27/07 17:23,10,4,n/a,No,n/a
686169329ff1ad15158e12db,https://it.nc.gov/documents/files/gicc-meeting-minutes-08072007/open,pdf,n/a,8/27/07 17:23,8/27/07 17:23,10,4,n/a,No,n/a
685faf62c32907bcdbcb5ad9,https://it.nc.gov/documents/files/gicc-data-sharing-report-11-07/open,pdf,n/a,10/23/07 15:04,10/23/07 15:04,9,4,n/a,No,n/a
685f878bc32907bcdbcb5452,https://it.nc.gov/documents/files/gicc-datasharing-final-11-07/download?attachment,pdf,n/a,10/23/07 15:04,10/23/07 15:04,9,4,n/a,No,n/a
685fb039c32907bcdbcb5afe,https://it.nc.gov/documents/files/gicc-meeting-minutes-11072007/download?attachment,pdf,n/a,11/29/07 13:59,11/29/07 13:59,10,4,n/a,No,n/a
686169589ff1ad15158e12e0,https://it.nc.gov/documents/files/gicc-meeting-minutes-11072007/open,pdf,n/a,11/29/07 13:59,11/29/07 13:59,10,4,n/a,No,n/a
685fb0c1c32907bcdbcb5b17,https://it.nc.gov/documents/files/gicc-meeting-minutes-11132002/download?attachment,pdf,n/a,1/4/08 14:46,1/4/08 14:46,6,4,n/a,No,n/a
686178aa9ff1ad15158e138b,https://it.nc.gov/documents/files/gicc-meeting-minutes-11132002/open,pdf,n/a,1/4/08 14:46,1/4/08 14:46,6,4,n/a,No,n/a
685f878ec32907bcdbcb5453,https://it.nc.gov/documents/files/gicc-publicprivate-partnership-report/download?attachment,pdf,n/a,2/4/08 10:18,2/4/08 10:18,25,3,n/a,Yes,n/a
687cb1892bf8807ad055365f,https://it.nc.gov/documents/files/gicc-publicprivate-partnership-report/open,pdf,n/a,2/4/08 10:18,2/4/08 10:18,25,3,n/a,Yes,n/a
68617ea89ff1ad15158e13c5,https://it.nc.gov/documents/files/intrusion-prevention-service-options/open,pdf,n/a,3/11/08 7:08,3/11/08 7:08,1,1,n/a,Yes,n/a
685fb00bc32907bcdbcb5af6,https://it.nc.gov/documents/files/gicc-meeting-minutes-02132008/download?attachment,pdf,n/a,4/25/08 11:52,4/25/08 11:52,10,4,n/a,No,n/a
68615a4d9ff1ad15158e11fe,https://it.nc.gov/documents/files/gicc-meeting-minutes-02132008/open,pdf,n/a,4/25/08 11:52,4/25/08 11:52,10,4,n/a,No,n/a
6860ffeb6b18002de4d6fc9d,https://it.nc.gov/documents/files/ncid-service-policy/open,pdf,n/a,5/21/08 14:17,5/21/08 14:17,7,4,n/a,No,n/a
685fb012c32907bcdbcb5af7,https://it.nc.gov/documents/files/gicc-meeting-minutes-05142008/download?attachment,pdf,n/a,6/4/08 14:43,6/4/08 14:43,8,4,n/a,No,n/a
686169179ff1ad15158e12d8,https://it.nc.gov/documents/files/gicc-meeting-minutes-05142008/open,pdf,n/a,6/4/08 14:43,6/4/08 14:43,8,4,n/a,No,n/a
686156309ff1ad15158e11bb,https://it.nc.gov/documents/mimosa-email-archive-quick-start-guide-v-314/open,pdf,n/a,8/18/08 2:56,8/18/08 2:57,3,3,n/a,Yes,n/a
685fb01bc32907bcdbcb5af8,https://it.nc.gov/documents/files/gicc-meeting-minutes-08132008/download?attachment,pdf,n/a,9/8/08 16:10,9/8/08 16:10,12,4,n/a,No,n/a
686169369ff1ad15158e12dc,https://it.nc.gov/documents/files/gicc-meeting-minutes-08132008/open,pdf,n/a,9/8/08 16:10,9/8/08 16:10,12,4,n/a,No,n/a
685f881bc32907bcdbcb5470,https://it.nc.gov/documents/files/archival-and-long-term-access-ad-hoc-committee-report/download?attachment,pdf,n/a,12/9/08 11:03,12/9/08 11:03,16,4,n/a,No,n/a
685fa862c32907bcdbcb59e4,https://it.nc.gov/documents/files/archival-and-long-term-access-ad-hoc-committee-report/open,pdf,n/a,12/9/08 11:03,12/9/08 11:03,16,4,n/a,No,n/a
685f877ac32907bcdbcb544e,https://it.nc.gov/documents/files/archival-longtermaccess-11-08-gicc/download?attachment,pdf,n/a,12/9/08 11:03,12/9/08 11:03,16,4,n/a,No,n/a
685fb021c32907bcdbcb5af9,https://it.nc.gov/documents/files/gicc-meeting-minutes-11192008/download?attachment,pdf,n/a,12/18/08 13:19,12/18/08 13:19,8,4,n/a,No,n/a
686178b19ff1ad15158e138c,https://it.nc.gov/documents/files/gicc-meeting-minutes-11192008/open,pdf,n/a,12/18/08 13:19,12/18/08 13:19,8,4,n/a,No,n/a
685fafeec32907bcdbcb5af2,https://it.nc.gov/documents/files/gicc-meeting-minutes-02112009/download?attachment,pdf,n/a,4/13/09 17:51,4/13/09 17:51,7,4,n/a,No,n/a
68615a499ff1ad15158e11fd,https://it.nc.gov/documents/files/gicc-meeting-minutes-02112009/open,pdf,n/a,4/13/09 17:51,4/13/09 17:51,7,4,n/a,No,n/a
686146349ff1ad15158e103e,https://it.nc.gov/documents/files/call-transfer-policy/open,pdf,n/a,5/8/09 10:53,5/8/09 10:53,1,2,n/a,Yes,n/a
6861574d9ff1ad15158e11d1,https://it.nc.gov/documents/files/surveyors-model-law-working-group-report-gicc-05132009/open,pdf,n/a,5/11/09 10:53,5/11/09 10:53,2,4,n/a,No,n/a
685faff5c32907bcdbcb5af3,https://it.nc.gov/documents/files/gicc-meeting-minutes-05132009/download?attachment,pdf,n/a,6/11/09 12:22,6/11/09 12:22,9,4,n/a,No,n/a
68615a909ff1ad15158e1206,https://it.nc.gov/documents/files/gicc-meeting-minutes-05132009/open,pdf,n/a,6/11/09 12:22,6/11/09 12:22,9,4,n/a,No,n/a
685faffdc32907bcdbcb5af4,https://it.nc.gov/documents/files/gicc-meeting-minutes-08122009/download?attachment,pdf,n/a,9/15/09 16:12,9/15/09 16:12,9,4,n/a,No,n/a
68616a259ff1ad15158e12eb,https://it.nc.gov/documents/files/gicc-meeting-minutes-08122009/open,pdf,n/a,9/15/09 16:12,9/15/09 16:12,9,4,n/a,No,n/a
6860f84d6b18002de4d6fc20,https://it.nc.gov/documents/files/enterprise-security-risk-management-office-charter/open,pdf,n/a,9/29/09 17:28,9/30/09 7:47,3,3,n/a,No,n/a
68839b5a7589602f3afbfb67,https://it.nc.gov/documents/files/ncgs-ss-147-33113-state-agency-cooperation/open,pdf,n/a,11/12/09 14:06,11/12/09 14:06,1,2,n/a,No,n/a
685fb004c32907bcdbcb5af5,https://it.nc.gov/documents/files/gicc-meeting-minutes-11102009/download?attachment,pdf,n/a,1/27/10 17:02,1/27/10 17:02,9,4,n/a,No,n/a
68616a5a9ff1ad15158e12f0,https://it.nc.gov/documents/files/gicc-meeting-minutes-11102009/open,pdf,n/a,1/27/10 17:02,1/27/10 17:02,9,4,n/a,No,n/a
685f882ac32907bcdbcb5474,https://it.nc.gov/documents/files/gicc-procedures-changing-offensive-or-insulting-geographical-place-names/download?attachment,pdf,n/a,1/28/10 16:55,1/28/10 16:55,2,4,n/a,No,n/a
687cb16a2bf8807ad055365d,https://it.nc.gov/documents/files/gicc-procedures-changing-offensive-or-insulting-geographical-place-names/open,pdf,n/a,1/28/10 16:55,1/28/10 16:55,2,4,n/a,No,n/a
68618e0b9ff1ad15158e1466,https://it.nc.gov/documents/files/grants-management-process-flow/open,pdf,n/a,n/a,3/18/10 8:31,1,2,n/a,Yes,n/a
68615a449ff1ad15158e11fc,https://it.nc.gov/documents/files/gicc-meeting-minutes-02102010/open,pdf,n/a,3/22/10 13:00,3/22/10 13:00,12,4,n/a,No,n/a
685f87abc32907bcdbcb5459,https://it.nc.gov/documents/files/cog-ag-advisory-letter-041410/download,pdf,n/a,4/19/10 13:36,4/19/10 14:53,3,6,n/a,No,n/a
685f87b3c32907bcdbcb545c,https://it.nc.gov/documents/files/cog-ag-advisory-letter-041410/download?attachment,pdf,n/a,4/19/10 13:36,4/19/10 14:53,3,6,n/a,No,n/a
685fafe4c32907bcdbcb5af0,https://it.nc.gov/documents/files/gicc-meeting-minutes-05122010/download?attachment,pdf,n/a,6/14/10 9:06,6/14/10 9:06,16,4,n/a,No,n/a
68615a889ff1ad15158e1205,https://it.nc.gov/documents/files/gicc-meeting-minutes-05122010/open,pdf,n/a,6/14/10 9:06,6/14/10 9:06,16,4,n/a,No,n/a
685f8783c32907bcdbcb5450,https://it.nc.gov/documents/files/2007gicc-datashare-2pgsum/download?attachment,pdf,n/a,7/15/10 15:02,7/15/10 15:02,2,2,n/a,Yes,n/a
686105006b18002de4d6fcf4,https://it.nc.gov/documents/files/contract-its-002441-short-term-staffing-contract/open,pdf,n/a,6/4/10 10:32,7/16/10 8:37,56,2,2,Yes,n/a
685f879ac32907bcdbcb5455,https://it.nc.gov/documents/files/gicc-requestopinion-surveyors/download?attachment,pdf,n/a,8/4/10 13:49,8/4/10 13:49,3,3,n/a,Yes,n/a
685f8794c32907bcdbcb5454,https://it.nc.gov/documents/files/background-summary-advisory-opinion/download?attachment,pdf,n/a,8/6/10 15:23,8/6/10 15:23,2,3,n/a,Yes,n/a
685fafe9c32907bcdbcb5af1,https://it.nc.gov/documents/files/gicc-meeting-minutes-08112010/download?attachment,pdf,n/a,9/24/10 11:14,9/24/10 11:14,15,5,n/a,Yes,n/a
68616a1b9ff1ad15158e12ea,https://it.nc.gov/documents/files/gicc-meeting-minutes-08112010/open,pdf,n/a,9/24/10 11:14,9/24/10 11:14,15,5,n/a,Yes,n/a
685f880dc32907bcdbcb546c,https://it.nc.gov/documents/files/business-plan-orthoimagery-north-carolina/download?attachment,pdf,n/a,11/5/10 12:08,11/5/10 12:08,70,4,n/a,No,n/a
685faf49c32907bcdbcb5ad4,https://it.nc.gov/documents/files/orthoimagerybusinessplan-nc-20101029/download?attachment,pdf,n/a,11/5/10 12:08,11/5/10 12:08,70,4,n/a,No,n/a
686155019ff1ad15158e11a8,https://it.nc.gov/documents/files/information-security-frequently-asked-questions/open,pdf,n/a,3/7/11 16:34,3/7/11 16:34,2,4,n/a,Yes,n/a
686b14817401ef7bb82d672f,https://it.nc.gov/documents/files/tms-vault-request-form/download?attachment,pdf,n/a,5/19/03 10:53,3/17/11 9:56,1,3,n/a,No,n/a
6861496b9ff1ad15158e106b,https://it.nc.gov/documents/files/tms-vault-request-form/open,pdf,n/a,5/19/03 10:53,3/17/11 9:56,1,3,n/a,No,n/a
6860d78d6b18002de4d6f7a1,https://it.nc.gov/documents/files/pre-risk-assessment-form/open,pdf,n/a,3/23/11 13:53,3/23/11 13:53,4,4,n/a,Yes,n/a
686168919ff1ad15158e12cb,https://it.nc.gov/documents/files/risk-assessment-questionnaire/open,pdf,n/a,3/23/11 15:53,3/23/11 15:53,23,5,n/a,Yes,n/a
686168969ff1ad15158e12cc,https://it.nc.gov/documents/files/risk-management-guide/open,pdf,n/a,3/23/11 16:01,3/23/11 16:01,18,5,n/a,Yes,n/a
686156389ff1ad15158e11bc,https://it.nc.gov/documents/files/mimosa-email-archive-quick-start-guide-v-422/open,pdf,n/a,4/6/11 13:25,4/6/11 13:25,7,4,n/a,Yes,n/a
686b177b7401ef7bb82d681b,https://it.nc.gov/documents/files/ncid-agency-process-steps/download?attachment,pdf,n/a,4/28/11 11:49,4/28/11 11:49,6,4,n/a,Yes,n/a
6861002f6b18002de4d6fca4,https://it.nc.gov/documents/files/ncid-agency-process-steps/open,pdf,n/a,4/28/11 11:49,4/28/11 11:49,6,4,n/a,Yes,n/a
686b17e87401ef7bb82d6824,https://it.nc.gov/documents/files/ncid-proxy-authentication/download,pdf,n/a,4/28/11 12:07,4/28/11 12:07,1,2,n/a,Yes,n/a
686b17ef7401ef7bb82d6826,https://it.nc.gov/documents/files/web-service-call/download,pdf,n/a,4/28/11 12:43,4/28/11 12:43,1,2,n/a,Yes,n/a
686b175e7401ef7bb82d6812,https://it.nc.gov/documents/ncid-glossary-terms/download?attachment,pdf,n/a,4/28/11 13:19,4/28/11 13:19,2,4,n/a,Yes,n/a
6860fefb6b18002de4d6fc8d,https://it.nc.gov/documents/ncid-glossary-terms/open,pdf,n/a,4/28/11 13:19,4/28/11 13:19,2,4,n/a,Yes,n/a
686b17e67401ef7bb82d6823,https://it.nc.gov/documents/files/ncid-supported-ldap-directories-directory-sync-based-integrations/download?attachment,pdf,n/a,4/28/11 13:28,4/28/11 13:28,1,3,n/a,Yes,n/a
68613d779ff1ad15158e0f8a,https://it.nc.gov/documents/files/ncid-supported-ldap-directories-directory-sync-based-integrations/open,pdf,n/a,4/28/11 13:28,4/28/11 13:28,1,3,n/a,Yes,n/a
686b17ea7401ef7bb82d6825,https://it.nc.gov/documents/files/directory-synchronization-integration/download,pdf,n/a,5/12/11 11:04,5/12/11 11:04,1,3,n/a,Yes,n/a
685fafcec32907bcdbcb5aec,https://it.nc.gov/documents/files/gicc-meeting-minutes-05112011/download?attachment,pdf,n/a,6/24/11 15:43,6/24/11 15:43,19,5,n/a,Yes,n/a
68615a7e9ff1ad15158e1204,https://it.nc.gov/documents/files/gicc-meeting-minutes-05112011/open,pdf,n/a,6/24/11 15:43,6/24/11 15:43,19,5,n/a,Yes,n/a
68607a682e8395997daa31ce,https://it.nc.gov/documents/files/understanding-your-bill/open,pdf,n/a,6/27/11 15:50,6/27/11 15:50,18,3,n/a,No,n/a
685faf58c32907bcdbcb5ad6,https://it.nc.gov/documents/files/using-color-infrared-imagery-20110810/download?attachment,pdf,n/a,8/11/11 14:45,8/11/11 14:45,22,6,3,Yes,n/a
685fbafac32907bcdbcb5c77,https://it.nc.gov/documents/files/history-it-governance-north-carolina/open,pdf,n/a,9/7/11 10:51,9/7/11 10:51,9,3,n/a,No,n/a
685fafd4c32907bcdbcb5aed,https://it.nc.gov/documents/files/gicc-meeting-minutes-08102011/download?attachment,pdf,n/a,9/26/11 15:18,9/26/11 15:18,16,5,1,Yes,n/a
68616a159ff1ad15158e12e9,https://it.nc.gov/documents/files/gicc-meeting-minutes-08102011/open,pdf,n/a,9/26/11 15:18,9/26/11 15:18,16,5,1,Yes,n/a
6860f83c6b18002de4d6fc1f,https://it.nc.gov/documents/files/cybersecurity-bookmarks/open,pdf,n/a,7/27/11 6:54,9/28/11 15:26,5,3,n/a,No,n/a
686b157d7401ef7bb82d6787,https://it.nc.gov/documents/files/kids-bookmarks/download?attachment,pdf,n/a,7/27/11 7:01,9/28/11 15:28,3,3,n/a,No,n/a
685fb172c32907bcdbcb5b29,https://it.nc.gov/documents/files/kids-bookmarks/open,pdf,n/a,7/27/11 7:01,9/28/11 15:28,3,3,n/a,No,n/a
685fb22dc32907bcdbcb5b36,https://it.nc.gov/documents/files/stc-bookmark/open,pdf,n/a,5/10/11 12:07,9/28/11 15:29,1,2,n/a,Yes,n/a
686154db9ff1ad15158e11a4,https://it.nc.gov/documents/files/net-cetera-chatting-kids-about-being-online/open,pdf,n/a,9/28/10 10:00,9/28/11 15:30,56,4,n/a,No,n/a
686171d59ff1ad15158e1341,https://it.nc.gov/documents/files/security-standards-information-technology/open,pdf,n/a,10/7/11 14:40,10/7/11 14:40,7,3,n/a,No,n/a
685fafd9c32907bcdbcb5aee,https://it.nc.gov/documents/files/gicc-meeting-minutes-11092011/download?attachment,pdf,n/a,12/6/11 11:37,12/6/11 11:37,20,5,n/a,Yes,n/a
68616a409ff1ad15158e12ee,https://it.nc.gov/documents/files/gicc-meeting-minutes-11092011/open,pdf,n/a,12/6/11 11:37,12/6/11 11:37,20,5,n/a,Yes,n/a
686b16627401ef7bb82d67b1,https://it.nc.gov/documents/files/geomapp-key-findings-and-best-practices/download?attachment,pdf,n/a,1/3/12 13:46,1/3/12 13:46,6,3,n/a,Yes,n/a
685fcd9dc32907bcdbcb60e9,https://it.nc.gov/documents/files/geomapp-key-findings-and-best-practices/open,pdf,n/a,1/3/12 13:46,1/3/12 13:46,6,3,n/a,Yes,n/a
685fafa7c32907bcdbcb5ae6,https://it.nc.gov/documents/files/gicc-meeting-minutes-02082012/download?attachment,pdf,n/a,2/24/12 17:18,2/24/12 17:18,19,5,n/a,Yes,n/a
68615a2a9ff1ad15158e11f9,https://it.nc.gov/documents/files/gicc-meeting-minutes-02082012/open,pdf,n/a,2/24/12 17:18,2/24/12 17:18,19,5,n/a,Yes,n/a
686b15817401ef7bb82d6788,https://it.nc.gov/documents/files/voice-mail-quick-reference-guide/download?attachment,pdf,n/a,10/14/10 9:48,4/16/12 12:49,2,6,n/a,Yes,n/a
6861689d9ff1ad15158e12cd,https://it.nc.gov/documents/files/voice-mail-quick-reference-guide/open,pdf,n/a,10/14/10 9:48,4/16/12 12:49,2,6,n/a,Yes,n/a
686168ad9ff1ad15158e12ce,https://it.nc.gov/documents/files/voice-mail-shortcuts/open,pdf,n/a,11/1/10 9:37,4/16/12 12:49,2,3,n/a,No,n/a
686168b39ff1ad15158e12cf,https://it.nc.gov/documents/files/voice-mail-system-overview/open,pdf,n/a,4/19/12 10:43,4/19/12 10:43,1,2,n/a,No,n/a
686155099ff1ad15158e11a9,https://it.nc.gov/documents/files/voice-mail-faqs/open,pdf,n/a,4/19/12 10:48,4/19/12 10:48,2,3,n/a,No,n/a
686155f89ff1ad15158e11b3,https://it.nc.gov/documents/files/avaya-telephone-messaging-and-user-preferences/open,pdf,n/a,2/22/11 12:21,4/23/12 17:17,21,3,1,Yes,n/a
686b165f7401ef7bb82d67b0,https://it.nc.gov/geographic-data-content-standard-water-distribution-and-sanitary-sewer-systems/download?attachment,pdf,n/a,5/15/12 8:08,5/15/12 8:08,65,4,n/a,Yes,n/a
685fafc3c32907bcdbcb5aea,https://it.nc.gov/documents/files/gicc-meeting-special-meeting-minutes-05302012/download?attachment,pdf,n/a,6/21/12 15:37,6/21/12 15:37,4,4,n/a,Yes,n/a
686178c59ff1ad15158e138d,https://it.nc.gov/documents/files/gicc-meeting-special-meeting-minutes-05302012/open,pdf,n/a,6/21/12 15:37,6/21/12 15:37,4,4,n/a,Yes,n/a
685f8651c32907bcdbcb5426,https://it.nc.gov/documents/files/gicc-bylaws-2012-08-08/download?attachment,pdf,n/a,8/14/12 9:24,8/14/12 9:24,11,3,n/a,Yes,n/a
685fafaec32907bcdbcb5ae7,https://it.nc.gov/documents/files/gicc-meeting-minutes-08082012/download?attachment,pdf,n/a,8/27/12 16:34,8/28/12 10:38,16,3,1,Yes,n/a
68616a049ff1ad15158e12e7,https://it.nc.gov/documents/files/gicc-meeting-minutes-08082012/open,pdf,n/a,8/27/12 16:34,8/28/12 10:38,16,3,1,Yes,n/a
685fafb6c32907bcdbcb5ae8,https://it.nc.gov/documents/files/gicc-meeting-minutes-11152012/download?attachment,pdf,n/a,12/7/12 13:29,12/10/12 13:45,14,4,n/a,Yes,n/a
68616aeb9ff1ad15158e12f1,https://it.nc.gov/documents/files/gicc-meeting-minutes-11152012/open,pdf,n/a,12/7/12 13:29,12/10/12 13:45,14,4,n/a,Yes,n/a
686b16817401ef7bb82d67ba,https://it.nc.gov/documents/files/north-carolina-technical-specification-lidar-base-mapping/download?attachment,pdf,n/a,1/31/13 15:57,2/25/13 14:03,74,3,n/a,No,n/a
686107dc6b18002de4d6fd11,https://it.nc.gov/documents/files/north-carolina-technical-specification-lidar-base-mapping/open,pdf,n/a,1/31/13 15:57,2/25/13 14:03,74,3,n/a,No,n/a
685faf4fc32907bcdbcb5ad5,https://it.nc.gov/documents/files/nc-orthoimagery-filenaming-20100317/download?attachment,pdf,n/a,3/31/10 9:14,5/6/13 11:23,23,3,3,Yes,n/a
685f8885c32907bcdbcb55cb,https://it.nc.gov/recommended-file-naming-standard-nc-orthoimagery/download?attachment,pdf,n/a,3/31/10 9:14,5/6/13 11:23,23,3,3,Yes,n/a
6860e5106b18002de4d6f977,https://it.nc.gov/gicc-agenda-2013-05-08/open,pdf,n/a,5/6/13 16:47,5/6/13 16:52,1,4,n/a,Yes,n/a
685faeb6c32907bcdbcb5abb,https://it.nc.gov/documents/files/lgc-factsheet-2013-05-13/download?attachment,pdf,n/a,5/13/13 10:27,5/13/13 10:27,8,3,n/a,Yes,n/a
6860e5196b18002de4d6f979,https://it.nc.gov/gicc-minutes-2013-05-08/open,pdf,n/a,5/16/13 11:01,5/16/13 11:45,12,5,n/a,Yes,n/a
685fad66c32907bcdbcb5a8d,https://it.nc.gov/documents/files/nconemap-records-retention-schedule-2012-03-02/download,pdf,n/a,4/18/12 8:18,5/16/13 15:23,9,3,n/a,Yes,n/a
685f877dc32907bcdbcb544f,https://it.nc.gov/documents/files/nconemap-recordsretentionschedule-20120302/download?attachment,pdf,n/a,4/18/12 8:18,5/16/13 15:23,9,3,n/a,Yes,n/a
685f8815c32907bcdbcb546f,https://it.nc.gov/documents/files/federal-land-ownership-report/download?attachment,pdf,n/a,6/4/13 15:06,6/4/13 15:06,16,5,5,Yes,n/a
685fcd98c32907bcdbcb60e8,https://it.nc.gov/documents/files/federal-land-ownership-report/open,pdf,n/a,6/4/13 15:06,6/4/13 15:06,16,5,5,Yes,n/a
687cc2d92bf8807ad05536e5,https://it.nc.gov/gicc-agenda-2013-08-14/open,pdf,n/a,7/29/13 15:45,7/29/13 15:57,1,4,n/a,Yes,n/a
687cc2d92bf8807ad05536e4,https://it.nc.gov/gicc-minutes-2013-08-14/open,pdf,n/a,8/27/13 11:42,8/27/13 16:41,12,5,n/a,Yes,n/a
685f87e4c32907bcdbcb5463,https://it.nc.gov/documents/files/wg-census-charter-2013-08-19/download,pdf,n/a,10/14/13 10:36,10/14/13 10:36,4,3,n/a,Yes,n/a
685f874bc32907bcdbcb5446,https://it.nc.gov/documents/files/wg-census-charter-2013-08-19/open,pdf,n/a,10/14/13 10:36,10/14/13 10:36,4,3,n/a,Yes,n/a
6860e4996b18002de4d6f96c,https://it.nc.gov/gicc-agenda-2013-11-13/open,pdf,n/a,11/1/13 11:33,11/1/13 11:33,2,4,n/a,Yes,n/a
686b17777401ef7bb82d681a,https://it.nc.gov/documents/files/nc-identity-management-ncid/download?attachment,pdf,n/a,11/12/13 15:17,11/12/13 15:17,4,5,n/a,Yes,n/a
6860e4aa6b18002de4d6f96e,https://it.nc.gov/gicc-minutes-2013-11-13/open,pdf,n/a,12/6/13 15:40,12/6/13 15:40,10,4,n/a,Yes,n/a
686129c66b18002de4d6ff6b,https://it.nc.gov/documents/files/article-3d/open,pdf,n/a,1/16/14 11:35,1/16/14 11:35,20,3,n/a,Yes,n/a
686b17487401ef7bb82d67fd,https://it.nc.gov/documents/files/ncid-samlv2-authentication/download,pdf,n/a,2/10/14 11:03,2/10/14 11:03,1,3,n/a,No,n/a
686148819ff1ad15158e105d,https://it.nc.gov/documents/files/unmanned-aircraft-systems-uas/open,pdf,n/a,3/4/14 15:50,3/4/14 15:50,25,4,n/a,Yes,n/a
685fd645c32907bcdbcb61d0,https://it.nc.gov/documents/files/enterprise-grants-management/open,pdf,n/a,3/5/14 11:49,3/5/14 11:49,3,3,n/a,No,n/a
685fb99cc32907bcdbcb5c58,https://it.nc.gov/documents/files/desktop-remediation-progress/open,pdf,n/a,3/5/14 11:50,3/5/14 11:50,4,3,n/a,No,n/a
68612fec9ff1ad15158e0950,https://it.nc.gov/gicc-agenda-2014-03-13/open,pdf,n/a,3/6/14 13:31,3/6/14 13:31,2,4,n/a,Yes,n/a
6861488a9ff1ad15158e105e,https://it.nc.gov/documents/files/unmanned-aircraft-use-north-carolina/open,pdf,n/a,3/1/14 10:28,3/6/14 15:02,28,4,n/a,No,n/a
68612a066b18002de4d6ff70,https://it.nc.gov/documents/files/its-and-state-cio-responsibilities/open,pdf,n/a,3/17/14 11:04,3/17/14 11:04,30,5,n/a,Yes,n/a
685fb831c32907bcdbcb5c24,https://it.nc.gov/documents/cabinet-unite-strategy/open,pdf,n/a,4/11/14 9:24,4/11/14 9:51,32,5,n/a,No,n/a
686120f86b18002de4d6fe83,https://it.nc.gov/documents/files/joint-legislative-oversight-committee-information-technology/open,pdf,n/a,4/16/14 14:33,4/16/14 14:34,31,3,n/a,Yes,n/a
68612ff29ff1ad15158e0951,https://it.nc.gov/gicc-minutes-2014-03-13/open,pdf,n/a,4/17/14 16:33,4/17/14 16:33,12,4,n/a,Yes,n/a
68612fdb9ff1ad15158e094a,https://it.nc.gov/gicc-agenda-2014-05-15/open,pdf,n/a,5/12/14 18:03,5/12/14 18:03,2,4,n/a,Yes,n/a
68612fdf9ff1ad15158e094b,https://it.nc.gov/gicc-minutes-2014-05-15/open,pdf,n/a,5/28/14 8:46,5/28/14 8:46,11,4,1,Yes,n/a
686b16907401ef7bb82d67bf,https://it.nc.gov/documents/files/statewide-global-navigation-satellite-system-gnss-data-collection-and-documentation/download?attachment,pdf,n/a,6/3/14 14:27,6/3/14 14:27,68,5,n/a,Yes,n/a
686120a06b18002de4d6fe7b,https://it.nc.gov/documents/files/statewide-global-navigation-satellite-system-gnss-data-collection-and-documentation/open,pdf,n/a,6/3/14 14:27,6/3/14 14:27,68,5,36,Yes,n/a
685faeacc32907bcdbcb5ab8,https://it.nc.gov/documents/files/exploringstatewidedatasets-vol1-no1/download?attachment,pdf,n/a,2/19/14 14:18,6/24/14 16:13,2,4,n/a,Yes,n/a
685f8812c32907bcdbcb546e,https://it.nc.gov/documents/files/north-carolina-integrated-cadastral-data-exchange-report/download?attachment,pdf,n/a,7/23/14 11:29,7/23/14 11:29,150,3,5,Yes,n/a
686120536b18002de4d6fe77,https://it.nc.gov/documents/files/north-carolina-integrated-cadastral-data-exchange-report/open,pdf,n/a,7/23/14 11:29,7/23/14 11:29,150,3,5,Yes,n/a
68612fca9ff1ad15158e0943,https://it.nc.gov/gicc-agenda-2014-08-13/open,pdf,n/a,7/30/14 10:47,7/30/14 10:47,1,3,n/a,Yes,n/a
6861614e9ff1ad15158e1271,https://it.nc.gov/documents/files/ncta-presentation-august-2014/open,pdf,n/a,8/26/14 15:37,8/26/14 15:37,13,2,n/a,Yes,n/a
686121746b18002de4d6fe94,https://it.nc.gov/documents/files/restructure-nc-it/open,pdf,n/a,8/26/14 15:37,8/26/14 15:37,13,2,n/a,Yes,n/a
685fb958c32907bcdbcb5c4d,https://it.nc.gov/documents/files/advancing-state-government-modernizing-it/open,pdf,n/a,9/9/14 13:15,9/9/14 13:15,18,2,n/a,Yes,n/a
68612fcc9ff1ad15158e0944,https://it.nc.gov/gicc-minutes-2014-08-13/open,pdf,n/a,9/11/14 10:21,9/11/14 10:21,12,4,n/a,Yes,n/a
68610ae36b18002de4d6fd48,https://it.nc.gov/documents/files/grants-management-report-september-2014/open,pdf,n/a,9/25/14 13:28,9/25/14 16:36,1,5,n/a,No,n/a
685faeb1c32907bcdbcb5aba,https://it.nc.gov/documents/files/exploringstatewidedatasets-vol1-no2/download?attachment,pdf,n/a,9/30/14 9:30,9/30/14 9:30,2,4,n/a,Yes,n/a
68610a056b18002de4d6fd36,https://it.nc.gov/documents/files/gdac-legislative-report-july-2014/open,pdf,n/a,9/29/14 17:18,10/1/14 14:24,16,6,n/a,Yes,n/a
686168ec9ff1ad15158e12d5,https://it.nc.gov/documents/files/north-carolina-longitudinal-data-system-board/open,pdf,n/a,10/24/14 9:19,10/24/14 11:04,4,3,n/a,Yes,n/a
686157359ff1ad15158e11ce,https://it.nc.gov/documents/files/north-carolina-longitudinal-data-system-report-october-2014/open,pdf,n/a,10/24/14 9:10,10/24/14 11:04,1,5,n/a,No,n/a
68612fb89ff1ad15158e093c,https://it.nc.gov/gicc-agenda-2014-11-20/open,pdf,n/a,11/4/14 14:59,11/4/14 14:59,1,3,n/a,No,n/a
686b16527401ef7bb82d67ab,https://it.nc.gov/documents/files/irs-disclosure-awareness-acknowledgement-statement-third-party-providers/download?attachment,pdf,n/a,11/18/14 11:24,11/18/14 11:24,1,3,n/a,Yes,n/a
685fda1dc32907bcdbcb6232,https://it.nc.gov/documents/files/irs-disclosure-awareness-acknowledgement-statement-third-party-providers/open,pdf,n/a,11/18/14 11:24,11/18/14 11:24,1,3,n/a,Yes,n/a
686b16867401ef7bb82d67bb,https://it.nc.gov/documents/files/north-carolina-technical-specifications-digital-orthophoto-base-mapping/download?attachment,pdf,n/a,12/11/14 15:19,12/11/14 15:19,69,2,1,Yes,n/a
686107e66b18002de4d6fd12,https://it.nc.gov/documents/files/north-carolina-technical-specifications-digital-orthophoto-base-mapping/open,pdf,n/a,12/11/14 15:19,12/11/14 15:19,69,2,1,Yes,n/a
687cb1382bf8807ad055365a,https://it.nc.gov/documents/files/gicc-annual-report-2014/open,pdf,n/a,12/12/14 17:08,12/12/14 17:08,38,6,1,No,n/a
68613e819ff1ad15158e0fa6,https://it.nc.gov/documents/files/enterprise-resource-planning-erp/open,pdf,n/a,12/18/14 6:46,12/18/14 8:51,2,4,n/a,Yes,n/a
6861218a6b18002de4d6fe95,https://it.nc.gov/documents/files/restructuring-information-technology-executive-summary/open,pdf,n/a,12/17/14 14:44,12/18/14 10:43,2,4,n/a,Yes,n/a
6861487d9ff1ad15158e105c,https://it.nc.gov/documents/files/statewide-it-restructuring-plan/open,pdf,n/a,12/18/14 15:20,12/18/14 15:20,117,7,7,Yes,n/a
68612fbd9ff1ad15158e093e,https://it.nc.gov/gicc-minutes-2014-11-20/open,pdf,n/a,12/18/14 17:22,12/18/14 17:22,11,4,n/a,No,n/a
687ca9532bf8807ad0553631,https://it.nc.gov/documents/files/erp-implementation-plan-budget-estimate/open,pdf,n/a,12/17/14 11:05,12/22/14 8:52,118,7,n/a,Yes,n/a
686109f16b18002de4d6fd34,https://it.nc.gov/documents/files/gdac-legislative-report-december-2014/open,pdf,n/a,12/29/14 15:47,12/29/14 15:47,19,7,n/a,Yes,n/a
687c99a42bf8807ad0553532,https://it.nc.gov/documents/files/duplicate-it-project-report-december-2014/open,pdf,n/a,1/26/15 8:53,1/26/15 9:28,14,7,n/a,Yes,n/a
68612fab9ff1ad15158e0938,https://it.nc.gov/gicc-agenda-2015-02-11/open,pdf,n/a,1/28/15 17:51,1/28/15 17:51,1,3,n/a,Yes,n/a
687ca93c2bf8807ad055362f,https://it.nc.gov/documents/files/electronic-forms-report-december-2014/open,pdf,n/a,1/29/15 16:33,1/29/15 16:33,14,7,n/a,Yes,n/a
6861572a9ff1ad15158e11cd,https://it.nc.gov/documents/files/north-carolina-longitudinal-data-system-report-january-2015/open,pdf,n/a,1/30/15 14:59,2/2/15 9:13,4,6,n/a,No,n/a
686b164e7401ef7bb82d67a9,https://it.nc.gov/documents/files/securing-multifunctional-devices-mfds/download?attachment,pdf,n/a,2/11/15 14:43,2/11/15 14:43,4,6,n/a,No,n/a
686b1bfc7401ef7bb82d6923,https://it.nc.gov/documents/files/securing-multifunctional-devices-mfds/open,pdf,n/a,2/11/15 14:43,2/11/15 14:43,4,6,n/a,No,n/a
686121506b18002de4d6fe89,https://it.nc.gov/documents/files/nc-connect/open,pdf,n/a,2/19/15 13:12,2/19/15 13:33,8,5,n/a,Yes,n/a
686b16c17401ef7bb82d67d2,https://it.nc.gov/documents/files/project-decision-memo/download?attachment,pdf,n/a,2/25/15 9:00,2/25/15 9:00,2,5,n/a,Yes,n/a
687291c088bfb90a859c07be,https://it.nc.gov/documents/files/project-decision-memo/open,pdf,n/a,2/25/15 9:00,2/25/15 9:00,2,5,n/a,Yes,n/a
6860bded6b18002de4d6f49a,https://it.nc.gov/documents/files/project-design-memo-form/open,pdf,n/a,2/25/15 9:01,2/25/15 9:01,2,2,n/a,Yes,n/a
68612fae9ff1ad15158e0939,https://it.nc.gov/gicc-minutes-2015-02-11/open,pdf,n/a,3/10/15 13:42,3/10/15 13:42,10,3,n/a,Yes,n/a
68607a8a2e8395997daa31e1,https://it.nc.gov/documents/files/agency-contact-responsibilities/download,pdf,n/a,11/6/14 11:24,3/11/15 13:40,5,2,n/a,Yes,n/a
685fae0cc32907bcdbcb5aaa,https://it.nc.gov/documents/files/tac-workplan-2014-15/download?attachment,pdf,n/a,3/12/15 10:01,3/12/15 10:01,4,4,n/a,Yes,n/a
685f882fc32907bcdbcb5475,https://it.nc.gov/documents/files/landuse-landcover-standard-1994/download?attachment,pdf,n/a,3/18/15 9:17,3/18/15 9:17,65,6,n/a,No,n/a
685fd63fc32907bcdbcb61ce,https://it.nc.gov/documents/files/enhance-state-it-contract-expertise/open,pdf,n/a,3/23/15 8:52,3/23/15 9:05,7,5,n/a,Yes,n/a
686120ed6b18002de4d6fe81,https://it.nc.gov/documents/files/grants-management-steering-committee-report-march-2015/open,pdf,n/a,3/25/15 13:16,3/25/15 14:08,1,5,n/a,No,n/a
686b17017401ef7bb82d67ea,https://it.nc.gov/documents/files/project-weekly-status-report-example/download?attachment,pdf,n/a,3/31/15 14:13,3/31/15 14:13,2,3,n/a,Yes,n/a
686109476b18002de4d6fd28,https://it.nc.gov/documents/files/project-weekly-status-report-example/open,pdf,n/a,3/31/15 14:13,3/31/15 14:13,2,3,n/a,Yes,n/a
68612f939ff1ad15158e0930,https://it.nc.gov/gicc-agenda-2015-05-13/open,pdf,n/a,4/30/15 12:43,4/30/15 12:43,1,3,n/a,Yes,n/a
686b168a7401ef7bb82d67bc,https://it.nc.gov/documents/files/oblique-imagery-guidance/download?attachment,pdf,n/a,5/11/15 9:28,5/11/15 9:28,9,5,1,No,n/a
686120736b18002de4d6fe78,https://it.nc.gov/documents/files/oblique-imagery-guidance/open,pdf,n/a,5/11/15 9:28,5/11/15 9:28,9,5,1,No,n/a
686155fe9ff1ad15158e11b4,https://it.nc.gov/documents/files/chapter-7-statewide-information-security-manual/open,pdf,n/a,2/11/15 12:18,5/20/15 8:29,6,5,1,Yes,n/a
685f70aec32907bcdbcb5166,https://it.nc.gov/use-fund-appeal-process/download,pdf,n/a,5/26/15 12:07,5/26/15 12:07,1,2,n/a,No,n/a
687c6ecb2bf8807ad05532f9,https://it.nc.gov/use-fund-appeal-process/download?attachment,pdf,n/a,5/26/15 12:07,5/26/15 12:07,1,2,n/a,No,n/a
685fb3bfc32907bcdbcb5b91,https://it.nc.gov/documents/files/gdac-legislative-report-q2-2014-15/open,pdf,n/a,5/29/15 14:25,6/3/15 10:04,14,7,n/a,Yes,n/a
6861215c6b18002de4d6fe8a,https://it.nc.gov/documents/files/nc-government-data-analytics-center-report/open,pdf,n/a,5/29/15 14:25,6/3/15 10:04,14,7,n/a,Yes,n/a
686109a26b18002de4d6fd2f,https://it.nc.gov/documents/files/touchdown-installation-guide/open,pdf,n/a,6/3/15 14:27,6/3/15 14:27,5,4,n/a,Yes,n/a
68612f959ff1ad15158e0931,https://it.nc.gov/gicc-minutes-2015-05-13/open,pdf,n/a,6/8/15 17:32,6/8/15 17:32,9,4,n/a,No,n/a
685fafc8c32907bcdbcb5aeb,https://it.nc.gov/documents/files/gicc-meeting-minutes-02092011/download?attachment,pdf,n/a,7/6/15 9:47,7/6/15 9:47,18,4,1,No,n/a
68615a369ff1ad15158e11fb,https://it.nc.gov/documents/files/gicc-meeting-minutes-02092011/open,pdf,n/a,7/6/15 9:47,7/6/15 9:47,18,4,1,No,n/a
687cb24a2bf8807ad055366d,https://it.nc.gov/documents/files/broadband-adoption-north-carolina/open,pdf,n/a,7/17/15 15:36,7/27/15 9:11,2,5,n/a,Yes,n/a
686121116b18002de4d6fe85,https://it.nc.gov/documents/files/longitudinal-data-system-board-report-july-2015/open,pdf,n/a,7/28/15 13:25,7/28/15 13:25,1,5,n/a,No,n/a
68612f829ff1ad15158e092a,https://it.nc.gov/gicc-agenda-2015-08-13/open,pdf,n/a,7/30/15 16:11,7/30/15 16:11,1,3,n/a,Yes,n/a
685faf33c32907bcdbcb5ad0,https://it.nc.gov/documents/files/metadata-committee-charter-2015-07-15/download?attachment,pdf,n/a,8/21/15 9:05,8/21/15 9:05,3,3,n/a,No,n/a
68612f859ff1ad15158e092c,https://it.nc.gov/gicc-minutes-2015-08-13/open,pdf,n/a,9/10/15 14:37,9/10/15 14:37,9,4,2,Yes,n/a
686b170e7401ef7bb82d67ed,https://it.nc.gov/documents/files/quality-control-decision-points/download?attachment,pdf,n/a,9/22/15 11:00,9/22/15 11:00,2,3,n/a,Yes,n/a
686109816b18002de4d6fd2c,https://it.nc.gov/documents/files/quality-control-decision-points/open,pdf,n/a,9/22/15 11:00,9/22/15 11:00,2,3,n/a,Yes,n/a
686b1a747401ef7bb82d68b9,https://it.nc.gov/documents/files/final-q-addendum-its-009440/open,pdf,n/a,9/28/15 13:27,9/28/15 13:27,18,3,n/a,Yes,n/a
686121456b18002de4d6fe88,https://it.nc.gov/documents/files/longitudinal-data-system-board-report-november-2015/open,pdf,n/a,11/5/15 12:00,11/5/15 16:42,1,5,n/a,No,n/a
68612f789ff1ad15158e0927,https://it.nc.gov/gicc-agenda-2015-11-19/open,pdf,n/a,11/6/15 10:40,11/6/15 10:40,2,4,n/a,Yes,n/a
685fae04c32907bcdbcb5aa9,https://it.nc.gov/documents/files/tac-workplan-2015-16/download?attachment,pdf,n/a,11/17/15 9:36,11/17/15 9:36,3,4,n/a,Yes,n/a
686b165d7401ef7bb82d67ae,https://it.nc.gov/documents/files/assessing-cloud-based-solutions-geospatial-data-and-mapping/download?attachment,pdf,n/a,11/17/15 15:25,11/17/15 15:25,5,5,1,Yes,n/a
685fcd6bc32907bcdbcb60e6,https://it.nc.gov/documents/files/assessing-cloud-based-solutions-geospatial-data-and-mapping/open,pdf,n/a,11/17/15 15:25,11/17/15 15:25,5,5,1,Yes,n/a
685faefdc32907bcdbcb5ac6,https://it.nc.gov/documents/files/sguc-workplan-2015-2016/download?attachment,pdf,n/a,11/20/15 11:27,11/20/15 11:27,4,4,n/a,Yes,n/a
68612f7b9ff1ad15158e0928,https://it.nc.gov/gicc-minutes-2015-11-19/open,pdf,n/a,12/10/15 16:53,12/10/15 16:53,9,3,n/a,Yes,n/a
686134809ff1ad15158e0eb7,https://it.nc.gov/mo-agenda-2016-01-14/open,pdf,n/a,1/7/16 11:50,1/7/16 11:50,2,4,n/a,Yes,n/a
68612f619ff1ad15158e091f,https://it.nc.gov/smac-agenda-01-13-16/open,pdf,n/a,1/7/16 13:30,1/7/16 13:30,2,3,n/a,Yes,n/a
685f8804c32907bcdbcb546b,https://it.nc.gov/documents/files/gicc-annual-report-2015/download?attachment,pdf,n/a,1/19/16 13:15,1/19/16 13:15,12,6,1,Yes,n/a
68610a766b18002de4d6fd3d,https://it.nc.gov/documents/files/gicc-annual-report-2015/open,pdf,n/a,1/19/16 13:15,1/19/16 13:15,12,6,1,Yes,n/a
686119b16b18002de4d6fdff,https://it.nc.gov/documents/911-board-meeting-minutes-jan-8-2016/open,pdf,n/a,1/27/16 21:33,1/27/16 21:33,2,3,n/a,No,n/a
68613ee49ff1ad15158e0faf,https://it.nc.gov/documents/files/multi-factor-authentication-report-december-2015/open,pdf,n/a,1/27/16 21:03,2/1/16 8:47,13,6,n/a,Yes,n/a
686134799ff1ad15158e0eb6,https://it.nc.gov/sguc-executives-agenda-2016-02-02/open,pdf,n/a,2/1/16 11:13,2/1/16 11:13,1,3,n/a,Yes,n/a
685fb844c32907bcdbcb5c27,https://it.nc.gov/documents/files/cjleads-federal-criminal-information-progress-report-february-2016/open,pdf,n/a,2/5/16 8:59,2/5/16 9:21,3,3,n/a,Yes,n/a
686134849ff1ad15158e0eb8,https://it.nc.gov/mo-minutes-2016-01-14/open,pdf,n/a,2/5/16 17:23,2/5/16 17:23,5,3,n/a,Yes,n/a
6861348e9ff1ad15158e0eb9,https://it.nc.gov/nc-onemap-governance-minutes-2016-01-14/open,pdf,n/a,2/5/16 17:24,2/5/16 17:24,3,3,n/a,Yes,n/a
686134529ff1ad15158e0eaf,https://it.nc.gov/gicc-agenda-2016-02-11/open,pdf,n/a,2/9/16 10:42,2/9/16 10:42,1,3,n/a,Yes,n/a
68612f649ff1ad15158e0920,https://it.nc.gov/smac-minutes-2016-01-13/open,pdf,n/a,2/9/16 13:55,2/9/16 13:55,10,3,n/a,Yes,n/a
68607a912e8395997daa31e4,https://it.nc.gov/documents/files/it-project-management-process-report/open,pdf,n/a,2/12/16 7:09,2/18/16 8:55,2,4,2,Yes,n/a
686134499ff1ad15158e0e91,https://it.nc.gov/lgc-agenda-2016-02-24/open,pdf,n/a,2/19/16 14:50,2/19/16 14:50,2,5,n/a,Yes,n/a
686b1a6f7401ef7bb82d68b6,https://it.nc.gov/documents/files/ifb-its-009440/open,pdf,n/a,9/1/15 10:24,2/24/16 13:45,63,7,1,Yes,n/a
686134439ff1ad15158e0e90,https://it.nc.gov/agenda-sguc-general-meeting-2016-03-03/open,pdf,n/a,2/25/16 9:09,2/25/16 9:09,1,2,n/a,Yes,n/a
686134599ff1ad15158e0eb0,https://it.nc.gov/gicc-minutes-2016-02-11/open,pdf,n/a,3/9/16 17:27,3/9/16 17:27,11,4,n/a,Yes,n/a
686134389ff1ad15158e0e8e,https://it.nc.gov/mo-agenda-2016-03-14/open,pdf,n/a,3/10/16 12:29,3/10/16 12:29,1,4,n/a,Yes,n/a
6861344e9ff1ad15158e0ea9,https://it.nc.gov/lgc-minutes-2016-02-24/open,pdf,n/a,4/6/16 15:17,4/6/16 15:17,6,3,n/a,Yes,n/a
685faf2ec32907bcdbcb5acf,https://it.nc.gov/documents/files/2022-reference-frame-working-group-charter/download?attachment,pdf,n/a,4/6/16 15:51,4/6/16 15:51,2,2,n/a,Yes,n/a
686151e69ff1ad15158e116e,https://it.nc.gov/documents/files/2022-reference-frame-working-group-charter/open,pdf,n/a,4/6/16 15:51,4/6/16 15:51,2,2,n/a,Yes,n/a
686134009ff1ad15158e0a2c,https://it.nc.gov/smac-agenda-04-2016/open,pdf,n/a,4/6/16 15:54,4/6/16 15:54,2,3,n/a,Yes,n/a
6861343d9ff1ad15158e0e8f,https://it.nc.gov/mo-minutes-2016-03-14/open,pdf,n/a,4/7/16 16:50,4/7/16 16:50,5,3,n/a,Yes,n/a
6861341e9ff1ad15158e0a34,https://it.nc.gov/mo-agenda-2016-04-18/open,pdf,n/a,4/13/16 12:28,4/13/16 12:28,1,4,n/a,Yes,n/a
68613ec39ff1ad15158e0fac,https://it.nc.gov/documents/files/longitudinal-data-system-board-report-april-2016/open,pdf,n/a,4/21/16 16:09,4/21/16 16:09,1,5,n/a,No,n/a
686133e19ff1ad15158e0a23,https://it.nc.gov/gicc-agenda-2016-05-11/open,pdf,n/a,4/27/16 14:56,4/27/16 14:56,1,3,n/a,Yes,n/a
686148769ff1ad15158e105b,https://it.nc.gov/documents/files/state-agency-use-utility-based-computing/open,pdf,n/a,4/29/16 8:28,4/29/16 8:29,10,2,n/a,Yes,n/a
686134239ff1ad15158e0e8c,https://it.nc.gov/mo-minutes-2016-04-18/open,pdf,n/a,5/9/16 9:23,5/9/16 9:23,5,4,n/a,Yes,n/a
686133fa9ff1ad15158e0a2a,https://it.nc.gov/sl2014-120-7-vs-7a-language/open,pdf,n/a,5/11/16 11:31,5/11/16 11:31,2,3,n/a,Yes,n/a
686133df9ff1ad15158e0a22,https://it.nc.gov/lgc-agenda-20160518/open,pdf,n/a,5/13/16 11:36,5/13/16 11:36,2,5,n/a,Yes,n/a
686133d69ff1ad15158e0a20,https://it.nc.gov/agenda-sguc-generalmeeting20160519/open,pdf,n/a,5/13/16 17:14,5/13/16 17:14,1,2,n/a,Yes,n/a
686134059ff1ad15158e0a2d,https://it.nc.gov/smac-minutes-2016-04-20/open,pdf,n/a,5/24/16 14:03,5/24/16 14:03,9,4,n/a,Yes,n/a
685fb85cc32907bcdbcb5c2b,https://it.nc.gov/documents/files/cjleads-federal-criminal-information-progress-report-may-2016/open,pdf,n/a,5/27/16 15:01,5/31/16 9:07,3,3,n/a,Yes,n/a
68607a702e8395997daa31d3,https://it.nc.gov/documents/files/corrective-action-plan-instructions/open,pdf,n/a,6/1/16 9:54,6/1/16 9:54,6,4,n/a,No,n/a
686b16947401ef7bb82d67c0,https://it.nc.gov/documents/files/understanding-compression-geospatial-raster-imagery/download?attachment,pdf,n/a,6/2/16 10:21,6/2/16 10:21,18,5,n/a,Yes,n/a
686120b96b18002de4d6fe7d,https://it.nc.gov/documents/files/understanding-compression-geospatial-raster-imagery/open,pdf,n/a,6/2/16 10:21,6/2/16 10:21,18,5,1,Yes,n/a
686133f69ff1ad15158e0a29,https://it.nc.gov/ncom-update-gicc-2016-05-11/open,pdf,n/a,6/6/16 9:12,6/6/16 9:12,4,3,n/a,Yes,n/a
686b19fa7401ef7bb82d6896,https://it.nc.gov/documents/files/iran-divestment-act-microsoft-april-2016/open,pdf,n/a,6/7/16 11:29,6/7/16 11:29,1,5,n/a,No,n/a
686133e49ff1ad15158e0a24,https://it.nc.gov/gicc-minutes-2016-05-11/open,pdf,n/a,6/8/16 15:10,6/8/16 15:10,10,4,1,Yes,n/a
685f8837c32907bcdbcb5477,https://it.nc.gov/documents/files/noaa-technical-memorandum-nos-ngs-58/download?attachment,pdf,n/a,6/10/16 9:00,6/10/16 9:00,22,7,n/a,No,n/a
6861212f6b18002de4d6fe86,https://it.nc.gov/documents/files/longitudinal-data-system-board-report-june-2016/open,pdf,n/a,6/6/16 17:12,6/10/16 10:20,1,5,n/a,No,n/a
686133f49ff1ad15158e0a28,https://it.nc.gov/nc-coastal-atlas-ncgicc-2016-v2/open,pdf,n/a,6/10/16 16:25,6/10/16 16:25,49,3,1,Yes,n/a
686133f19ff1ad15158e0a27,https://it.nc.gov/gicc-tims-may-2016/open,pdf,n/a,6/10/16 16:26,6/10/16 16:26,24,3,n/a,Yes,n/a
686133e89ff1ad15158e0a25,https://it.nc.gov/dit-update-gicc-5-11-16/open,pdf,n/a,6/10/16 16:27,6/10/16 16:27,6,2,n/a,Yes,n/a
686133ec9ff1ad15158e0a26,https://it.nc.gov/gicc-statewide-ortho-status-2016-05-11/open,pdf,n/a,6/10/16 16:27,6/10/16 16:27,9,4,n/a,Yes,n/a
686134769ff1ad15158e0eb5,https://it.nc.gov/ncom-update-gicc-2016-02-11/open,pdf,n/a,6/10/16 16:30,6/10/16 16:30,4,3,n/a,Yes,n/a
686134729ff1ad15158e0eb4,https://it.nc.gov/2016-02-10-gicc-update-speaker-notes/open,pdf,n/a,6/10/16 16:31,6/10/16 16:31,28,3,n/a,Yes,n/a
6861346c9ff1ad15158e0eb3,https://it.nc.gov/gicc-dit-transition-update/open,pdf,n/a,6/10/16 16:33,6/10/16 16:33,18,2,n/a,Yes,n/a
686134639ff1ad15158e0eb1,https://it.nc.gov/nc-giscc-02-11-16/open,pdf,n/a,6/10/16 16:35,6/10/16 16:35,44,3,n/a,Yes,n/a
68612fc19ff1ad15158e0940,https://it.nc.gov/gicc-statewide-ortho-status-2014-11-20/open,pdf,n/a,6/13/16 12:27,6/13/16 12:27,13,3,n/a,Yes,n/a
68612fc79ff1ad15158e0942,https://it.nc.gov/ncom-update-gicc-11-2014/open,pdf,n/a,6/13/16 12:27,6/13/16 12:27,6,2,n/a,Yes,n/a
68612fbf9ff1ad15158e093f,https://it.nc.gov/gicc-presentation-gis-20nov14/open,pdf,n/a,6/13/16 12:28,6/13/16 12:28,37,3,n/a,Yes,n/a
68612fc49ff1ad15158e0941,https://it.nc.gov/meta-profile-state-local-gov-gicc-2014-11-20/open,pdf,n/a,6/13/16 12:28,6/13/16 12:28,12,4,n/a,Yes,n/a
686133cf9ff1ad15158e0a1e,https://it.nc.gov/mo-agenda-20160620/open,pdf,n/a,6/14/16 17:01,6/14/16 17:01,1,4,n/a,Yes,n/a
68612f689ff1ad15158e0921,https://it.nc.gov/hydro-streammac-update-2016-01-13/open,pdf,n/a,6/21/16 15:32,6/21/16 15:32,2,3,1,Yes,n/a
68612f6c9ff1ad15158e0923,https://it.nc.gov/nc-parcels-smac-update/open,pdf,n/a,6/21/16 15:33,6/21/16 15:33,5,2,n/a,Yes,n/a
68612f6f9ff1ad15158e0924,https://it.nc.gov/ncbgn-rpt-smac-meeting-1-13-16/open,pdf,n/a,6/21/16 15:35,6/21/16 15:35,1,2,n/a,Yes,n/a
68612f729ff1ad15158e0925,https://it.nc.gov/ncom-update-smac-2016-01-13/open,pdf,n/a,6/21/16 15:36,6/21/16 15:36,4,3,n/a,Yes,n/a
68612f759ff1ad15158e0926,https://it.nc.gov/smac-statewide-ortho-status-2016-01-13/open,pdf,n/a,6/21/16 15:37,6/21/16 15:37,6,2,n/a,Yes,n/a
686134099ff1ad15158e0a2e,https://it.nc.gov/cadastral-standard-2005-update-summary/open,pdf,n/a,4/20/16 8:48,6/21/16 15:43,1,1,n/a,Yes,n/a
6861340d9ff1ad15158e0a2f,https://it.nc.gov/cadastral-standard-2005-updated-2016-rev3-smac/open,pdf,n/a,4/19/16 14:23,6/21/16 15:44,6,3,n/a,Yes,n/a
686134109ff1ad15158e0a30,https://it.nc.gov/ncbgn-rpt-smac-meeting-4-20-16/open,pdf,n/a,4/22/16 15:04,6/21/16 15:45,1,2,n/a,Yes,n/a
686134129ff1ad15158e0a31,https://it.nc.gov/progress-parcels-2016-04-18-counties-updated/open,pdf,n/a,4/18/16 6:47,6/21/16 15:46,1,4,n/a,No,n/a
686134169ff1ad15158e0a32,https://it.nc.gov/smac-statewide-ortho-status-2016-04-20/open,pdf,n/a,6/21/16 15:46,6/21/16 15:46,9,3,n/a,Yes,n/a
6861341b9ff1ad15158e0a33,https://it.nc.gov/smac-hydro-update-2016-04-20/open,pdf,n/a,6/21/16 15:48,6/21/16 15:48,5,2,n/a,Yes,n/a
6861581a9ff1ad15158e11e2,https://it.nc.gov/documents/funding-meeting-agenda-jan-6-2016/open,pdf,n/a,6/22/16 10:15,6/22/16 10:15,1,1,n/a,Yes,n/a
686b16787401ef7bb82d67b8,https://it.nc.gov/documents/files/nc-parcel-data-standard-revision-summary-2016/download?attachment,pdf,n/a,6/22/16 13:24,6/22/16 13:24,1,1,n/a,Yes,n/a
686107a76b18002de4d6fd0e,https://it.nc.gov/documents/files/nc-parcel-data-standard-revision-summary-2016/open,pdf,n/a,6/22/16 13:24,6/22/16 13:24,1,1,n/a,Yes,n/a
68612fb29ff1ad15158e093a,https://it.nc.gov/jsloop-gis-value-local-government-gicc-2015/open,pdf,n/a,2/10/15 12:11,6/23/16 13:07,17,4,n/a,No,n/a
68612fb59ff1ad15158e093b,https://it.nc.gov/ncom-update-gicc-2015-02-11/open,pdf,n/a,3/31/15 9:54,6/23/16 13:11,6,2,n/a,Yes,n/a
68612f999ff1ad15158e0932,https://it.nc.gov/gicc-statewide-ortho-status-2015-05-13/open,pdf,n/a,6/23/16 13:25,6/23/16 13:25,12,4,n/a,Yes,n/a
68612f9c9ff1ad15158e0933,https://it.nc.gov/jon-beck-gicc-5-13-2015/open,pdf,n/a,6/23/16 13:26,6/23/16 13:26,20,3,n/a,Yes,n/a
68612fa19ff1ad15158e0935,https://it.nc.gov/ncom-update-gicc-2015-05-13/open,pdf,n/a,6/23/16 13:27,6/23/16 13:27,6,2,n/a,Yes,n/a
68612fa49ff1ad15158e0936,https://it.nc.gov/os-model-pres-2015-05-13/open,pdf,n/a,6/23/16 13:29,6/23/16 13:29,21,2,n/a,Yes,n/a
68612fa79ff1ad15158e0937,https://it.nc.gov/parcels-gicc-2015-05-13/open,pdf,n/a,6/23/16 13:30,6/23/16 13:30,4,2,n/a,Yes,n/a
68612f899ff1ad15158e092d,https://it.nc.gov/gicc-statewide-ortho-status-2015-08-13/open,pdf,n/a,6/23/16 13:34,6/23/16 13:34,10,4,n/a,Yes,n/a
68612f8c9ff1ad15158e092e,https://it.nc.gov/ncom-update-gicc-2015-08-13/open,pdf,n/a,6/23/16 13:35,6/23/16 13:35,5,3,n/a,Yes,n/a
68612f909ff1ad15158e092f,https://it.nc.gov/parcels-gicc-2015-08-13/open,pdf,n/a,6/23/16 13:36,6/23/16 13:36,8,2,n/a,Yes,n/a
68612f7e9ff1ad15158e0929,https://it.nc.gov/ngat-program-overview-nov-15/open,pdf,n/a,6/23/16 13:41,6/23/16 13:41,20,3,n/a,Yes,n/a
68612ff69ff1ad15158e0953,https://it.nc.gov/gicc-statewide-orthoimagery-program-2014-03-13/open,pdf,n/a,6/23/16 13:51,6/23/16 13:51,16,4,n/a,Yes,n/a
68612ff99ff1ad15158e0954,https://it.nc.gov/nc-ql2-lidar-gicc/open,pdf,n/a,6/23/16 13:52,6/23/16 13:52,71,4,n/a,Yes,n/a
68612ffe9ff1ad15158e0955,https://it.nc.gov/ncom-update-gicc-14-03-13/open,pdf,n/a,6/23/16 13:54,6/23/16 13:54,5,2,n/a,Yes,n/a
68612fe19ff1ad15158e094c,https://it.nc.gov/census-nc-gicc-presentation/open,pdf,n/a,6/23/16 14:09,6/23/16 14:09,52,4,3,Yes,n/a
68612fe49ff1ad15158e094d,https://it.nc.gov/gicc-statewide-orthoimagery-program-2014-05-15/open,pdf,n/a,6/23/16 14:10,6/23/16 14:10,14,4,n/a,Yes,n/a
68612fe69ff1ad15158e094e,https://it.nc.gov/ncom-update-gicc-05-15-2014/open,pdf,n/a,6/23/16 14:11,6/23/16 14:11,3,2,n/a,Yes,n/a
68612fe99ff1ad15158e094f,https://it.nc.gov/rdp-timeline/open,pdf,n/a,7/29/13 8:09,6/23/16 14:12,1,2,n/a,No,n/a
68612fce9ff1ad15158e0945,https://it.nc.gov/cgia-gicc-cadastral-data-exchange-2014-08-13-rev1/open,pdf,n/a,6/23/16 14:22,6/23/16 14:22,33,3,n/a,Yes,n/a
68612fd19ff1ad15158e0946,https://it.nc.gov/gicc-statewide-orthoimagery-program-2014-08-13/open,pdf,n/a,6/23/16 14:23,6/23/16 14:23,9,4,n/a,Yes,n/a
68612fd59ff1ad15158e0947,https://it.nc.gov/go-nc-demo-gicc/open,pdf,n/a,6/23/16 14:24,6/23/16 14:24,24,3,1,Yes,n/a
68612fd89ff1ad15158e0948,https://it.nc.gov/ncom-update-gicc-08-13-2014/open,pdf,n/a,6/23/16 14:25,6/23/16 14:25,4,3,n/a,Yes,n/a
6860e5246b18002de4d6f97a,https://it.nc.gov/epapar-update-wgsp-2013-05-08/open,pdf,n/a,6/23/16 14:44,6/23/16 14:44,7,2,n/a,Yes,n/a
6860e5396b18002de4d6f97c,https://it.nc.gov/gicc-guc-presentation-05-08-13/open,pdf,n/a,6/23/16 14:45,6/23/16 14:45,28,2,n/a,Yes,n/a
6860e5536b18002de4d6f97d,https://it.nc.gov/gicc-ncom-update-05-08-13/open,pdf,n/a,6/23/16 14:47,6/23/16 14:47,5,2,n/a,Yes,n/a
6860e5636b18002de4d6f980,https://it.nc.gov/report-gicc-orthoimagery-2013-05-08/open,pdf,n/a,6/23/16 14:49,6/23/16 14:49,21,4,n/a,Yes,n/a
687cc2d92bf8807ad05536e8,https://it.nc.gov/epa-parcels-project-overview-2013-08-12-notes/open,pdf,n/a,6/23/16 14:53,6/23/16 14:53,7,2,n/a,Yes,n/a
687cc2d92bf8807ad05536e3,https://it.nc.gov/gicc-presentation-august-2013/open,pdf,n/a,6/23/16 14:54,6/23/16 14:54,7,4,n/a,Yes,n/a
687cc2d92bf8807ad05536e7,https://it.nc.gov/gicc-ncom-update-08-14-13/open,pdf,n/a,6/23/16 14:55,6/23/16 14:55,10,3,n/a,Yes,n/a
687cc2d92bf8807ad05536e6,https://it.nc.gov/report-gicc-orthoimagery-2013-08-14/open,pdf,n/a,6/23/16 14:56,6/23/16 14:56,13,4,n/a,Yes,n/a
6860e4b46b18002de4d6f96f,https://it.nc.gov/craven-gis-elections-ncgicc/open,pdf,n/a,6/23/16 15:03,6/23/16 15:03,34,3,n/a,Yes,n/a
6860e4cc6b18002de4d6f971,https://it.nc.gov/epa-parcels-project-overview-2013-11-12/open,pdf,n/a,6/23/16 15:04,6/23/16 15:04,19,2,n/a,Yes,n/a
6860e4d56b18002de4d6f973,https://it.nc.gov/gicc-statewide-orthoimagery-program-2013-11-13/open,pdf,n/a,6/23/16 15:05,6/23/16 15:05,12,4,n/a,Yes,n/a
6860e4e16b18002de4d6f974,https://it.nc.gov/ncom-update-gicc-11-13-03/open,pdf,n/a,6/23/16 15:06,6/23/16 15:06,5,3,n/a,Yes,n/a
6860e5006b18002de4d6f975,https://it.nc.gov/sbe-gis-presentation-gicc-2013-11-13/open,pdf,n/a,6/23/16 15:07,6/23/16 15:07,14,2,n/a,Yes,n/a
686133d99ff1ad15158e0a21,https://it.nc.gov/lgc-minutes-20160518/open,pdf,n/a,6/24/16 12:10,6/24/16 12:10,7,3,n/a,Yes,n/a
686133fc9ff1ad15158e0a2b,https://it.nc.gov/sguc-executives-agenda20160509/open,pdf,n/a,7/6/16 12:07,7/6/16 12:07,1,3,n/a,Yes,n/a
685faf8fc32907bcdbcb5ae2,https://it.nc.gov/documents/files/working-group-professional-land-surveying-and-gis-charter/download?attachment,pdf,n/a,7/6/16 15:40,7/6/16 15:40,3,3,n/a,Yes,n/a
686152329ff1ad15158e1176,https://it.nc.gov/documents/files/working-group-professional-land-surveying-and-gis-charter/open,pdf,n/a,7/6/16 15:40,7/6/16 15:40,3,3,n/a,Yes,n/a
686134309ff1ad15158e0e8d,https://it.nc.gov/fic-meeting-agenda20160316/open,pdf,n/a,7/7/16 11:29,7/7/16 11:29,1,2,n/a,Yes,n/a
686133c99ff1ad15158e0a1d,https://it.nc.gov/fic-exec-meeting-notes-20160623/open,pdf,n/a,7/7/16 11:34,7/7/16 11:34,1,3,n/a,Yes,n/a
686133a89ff1ad15158e0a14,https://it.nc.gov/smac-agenda-072016/open,pdf,n/a,7/7/16 16:57,7/7/16 16:57,2,4,n/a,No,n/a
686133c09ff1ad15158e0a1b,https://it.nc.gov/mo-agenda-20160718/open,pdf,n/a,7/13/16 14:09,7/13/16 14:09,1,3,n/a,Yes,n/a
686133d29ff1ad15158e0a1f,https://it.nc.gov/mo-minutes-20160620/open,pdf,n/a,7/14/16 10:58,7/14/16 10:58,6,4,n/a,Yes,n/a
6860ffd56b18002de4d6fc9b,https://it.nc.gov/documents/files/ncid-quick-start-developers/open,pdf,n/a,7/14/16 17:22,7/14/16 17:22,27,6,2,Yes,n/a
685f705fc32907bcdbcb5159,https://it.nc.gov/documents/files/voiance-client-setup-form/download,pdf,n/a,9/24/14 18:49,7/18/16 16:49,1,4,n/a,Yes,n/a
686133aa9ff1ad15158e0a15,https://it.nc.gov/gicc-smac-hssd-progress-20160627/open,pdf,n/a,7/22/16 7:35,7/22/16 7:35,1,4,n/a,No,n/a
6861339e9ff1ad15158e0a12,https://it.nc.gov/sguc-executives-agenda20160725/open,pdf,n/a,7/22/16 15:13,7/22/16 15:13,1,3,n/a,Yes,n/a
686133ae9ff1ad15158e0a16,https://it.nc.gov/gicc-smac-ncbgn-rpt-20160720/open,pdf,n/a,7/22/16 15:36,7/22/16 15:36,1,4,n/a,No,n/a
686133b19ff1ad15158e0a17,https://it.nc.gov/gicc-smac-ncom-update-20160720/open,pdf,n/a,7/22/16 15:37,7/22/16 15:37,5,4,n/a,No,n/a
686133b49ff1ad15158e0a18,https://it.nc.gov/gicc-smac-nc-parcels-update-20160720/open,pdf,n/a,7/22/16 15:38,7/22/16 15:38,6,4,n/a,No,n/a
686133b89ff1ad15158e0a19,https://it.nc.gov/gicc-smac-ng911-20160720/open,pdf,n/a,7/22/16 15:38,7/22/16 15:38,4,4,n/a,No,n/a
686133bc9ff1ad15158e0a1a,https://it.nc.gov/gicc-smac-statewide-ortho-status-20160720/open,pdf,n/a,7/22/16 15:39,7/22/16 15:39,7,4,n/a,No,n/a
686133879ff1ad15158e0a0c,https://it.nc.gov/gicc-agenda-20160810/open,pdf,n/a,7/26/16 11:34,7/26/16 11:34,1,4,4,Yes,n/a
68613d6c9ff1ad15158e0f88,https://it.nc.gov/documents/files/ncid-getting-started-noc-administrators/open,pdf,n/a,7/28/16 13:17,7/28/16 13:17,2,4,2,Yes,n/a
686b16747401ef7bb82d67b7,https://it.nc.gov/documents/files/nc-parcel-data-standard-revision-2016/download?attachment,pdf,n/a,8/10/16 17:05,8/10/16 17:05,5,3,n/a,Yes,n/a
6861077c6b18002de4d6fd0b,https://it.nc.gov/documents/files/nc-parcel-data-standard-revision-2016/open,pdf,n/a,8/10/16 17:05,8/10/16 17:05,5,3,n/a,Yes,n/a
686121036b18002de4d6fe84,https://it.nc.gov/documents/files/longitudinal-data-system-board-report-august-2016/open,pdf,n/a,8/10/16 16:01,8/11/16 8:58,1,5,n/a,No,n/a
6861338e9ff1ad15158e0a0e,https://it.nc.gov/2020-census-nc-20160810/open,pdf,n/a,8/15/16 17:02,8/15/16 17:02,14,4,n/a,Yes,n/a
6861338a9ff1ad15158e0a0d,https://it.nc.gov/gicc-addressnc-update-20160810/open,pdf,n/a,8/15/16 17:03,8/15/16 17:03,8,2,n/a,Yes,n/a
686133939ff1ad15158e0a0f,https://it.nc.gov/gicc-ncom-update-20160810/open,pdf,n/a,8/15/16 17:04,8/15/16 17:04,5,3,n/a,Yes,n/a
686133969ff1ad15158e0a10,https://it.nc.gov/gicc-statewide-ortho-status-20160810/open,pdf,n/a,8/15/16 17:04,8/15/16 17:04,5,3,n/a,Yes,n/a
685fb857c32907bcdbcb5c2a,https://it.nc.gov/documents/files/cjleads-federal-criminal-information-progress-report-july-2016/open,pdf,n/a,8/16/16 10:18,8/16/16 10:18,3,3,n/a,Yes,n/a
685fae98c32907bcdbcb5ab7,https://it.nc.gov/documents/files/gicc-local-government-committee-lgc-work-plan-2016-17/download?attachment,pdf,n/a,8/16/16 11:35,8/16/16 11:35,3,4,n/a,Yes,n/a
686133c49ff1ad15158e0a1c,https://it.nc.gov/mo-minutes-20160718/open,pdf,n/a,8/16/16 13:25,8/16/16 13:25,6,4,1,Yes,n/a
6861337e9ff1ad15158e0a0a,https://it.nc.gov/mo-agenda-20160822/open,pdf,n/a,8/16/16 13:26,8/16/16 13:26,1,3,n/a,Yes,n/a
6861337a9ff1ad15158e0a09,https://it.nc.gov/gicc-sguc-agenda-generalmeeting20160825/open,pdf,n/a,8/16/16 16:39,8/16/16 16:39,1,2,n/a,Yes,n/a
6861336d9ff1ad15158e0a06,https://it.nc.gov/summer-2016-quarterly-nc-federal-interagency-committee/open,pdf,n/a,8/18/16 8:36,8/18/16 8:36,1,4,n/a,Yes,n/a
686133759ff1ad15158e0a08,https://it.nc.gov/fic-meter-scaleurbanlandcoverdata-epa-enviroatlas-20160825/open,pdf,n/a,8/25/16 10:49,8/25/16 10:49,35,3,n/a,Yes,n/a
686b166d7401ef7bb82d67b5,https://it.nc.gov/documents/files/gis-mobile-best-practices/download?attachment,pdf,n/a,8/26/16 13:55,8/26/16 13:55,17,5,n/a,No,n/a
687cb1c82bf8807ad0553663,https://it.nc.gov/documents/files/gis-mobile-best-practices/open,pdf,n/a,8/26/16 13:55,8/26/16 13:55,17,5,n/a,No,n/a
686133a19ff1ad15158e0a13,https://it.nc.gov/gicc-smac-minutes-20160720/open,pdf,n/a,8/26/16 14:19,8/26/16 14:19,11,5,1,No,n/a
6861339b9ff1ad15158e0a11,https://it.nc.gov/gicc-minutes-20160810/open,pdf,n/a,8/31/16 17:32,8/31/16 17:32,13,4,1,Yes,n/a
686133819ff1ad15158e0a0b,https://it.nc.gov/mo-minutes-20160822/open,pdf,n/a,9/9/16 17:52,9/9/16 17:52,8,3,n/a,Yes,n/a
685fade3c32907bcdbcb5aa3,https://it.nc.gov/documents/files/gicc-smac-workplan-2016-17/download?attachment,pdf,n/a,9/12/16 15:00,9/12/16 15:00,2,4,n/a,Yes,n/a
685faef1c32907bcdbcb5ac5,https://it.nc.gov/documents/files/gicc-sguc-work-plan-2016-17/download?attachment,pdf,n/a,9/12/16 15:06,9/12/16 15:06,4,4,n/a,Yes,n/a
685faf28c32907bcdbcb5acd,https://it.nc.gov/documents/files/gicc-fic-work-plan-2016-17/download?attachment,pdf,n/a,9/12/16 15:08,9/12/16 15:08,2,4,n/a,Yes,n/a
685fb0adc32907bcdbcb5b13,https://it.nc.gov/documents/files/gicc-meeting-minutes-11192003/download?attachment,pdf,n/a,9/14/16 10:50,9/14/16 10:50,8,2,n/a,Yes,n/a
686178989ff1ad15158e1389,https://it.nc.gov/documents/files/gicc-meeting-minutes-11192003/open,pdf,n/a,9/14/16 10:50,9/14/16 10:50,8,2,n/a,Yes,n/a
685fb085c32907bcdbcb5b0b,https://it.nc.gov/documents/files/gicc-meeting-minutes-05202004/download?attachment,pdf,n/a,9/14/16 10:54,9/14/16 10:54,8,3,n/a,Yes,n/a
686169299ff1ad15158e12da,https://it.nc.gov/documents/files/gicc-meeting-minutes-05202004/open,pdf,n/a,9/14/16 10:54,9/14/16 10:54,8,3,n/a,Yes,n/a
685fb08ac32907bcdbcb5b0c,https://it.nc.gov/documents/files/gicc-meeting-minutes-08202004/download?attachment,pdf,n/a,9/14/16 10:55,9/14/16 10:55,8,2,n/a,Yes,n/a
686169539ff1ad15158e12df,https://it.nc.gov/documents/files/gicc-meeting-minutes-08202004/open,pdf,n/a,9/14/16 10:55,9/14/16 10:55,8,2,n/a,Yes,n/a
685fb090c32907bcdbcb5b0d,https://it.nc.gov/documents/files/gicc-meeting-minutes-11102004/download?attachment,pdf,n/a,9/14/16 10:57,9/14/16 10:57,8,3,n/a,Yes,n/a
68616a549ff1ad15158e12ef,https://it.nc.gov/documents/files/gicc-meeting-minutes-11102004/open,pdf,n/a,9/14/16 10:57,9/14/16 10:57,8,3,n/a,Yes,n/a
685fb0a3c32907bcdbcb5b11,https://it.nc.gov/documents/files/gicc-meeting-minutes-08202003/download?attachment,pdf,n/a,9/14/16 11:45,9/14/16 11:45,7,3,n/a,Yes,n/a
686169499ff1ad15158e12de,https://it.nc.gov/documents/files/gicc-meeting-minutes-08202003/open,pdf,n/a,9/14/16 11:45,9/14/16 11:45,7,3,n/a,Yes,n/a
685fb076c32907bcdbcb5b08,https://it.nc.gov/documents/files/gicc-meeting-minutes-11092005/download?attachment,pdf,n/a,9/14/16 11:46,9/14/16 11:46,8,2,n/a,Yes,n/a
685fb058c32907bcdbcb5b04,https://it.nc.gov/documents/files/gicc-meeting-minutes-02092005/download?attachment,pdf,n/a,9/14/16 11:48,9/14/16 11:48,7,3,n/a,Yes,n/a
68615a2f9ff1ad15158e11fa,https://it.nc.gov/documents/files/gicc-meeting-minutes-02092005/open,pdf,n/a,9/14/16 11:48,9/14/16 11:48,7,3,n/a,Yes,n/a
685fb099c32907bcdbcb5b0f,https://it.nc.gov/documents/files/gicc-meeting-minutes-02122003/download?attachment,pdf,n/a,9/14/16 11:49,9/14/16 11:49,7,4,n/a,Yes,n/a
686116856b18002de4d6fdda,https://it.nc.gov/documents/files/gicc-meeting-minutes-02122003/open,pdf,n/a,9/14/16 11:49,9/14/16 11:49,7,4,n/a,Yes,n/a
685fb07cc32907bcdbcb5b09,https://it.nc.gov/documents/files/gicc-meeting-minutes-02182004/download?attachment,pdf,n/a,9/14/16 11:50,9/14/16 11:50,8,3,n/a,Yes,n/a
68615a5e9ff1ad15158e1200,https://it.nc.gov/documents/files/gicc-meeting-minutes-02182004/open,pdf,n/a,9/14/16 11:50,9/14/16 11:50,8,3,n/a,Yes,n/a
685fb06cc32907bcdbcb5b05,https://it.nc.gov/documents/files/gicc-meeting-minutes-05112005/download?attachment,pdf,n/a,9/14/16 11:51,9/14/16 11:51,8,3,2,Yes,n/a
68615a799ff1ad15158e1203,https://it.nc.gov/documents/files/gicc-meeting-minutes-05112005/open,pdf,n/a,9/14/16 11:51,9/14/16 11:51,8,3,2,Yes,n/a
685fb09ec32907bcdbcb5b10,https://it.nc.gov/documents/files/gicc-meeting-minutes-05142003/download?attachment,pdf,n/a,9/14/16 11:51,9/14/16 11:51,7,3,n/a,Yes,n/a
68615a959ff1ad15158e1207,https://it.nc.gov/documents/files/gicc-meeting-minutes-05142003/open,pdf,n/a,9/14/16 11:51,9/14/16 11:51,7,3,n/a,Yes,n/a
685fb071c32907bcdbcb5b07,https://it.nc.gov/documents/files/gicc-meeting-minutes-08102005/download?attachment,pdf,n/a,9/14/16 11:53,9/14/16 11:53,9,3,2,Yes,n/a
68616a0c9ff1ad15158e12e8,https://it.nc.gov/documents/files/gicc-meeting-minutes-08102005/open,pdf,n/a,9/14/16 11:53,9/14/16 11:53,9,3,2,Yes,n/a
685fb0b1c32907bcdbcb5b14,https://it.nc.gov/documents/files/gicc-meeting-minutes-05142002/download?attachment,pdf,n/a,9/14/16 12:22,9/14/16 12:22,4,2,n/a,Yes,n/a
686178d29ff1ad15158e138e,https://it.nc.gov/documents/files/gicc-meeting-minutes-05142002/open,pdf,n/a,9/14/16 12:22,9/14/16 12:22,4,2,n/a,Yes,n/a
685fb0b7c32907bcdbcb5b15,https://it.nc.gov/documents/files/gicc-meeting-minutes-08212002/download?attachment,pdf,n/a,9/14/16 12:23,9/14/16 12:23,6,3,n/a,Yes,n/a
686178a39ff1ad15158e138a,https://it.nc.gov/documents/files/gicc-meeting-minutes-08212002/open,pdf,n/a,9/14/16 12:23,9/14/16 12:23,6,3,n/a,Yes,n/a
686133669ff1ad15158e0a04,https://it.nc.gov/mo-agenda-20160919/open,pdf,n/a,9/15/16 13:57,9/15/16 13:57,1,4,n/a,Yes,n/a
686133619ff1ad15158e0a03,https://it.nc.gov/gicc-smac-agenda-101216/open,pdf,n/a,10/7/16 8:27,10/7/16 8:27,1,3,n/a,No,n/a
686133599ff1ad15158e0a01,https://it.nc.gov/mo-agenda-20161017/open,pdf,n/a,10/13/16 17:31,10/13/16 17:31,1,3,n/a,Yes,n/a
686133699ff1ad15158e0a05,https://it.nc.gov/mo-minutes-20160919/open,pdf,n/a,10/13/16 17:31,10/13/16 17:31,6,4,1,Yes,n/a
686133449ff1ad15158e09f9,https://it.nc.gov/gicc-agenda-20161109/open,pdf,n/a,10/21/16 13:56,10/21/16 13:56,1,4,1,Yes,n/a
686133559ff1ad15158e0a00,https://it.nc.gov/gicc-sguc-executives-agenda-20161024/open,pdf,n/a,11/1/16 9:08,11/1/16 9:08,1,4,n/a,No,n/a
686133529ff1ad15158e09ff,https://it.nc.gov/gicc-sguc-agenda-generalmeeting-20161103/open,pdf,n/a,11/2/16 9:07,11/2/16 9:07,1,3,n/a,No,n/a
686133489ff1ad15158e09fa,https://it.nc.gov/gicc-ncdot-uas-20161109/open,pdf,n/a,11/10/16 11:58,11/10/16 11:58,31,6,n/a,No,n/a
6861334b9ff1ad15158e09fb,https://it.nc.gov/gicc-ncom-update-20161109/open,pdf,n/a,11/10/16 12:57,11/10/16 12:57,4,4,n/a,No,n/a
686b1a7d7401ef7bb82d68ba,https://it.nc.gov/documents/files/amendment-1-its-009440-final/open,pdf,n/a,12/6/16 16:52,12/6/16 16:52,94,6,1,Yes,n/a
6861335e9ff1ad15158e0a02,https://it.nc.gov/gicc-mo-minutes-20161017/open,pdf,n/a,12/9/16 14:51,12/9/16 14:51,6,3,n/a,Yes,n/a
6861333d9ff1ad15158e09f5,https://it.nc.gov/gicc-mo-agenda-20161213/open,pdf,n/a,12/9/16 14:55,12/9/16 14:55,1,3,n/a,Yes,n/a
685f70f6c32907bcdbcb517b,https://it.nc.gov/documents/files/01242014-secondary-psap-policy/download,pdf,n/a,1/23/14 21:48,12/12/16 12:57,4,5,n/a,No,n/a
6861334e9ff1ad15158e09fe,https://it.nc.gov/documents/files/gicc-minutes-20161109/open,pdf,n/a,12/16/16 14:48,12/16/16 14:48,10,4,n/a,Yes,n/a
6861331a9ff1ad15158e09ef,https://it.nc.gov/documents/files/gicc-smac-agenda-20170118/open,pdf,n/a,1/4/17 16:10,1/4/17 16:10,1,2,n/a,Yes,n/a
686b1bee7401ef7bb82d691c,https://it.nc.gov/documents/files/secure-cloud-storage-policy/open,pdf,n/a,1/4/17 17:28,1/4/17 17:28,3,6,n/a,No,n/a
686133429ff1ad15158e09f6,https://it.nc.gov/documents/files/mo-minutes-20161213/open,pdf,n/a,1/6/17 12:32,1/6/17 12:32,7,3,n/a,Yes,n/a
686b1f877401ef7bb82d6a1f,https://it.nc.gov/documents/esrmo-newsletter-january-2017/download?attachment,pdf,n/a,1/6/17 15:30,1/6/17 15:30,3,3,n/a,Yes,n/a
686137b59ff1ad15158e0f23,https://it.nc.gov/documents/esrmo-newsletter-january-2017/open,pdf,n/a,1/6/17 15:30,1/6/17 15:30,3,3,n/a,Yes,n/a
68613e8f9ff1ad15158e0fa8,https://it.nc.gov/documents/files/january-2017-state-portal-report/open,pdf,n/a,1/9/17 10:29,1/9/17 10:29,9,5,4,Yes,n/a
685fb862c32907bcdbcb5c2c,https://it.nc.gov/documents/files/cjleads-federal-progress-report-may-2016/open,pdf,n/a,5/27/16 15:01,1/12/17 10:21,3,3,n/a,Yes,n/a
686133299ff1ad15158e09f2,https://it.nc.gov/documents/files/gicc-smac-ncom-update-20170118/open,pdf,n/a,1/19/17 9:20,1/19/17 9:20,5,4,n/a,No,n/a
686133269ff1ad15158e09f1,https://it.nc.gov/documents/files/gicc-smac-nc-parcels-update-20170118/open,pdf,n/a,1/19/17 9:21,1/19/17 9:21,6,4,n/a,No,n/a
686133229ff1ad15158e09f0,https://it.nc.gov/documents/files/gicc-smac-ortho-program-status-01182017/open,pdf,n/a,1/19/17 9:21,1/19/17 9:21,8,5,n/a,No,n/a
686b16697401ef7bb82d67b4,https://it.nc.gov/documents/files/gicc-smac-state-local-gov-metadata-profile/download?attachment,pdf,n/a,1/31/17 11:48,1/31/17 11:48,29,6,n/a,Yes,n/a
6861062d6b18002de4d6fd02,https://it.nc.gov/documents/files/gicc-smac-state-local-gov-metadata-profile/open,pdf,n/a,1/31/17 11:48,1/31/17 11:48,29,6,2,Yes,n/a
686b1a3e7401ef7bb82d68a9,https://it.nc.gov/documents/files/ifb-its-400096-printer-mfd-204d-contract-bid/open,pdf,n/a,6/17/16 14:52,1/31/17 16:25,65,4,n/a,Yes,n/a
686b1a447401ef7bb82d68aa,https://it.nc.gov/documents/files/addendum-1-ifb-its-400096-printer-mfd-204d-contract/open,pdf,n/a,7/20/16 11:27,1/31/17 16:27,79,4,n/a,Yes,n/a
686b1a4c7401ef7bb82d68ac,https://it.nc.gov/documents/files/addendum-2-ifb-its-400096-printer-mfd-204d-contract/open,pdf,n/a,8/9/16 15:11,1/31/17 16:28,3,5,n/a,Yes,n/a
686133189ff1ad15158e09ee,https://it.nc.gov/gicc-cgia-update-20170126-fic-jb/open,pdf,n/a,2/1/17 17:15,2/1/17 17:15,17,2,n/a,Yes,n/a
685faf43c32907bcdbcb5ad3,https://it.nc.gov/gicc-smac-ncbgn-namechangeprocess-and-communicationsplan/open,pdf,n/a,2/3/17 9:33,2/3/17 9:33,4,3,n/a,Yes,n/a
6861332d9ff1ad15158e09f3,https://it.nc.gov/gicc-smac-minutes-20170118/open,pdf,n/a,2/3/17 9:54,2/3/17 9:54,10,4,1,Yes,n/a
6861330d9ff1ad15158e09eb,https://it.nc.gov/ncfic-msault-sdb/open,pdf,n/a,2/3/17 17:11,2/3/17 17:11,14,2,n/a,Yes,n/a
685f8801c32907bcdbcb546a,https://it.nc.gov/documents/files/2016-ncgicc-annual-report/download?attachment,pdf,n/a,2/7/17 15:45,2/7/17 15:45,16,6,n/a,Yes,n/a
68607aa52e8395997daa31eb,https://it.nc.gov/documents/files/2016-ncgicc-annual-report/open,pdf,n/a,2/7/17 15:45,2/7/17 15:45,16,6,n/a,Yes,n/a
686132e89ff1ad15158e09e2,https://it.nc.gov/gicc-agenda-20170209-revised/open,pdf,n/a,2/8/17 14:42,2/8/17 14:42,1,4,1,Yes,n/a
687ca9702bf8807ad0553634,https://it.nc.gov/documents/files/erp-program-progress-report-february-2017/open,pdf,n/a,2/14/17 11:48,2/14/17 11:48,27,7,n/a,Yes,n/a
686b1f847401ef7bb82d6a1a,https://it.nc.gov/documents/esrmo-newsletter-february-2017/download?attachment,pdf,n/a,2/17/17 16:21,2/17/17 16:21,3,4,n/a,Yes,n/a
686137a09ff1ad15158e0f1e,https://it.nc.gov/documents/esrmo-newsletter-february-2017/open,pdf,n/a,2/17/17 16:21,2/17/17 16:21,3,4,n/a,Yes,n/a
686132ff9ff1ad15158e09e9,https://it.nc.gov/gicc-statewide-ortho-status-20170209/open,pdf,n/a,3/3/17 16:00,3/3/17 16:00,8,3,n/a,Yes,n/a
686132f89ff1ad15158e09e8,https://it.nc.gov/federalagencyhurricanecoordination/open,pdf,n/a,3/3/17 16:01,3/3/17 16:01,14,2,n/a,Yes,n/a
686132869ff1ad15158e09de,https://it.nc.gov/gicc-mo-agenda-20170313/open,pdf,n/a,3/8/17 16:59,3/8/17 16:59,1,4,n/a,Yes,n/a
686132eb9ff1ad15158e09e5,https://it.nc.gov/gicc-minutes-20170209/open,pdf,n/a,3/9/17 12:43,3/9/17 12:43,10,3,n/a,Yes,n/a
685fb3adc32907bcdbcb5b8e,https://it.nc.gov/documents/files/gdac-annual-report-2017/open,pdf,n/a,3/22/17 8:23,3/22/17 8:23,20,7,n/a,Yes,n/a
68610a1b6b18002de4d6fd37,https://it.nc.gov/documents/files/gdac-legislative-report-march-2017/open,pdf,n/a,3/22/17 8:23,3/22/17 8:23,20,7,n/a,Yes,n/a
686b1f797401ef7bb82d6a18,https://it.nc.gov/documents/esrmo-newsletter-march-2017/download?attachment,pdf,n/a,3/22/17 14:15,3/22/17 14:15,4,3,n/a,Yes,n/a
686152429ff1ad15158e1178,https://it.nc.gov/documents/esrmo-newsletter-march-2017/open,pdf,n/a,3/22/17 14:15,3/22/17 14:15,4,3,n/a,Yes,n/a
686b19677401ef7bb82d688e,https://it.nc.gov/documents/files/nc-iran-divestment-act-208c-3-22-17-shi-signed/open,pdf,n/a,3/23/17 15:13,3/23/17 15:13,1,5,n/a,No,n/a
686132819ff1ad15158e09dd,https://it.nc.gov/lgc-agenda-20170329/open,pdf,n/a,3/24/17 10:46,3/24/17 10:46,2,4,n/a,Yes,n/a
686132e39ff1ad15158e09e1,https://it.nc.gov/gicc-mo-minutes-20170313/open,pdf,n/a,3/29/17 13:10,3/29/17 13:10,8,4,n/a,Yes,n/a
686b19457401ef7bb82d688b,https://it.nc.gov/documents/files/ifb-its-400203-final/open,pdf,n/a,3/31/17 9:32,3/31/17 9:32,61,5,1,Yes,n/a
686b19077401ef7bb82d6883,https://it.nc.gov/documents/files/920m-mps-faqs/open,pdf,n/a,3/31/17 13:12,3/31/17 13:12,4,4,n/a,Yes,n/a
686132749ff1ad15158e09da,https://it.nc.gov/gicc-mo-agenda-20170410/open,pdf,n/a,3/31/17 16:29,3/31/17 16:29,1,3,n/a,Yes,n/a
6861325f9ff1ad15158e09d4,https://it.nc.gov/gicc-smac-agenda-20170419/open,pdf,n/a,4/7/17 16:30,4/7/17 16:30,1,2,n/a,No,n/a
686132599ff1ad15158e09d2,https://it.nc.gov/spring-2017-ncfic/open,pdf,n/a,4/17/17 11:26,4/17/17 11:26,2,4,1,Yes,n/a
68607a442e8395997daa31bf,https://it.nc.gov/documents/services/global-service-levels/open,pdf,n/a,4/17/17 14:26,4/17/17 14:26,8,5,n/a,Yes,n/a
686b194d7401ef7bb82d688c,https://it.nc.gov/documents/files/its-400203-addendum-1-2017-final/open,pdf,n/a,4/19/17 11:19,4/19/17 11:19,21,5,n/a,Yes,n/a
6861326c9ff1ad15158e09d8,https://it.nc.gov/gicc-smac-lidar-update-20170419/open,pdf,n/a,4/20/17 9:13,4/20/17 9:13,1,1,n/a,Yes,n/a
686132709ff1ad15158e09d9,https://it.nc.gov/gicc-smac-nconemap-update-20170419/open,pdf,n/a,4/20/17 9:25,4/20/17 9:25,6,3,n/a,Yes,n/a
686132669ff1ad15158e09d6,https://it.nc.gov/gicc-smac-ortho-program-status-20170419/open,pdf,n/a,4/20/17 9:26,4/20/17 9:26,10,4,1,Yes,n/a
686132699ff1ad15158e09d7,https://it.nc.gov/gicc-smac-nc-parcels-update-20170419/open,pdf,n/a,4/20/17 10:13,4/20/17 10:13,6,2,n/a,Yes,n/a
686b1f747401ef7bb82d6a16,https://it.nc.gov/documents/esrmo-newsletter-april-2017/download?attachment,pdf,n/a,4/19/17 12:15,4/20/17 13:49,5,4,n/a,Yes,n/a
6860f88c6b18002de4d6fc26,https://it.nc.gov/documents/esrmo-newsletter-april-2017/open,pdf,n/a,4/19/17 12:15,4/20/17 13:49,5,4,n/a,Yes,n/a
686b15107401ef7bb82d6762,https://it.nc.gov/documents/files/what-it-project/open,pdf,n/a,4/26/17 15:53,4/26/17 15:53,3,3,n/a,Yes,n/a
6861325c9ff1ad15158e09d3,https://it.nc.gov/raster-mapping-nc-nrcs-fic20170427/open,pdf,n/a,4/27/17 15:58,4/27/17 15:58,33,1,n/a,Yes,n/a
686b148c7401ef7bb82d6733,https://it.nc.gov/documents/files/mainframe-racf-access-or-userid-request-form-part-iii/download?attachment,pdf,n/a,4/27/17 16:14,4/27/17 16:14,1,1,n/a,Yes,n/a
6860d77a6b18002de4d6f7a0,https://it.nc.gov/documents/files/mainframe-racf-access-or-userid-request-form-part-iii/open,pdf,n/a,4/27/17 16:14,4/27/17 16:14,1,1,n/a,Yes,n/a
6860d74a6b18002de4d6f795,https://it.nc.gov/documents/files/its-mainframe-access-request-form/open,pdf,n/a,4/27/17 16:15,4/27/17 16:15,2,1,n/a,Yes,n/a
686b14897401ef7bb82d6732,https://it.nc.gov/documents/files/racf-mainframe-access-request-form-parts-i-ii/download?attachment,pdf,n/a,4/27/17 16:15,4/27/17 16:15,2,1,n/a,Yes,n/a
68612a806b18002de4d6ff80,https://it.nc.gov/documents/files/racf-mainframe-access-request-form-parts-i-ii/open,pdf,n/a,4/27/17 16:15,4/27/17 16:15,2,1,n/a,Yes,n/a
6861323d9ff1ad15158e09cb,https://it.nc.gov/gicc-agenda-20170510/open,pdf,n/a,5/2/17 9:05,5/2/17 9:05,1,3,1,Yes,n/a
6861327c9ff1ad15158e09dc,https://it.nc.gov/lgc-minutes-20170329/open,pdf,n/a,5/3/17 8:45,5/3/17 8:45,6,3,n/a,Yes,n/a
686132519ff1ad15158e09d0,https://it.nc.gov/gicc-2017-nc-gis-conference-summary-20170510/open,pdf,n/a,5/10/17 16:02,5/10/17 16:02,13,2,n/a,Yes,n/a
686132489ff1ad15158e09ce,https://it.nc.gov/gicc-2020censuslucainfo-20170510/open,pdf,n/a,5/10/17 16:03,5/10/17 16:03,14,3,1,Yes,n/a
686132409ff1ad15158e09cc,https://it.nc.gov/gicc-quantifying-gis-greensboro-20170510/open,pdf,n/a,5/10/17 16:03,5/10/17 16:03,18,3,n/a,Yes,n/a
6861324d9ff1ad15158e09cf,https://it.nc.gov/gicc-statewide-ortho-status-20170510/open,pdf,n/a,5/10/17 16:03,5/10/17 16:03,6,3,1,Yes,n/a
686132459ff1ad15158e09cd,https://it.nc.gov/gicc-update-pls-gis-10-may-2017/open,pdf,n/a,5/10/17 16:03,5/10/17 16:03,11,2,n/a,Yes,n/a
686132379ff1ad15158e09ca,https://it.nc.gov/lgc-agenda-20170517/open,pdf,n/a,5/12/17 15:49,5/12/17 15:49,2,4,n/a,Yes,n/a
686132789ff1ad15158e09db,https://it.nc.gov/mo-minutes-20170410/open,pdf,n/a,5/15/17 15:02,5/15/17 15:02,6,3,n/a,Yes,n/a
686132639ff1ad15158e09d5,https://it.nc.gov/gicc-smac-minutes-20170419/open,pdf,n/a,5/18/17 11:30,5/18/17 11:30,9,3,1,Yes,n/a
686b1f6f7401ef7bb82d6a15,https://it.nc.gov/documents/esrmo-newsletter-may-2017/download?attachment,pdf,n/a,5/23/17 14:21,5/23/17 17:53,4,4,1,Yes,n/a
6861526f9ff1ad15158e117d,https://it.nc.gov/documents/esrmo-newsletter-may-2017/open,pdf,n/a,5/23/17 14:21,5/23/17 17:53,4,4,1,Yes,n/a
6861322f9ff1ad15158e09c8,https://it.nc.gov/sguc-executives-agenda20170601/open,pdf,n/a,5/30/17 14:56,5/30/17 14:56,1,3,n/a,Yes,n/a
68610a4b6b18002de4d6fd3b,https://it.nc.gov/documents/files/gdac-legislative-report-may-2016/open,pdf,n/a,5/5/16 13:59,6/5/17 17:04,19,7,1,Yes,n/a
686132329ff1ad15158e09c9,https://it.nc.gov/lgc-minutes-20170517/open,pdf,n/a,6/7/17 9:09,6/7/17 9:09,6,3,1,Yes,n/a
686132169ff1ad15158e09c4,https://it.nc.gov/sguc-agenda-generalmeeting20170622/open,pdf,n/a,6/16/17 10:53,6/16/17 10:53,1,2,n/a,Yes,n/a
686b1f6b7401ef7bb82d6a12,https://it.nc.gov/documents/esrmo-newsletter-june-2017/download?attachment,pdf,n/a,6/23/17 16:00,6/23/17 16:00,4,5,1,Yes,n/a
686137ed9ff1ad15158e0f2f,https://it.nc.gov/documents/esrmo-newsletter-june-2017/open,pdf,n/a,6/23/17 16:00,6/23/17 16:00,4,5,1,Yes,n/a
685faf5dc32907bcdbcb5ad8,https://it.nc.gov/charter-working-group-orthophotography-planning/open,pdf,n/a,7/6/17 11:36,7/6/17 11:36,3,4,n/a,Yes,n/a
687290d888bfb90a859c07a2,https://it.nc.gov/mo-minutes-20170619/open,pdf,n/a,7/10/17 15:01,7/10/17 15:01,8,3,n/a,Yes,n/a
686131c09ff1ad15158e09ae,https://it.nc.gov/sguc-agenda-generalmeeting20170824/open,pdf,n/a,7/17/17 9:04,7/17/17 9:04,1,3,n/a,Yes,n/a
686131fd9ff1ad15158e09bd,https://it.nc.gov/gicc-smac-agenda-20170719rev1/open,pdf,n/a,7/19/17 9:42,7/19/17 9:42,1,2,n/a,Yes,n/a
686131f79ff1ad15158e09bb,https://it.nc.gov/mo-agenda-20170724/open,pdf,n/a,7/20/17 16:47,7/20/17 16:47,1,4,n/a,Yes,n/a
686b1f637401ef7bb82d6a0d,https://it.nc.gov/documents/esrmo-newsletter-july-2017/download?attachment,pdf,n/a,7/31/17 11:46,7/31/17 11:49,4,4,n/a,Yes,n/a
686137cb9ff1ad15158e0f29,https://it.nc.gov/documents/esrmo-newsletter-july-2017/open,pdf,n/a,7/31/17 11:46,7/31/17 11:49,4,4,1,Yes,n/a
685faf3ac32907bcdbcb5ad1,https://it.nc.gov/gicc-smac-ncbgn-charter-2017/download?attachment,pdf,n/a,7/31/17 13:29,7/31/17 13:29,1,2,n/a,Yes,n/a
686131e89ff1ad15158e09b8,https://it.nc.gov/gicc-2020-census-nc-factsheet-20170809/open,pdf,n/a,8/2/17 16:45,8/2/17 16:45,2,4,n/a,Yes,n/a
686131d39ff1ad15158e09b3,https://it.nc.gov/gicc-agenda20170809-revised/open,pdf,n/a,8/8/17 11:09,8/8/17 11:09,1,5,1,Yes,n/a
686131d89ff1ad15158e09b4,https://it.nc.gov/gicc-secu-instructions20170809/open,pdf,n/a,8/8/17 11:12,8/8/17 11:12,1,2,n/a,Yes,n/a
686132559ff1ad15158e09d1,https://it.nc.gov/gicc-minutes-20170510/open,pdf,n/a,8/9/17 16:52,8/9/17 16:52,10,4,1,Yes,n/a
686131e49ff1ad15158e09b7,https://it.nc.gov/gicc-gda-update-20170809/open,pdf,n/a,8/10/17 9:33,8/10/17 9:33,6,2,n/a,Yes,n/a
686131e19ff1ad15158e09b6,https://it.nc.gov/gicc-priorities-20170809/open,pdf,n/a,8/10/17 9:33,8/10/17 9:33,7,2,n/a,Yes,n/a
686131eb9ff1ad15158e09b9,https://it.nc.gov/gicc-statewide-ortho-status-20170809/open,pdf,n/a,8/10/17 9:34,8/10/17 9:34,7,3,1,Yes,n/a
686131ca9ff1ad15158e09b1,https://it.nc.gov/lgc-agenda-20170816/open,pdf,n/a,8/10/17 15:45,8/10/17 15:45,2,5,1,Yes,n/a
686131f99ff1ad15158e09bc,https://it.nc.gov/mo-minutes-20170724/open,pdf,n/a,8/23/17 17:29,8/23/17 17:29,6,3,n/a,Yes,n/a
686131ba9ff1ad15158e09ac,https://it.nc.gov/mo-agenda-20170828/open,pdf,n/a,8/23/17 17:31,8/23/17 17:31,2,5,n/a,Yes,n/a
686131c49ff1ad15158e09af,https://it.nc.gov/20170824-state-gis-users-committee-urbanization/open,pdf,n/a,8/30/17 10:36,8/30/17 10:36,29,2,n/a,Yes,n/a
686b1f597401ef7bb82d6a0c,https://it.nc.gov/documents/esrmo-newsletter-august-2017/download?attachment,pdf,n/a,8/30/17 11:51,8/30/17 11:51,4,4,n/a,Yes,n/a
6860f9fd6b18002de4d6fc36,https://it.nc.gov/documents/esrmo-newsletter-august-2017/open,pdf,n/a,8/30/17 11:51,8/30/17 11:51,4,4,n/a,Yes,n/a
685fae81c32907bcdbcb5ab6,https://it.nc.gov/documents/files/gicc-local-government-committee-work-plan-2017-2018/download?attachment,pdf,n/a,8/30/17 14:10,8/30/17 14:10,3,3,n/a,Yes,n/a
686131c79ff1ad15158e09b0,https://it.nc.gov/statedemographics-cline20170824/open,pdf,n/a,8/30/17 15:16,8/30/17 15:16,24,4,n/a,Yes,n/a
686131ce9ff1ad15158e09b2,https://it.nc.gov/lgc-minutes-20170816/open,pdf,n/a,8/31/17 14:34,8/31/17 14:34,6,3,n/a,Yes,n/a
685faf21c32907bcdbcb5acc,https://it.nc.gov/documents/files/gicc-federal-interagency-committee-work-plan-2017-18/download?attachment,pdf,n/a,9/1/17 9:06,9/1/17 9:06,2,3,n/a,Yes,n/a
686131ef9ff1ad15158e09ba,https://it.nc.gov/gicc-minutes-20170809/open,pdf,n/a,9/1/17 16:36,9/1/17 16:36,10,4,n/a,Yes,n/a
686132019ff1ad15158e09be,https://it.nc.gov/gicc-smac-minutes-20170719/open,pdf,n/a,9/7/17 10:32,9/7/17 10:32,11,4,n/a,No,n/a
686131bd9ff1ad15158e09ad,https://it.nc.gov/mo-minutes-20170828/open,pdf,n/a,9/11/17 11:30,9/11/17 11:30,6,3,n/a,Yes,n/a
686b1f537401ef7bb82d6a0a,https://it.nc.gov/documents/esrmo-newsletter-september-2017/download?attachment,pdf,n/a,9/26/17 17:30,9/26/17 17:34,5,4,1,Yes,n/a
6861639c9ff1ad15158e128c,https://it.nc.gov/documents/esrmo-newsletter-september-2017/open,pdf,n/a,9/26/17 17:30,9/26/17 17:34,5,4,1,Yes,n/a
686131a39ff1ad15158e09a7,https://it.nc.gov/mo-agenda-20171009/open,pdf,n/a,10/4/17 16:46,10/4/17 16:46,1,3,n/a,Yes,n/a
686131909ff1ad15158e099f,https://it.nc.gov/gicc-smac-agenda-20171018/open,pdf,n/a,10/10/17 11:17,10/10/17 11:17,1,1,n/a,Yes,n/a
685faeeac32907bcdbcb5ac4,https://it.nc.gov/documents/files/gicc-state-government-gis-users-committee-work-plan-2017-2018/download?attachment,pdf,n/a,10/10/17 12:09,10/10/17 12:09,4,3,n/a,Yes,n/a
685fbb15c32907bcdbcb5c7c,https://it.nc.gov/documents/files/nc-parcels-brief/open,pdf,n/a,10/17/17 12:49,10/17/17 12:49,1,2,n/a,Yes,n/a
6861319c9ff1ad15158e09a3,https://it.nc.gov/gicc-smac-grav-d-project-overview-sept-2017/open,pdf,n/a,10/18/17 12:46,10/18/17 12:46,15,5,n/a,No,n/a
685faddec32907bcdbcb5aa1,https://it.nc.gov/gicc-smac-workplan-2017-18/download?attachment,pdf,n/a,10/18/17 17:02,10/18/17 17:02,3,3,n/a,Yes,n/a
686131969ff1ad15158e09a1,https://it.nc.gov/gicc-smac-nc-parcels-20171016/open,pdf,n/a,10/23/17 9:23,10/23/17 9:23,9,2,n/a,Yes,n/a
686131939ff1ad15158e09a0,https://it.nc.gov/gicc-smac-ortho-program-status-10182017/open,pdf,n/a,10/23/17 9:23,10/23/17 9:23,7,3,n/a,Yes,n/a
686131a89ff1ad15158e09a8,https://it.nc.gov/mo-minutes-20171009/open,pdf,n/a,10/23/17 16:39,10/23/17 16:39,7,4,3,Yes,n/a
6861317c9ff1ad15158e099a,https://it.nc.gov/location-map-doi/open,pdf,n/a,10/26/17 9:58,10/26/17 9:58,1,1,n/a,Yes,n/a
686131779ff1ad15158e0999,https://it.nc.gov/gicc-agenda-20171108/open,pdf,n/a,10/26/17 11:04,10/26/17 11:04,1,3,1,Yes,n/a
686131899ff1ad15158e099d,https://it.nc.gov/lgc-agenda-20171101/open,pdf,n/a,10/30/17 14:31,10/30/17 14:31,2,5,n/a,Yes,n/a
686b1f487401ef7bb82d6a08,https://it.nc.gov/documents/esrmo-newsletter-october-2017/download?attachment,pdf,n/a,10/31/17 16:11,10/31/17 16:12,6,7,2,No,n/a
686152b29ff1ad15158e1187,https://it.nc.gov/documents/esrmo-newsletter-october-2017/open,pdf,n/a,10/31/17 16:11,10/31/17 16:12,6,7,2,No,n/a
686b18e97401ef7bb82d687a,https://it.nc.gov/documents/files/ifb-its-400277-2017-1102-final/open,pdf,n/a,11/2/17 11:42,11/2/17 11:42,61,4,n/a,Yes,n/a
6861317f9ff1ad15158e099b,https://it.nc.gov/gicc-annual-report-companion-slides-20171108/open,pdf,n/a,11/9/17 10:22,11/9/17 10:22,13,2,n/a,Yes,n/a
6861318d9ff1ad15158e099e,https://it.nc.gov/lgc-minutes-20171101/open,pdf,n/a,11/17/17 9:57,11/17/17 9:57,7,3,2,Yes,n/a
686131849ff1ad15158e099c,https://it.nc.gov/gicc-minutes-20171108/open,pdf,n/a,11/21/17 17:29,11/21/17 17:29,13,4,n/a,Yes,n/a
686131629ff1ad15158e0995,https://it.nc.gov/mo-agenda-20171204/open,pdf,n/a,11/28/17 17:09,11/28/17 17:09,1,3,n/a,Yes,n/a
686b1f447401ef7bb82d6a02,https://it.nc.gov/documents/esrmo-newsletter-november-2017/download?attachment,pdf,n/a,11/28/17 17:47,11/28/17 17:47,4,5,2,Yes,n/a
6861528f9ff1ad15158e1182,https://it.nc.gov/documents/esrmo-newsletter-november-2017/open,pdf,n/a,11/28/17 17:47,11/28/17 17:47,4,5,1,Yes,n/a
686b18ec7401ef7bb82d687b,https://it.nc.gov/documents/files/its-400277-addendum-1-2017-1128-final/open,pdf,n/a,11/28/17 18:08,11/28/17 18:08,27,5,n/a,Yes,n/a
686131569ff1ad15158e0991,https://it.nc.gov/sguc-agenda-generalmeeting20171221/open,pdf,n/a,11/29/17 10:05,11/29/17 10:05,1,3,n/a,Yes,n/a
68615d989ff1ad15158e1233,https://it.nc.gov/approved-use-fund-list-911-board/open,pdf,n/a,12/19/17 9:07,12/19/17 9:07,8,4,n/a,No,n/a
686b1f397401ef7bb82d6a00,https://it.nc.gov/documents/esrmo-newsletter-december-2017/download?attachment,pdf,n/a,12/21/17 13:11,12/21/17 13:11,4,5,1,Yes,n/a
6860fa5d6b18002de4d6fc3c,https://it.nc.gov/documents/esrmo-newsletter-december-2017/open,pdf,n/a,12/21/17 13:11,12/21/17 13:11,4,5,1,Yes,n/a
6861315b9ff1ad15158e0993,https://it.nc.gov/enterprisedatamanagement-sguc-20171221/open,pdf,n/a,12/21/17 14:37,12/21/17 14:37,8,2,n/a,Yes,n/a
686131589ff1ad15158e0992,https://it.nc.gov/arcgis-online-applications-commerce-20171221/open,pdf,n/a,12/21/17 14:38,12/21/17 14:38,5,3,n/a,Yes,n/a
6861315f9ff1ad15158e0994,https://it.nc.gov/sboe-open-source-implementation-20171221/open,pdf,n/a,12/21/17 14:38,12/21/17 14:38,11,3,n/a,Yes,n/a
685f8881c32907bcdbcb55ca,https://it.nc.gov/open-gis-software-guide-understanding-current-gis-software-solutions/download?attachment,pdf,n/a,12/21/17 15:42,12/21/17 15:42,26,5,3,No,n/a
686131659ff1ad15158e0996,https://it.nc.gov/mo-minutes-20171204/open,pdf,n/a,12/22/17 14:11,12/22/17 14:11,7,4,1,Yes,n/a
685f87fcc32907bcdbcb5468,https://it.nc.gov/documents/files/gicc-2017-annual-report/download?attachment,pdf,n/a,1/2/18 12:23,1/2/18 12:23,16,6,n/a,Yes,n/a
68610aa96b18002de4d6fd43,https://it.nc.gov/documents/files/gicc-2017-annual-report/open,pdf,n/a,1/2/18 12:23,1/2/18 12:23,16,6,n/a,Yes,n/a
686131439ff1ad15158e098c,https://it.nc.gov/gicc-smac-agendarevised-20180124/open,pdf,n/a,1/11/18 8:27,1/11/18 8:27,1,2,n/a,No,n/a
686131379ff1ad15158e0989,https://it.nc.gov/mo-agenda-20180129/open,pdf,n/a,1/19/18 16:34,1/19/18 16:34,1,3,n/a,Yes,n/a
6861319f9ff1ad15158e09a6,https://it.nc.gov/smac-minutes-20171018/open,pdf,n/a,1/23/18 17:44,1/23/18 17:44,10,3,n/a,Yes,n/a
686131539ff1ad15158e0990,https://it.nc.gov/gicc-smac-2022-geodetic-control-reference-frame-20180124/open,pdf,n/a,1/26/18 13:27,1/26/18 13:27,16,2,n/a,Yes,n/a
6861314e9ff1ad15158e098f,https://it.nc.gov/gicc-smac-lidar-status-20180124/open,pdf,n/a,1/26/18 13:27,1/26/18 13:27,3,2,n/a,Yes,n/a
6861314c9ff1ad15158e098e,https://it.nc.gov/gicc-smac-nc-parcels-20180124/open,pdf,n/a,1/26/18 13:28,1/26/18 13:28,5,2,n/a,Yes,n/a
686131499ff1ad15158e098d,https://it.nc.gov/gicc-smac-orthoprogramupdate-20180124/open,pdf,n/a,1/26/18 13:29,1/26/18 13:29,7,3,1,Yes,n/a
686b1f307401ef7bb82d69ff,https://it.nc.gov/documents/cybersecurity-newsletters/2018/esrmo-newsletter-january-2018/download?attachment,pdf,n/a,1/25/18 11:16,1/31/18 11:04,5,6,n/a,No,n/a
686164b19ff1ad15158e129c,https://it.nc.gov/documents/cybersecurity-newsletters/2018/esrmo-newsletter-january-2018/open,pdf,n/a,1/25/18 11:16,1/31/18 11:04,5,6,n/a,No,n/a
6861313c9ff1ad15158e098a,https://it.nc.gov/mo-minutes-20180129/open,pdf,n/a,2/5/18 10:20,2/5/18 10:20,6,3,n/a,Yes,n/a
686b1bf67401ef7bb82d691f,https://it.nc.gov/documents/files/secure-cloud-storage-and-file-sharing-phase-ii/open,pdf,n/a,2/15/18 17:22,2/15/18 17:22,3,6,n/a,No,n/a
686b1f2b7401ef7bb82d69fc,https://it.nc.gov/documents/cybersecurity-newsletters/2018/esrmo-newsletter-february-2018/download?attachment,pdf,n/a,2/23/18 15:44,2/23/18 15:59,8,6,3,Yes,n/a
686164a09ff1ad15158e129a,https://it.nc.gov/documents/cybersecurity-newsletters/2018/esrmo-newsletter-february-2018/open,pdf,n/a,2/23/18 15:44,2/23/18 15:59,8,6,2,Yes,n/a
686130d09ff1ad15158e097e,https://it.nc.gov/lgc-agenda-20180228/open,pdf,n/a,2/28/18 13:37,2/28/18 13:37,2,5,n/a,Yes,n/a
6861313e9ff1ad15158e098b,https://it.nc.gov/gicc-smac-minutes-20180124/open,pdf,n/a,3/2/18 9:53,3/2/18 9:53,11,3,n/a,Yes,n/a
686130d59ff1ad15158e097f,https://it.nc.gov/lgc-minutes-20180228/open,pdf,n/a,3/19/18 13:32,3/19/18 13:32,7,3,n/a,Yes,n/a
686b1f237401ef7bb82d69f7,https://it.nc.gov/documents/cybersecurity-newsletters/2018/esrmo-newsletter-march-2018/download?attachment,pdf,n/a,3/21/18 9:01,3/21/18 9:01,4,4,n/a,Yes,n/a
686172679ff1ad15158e134a,https://it.nc.gov/documents/cybersecurity-newsletters/2018/esrmo-newsletter-march-2018/open,pdf,n/a,3/21/18 9:01,3/21/18 9:01,4,4,n/a,Yes,n/a
686130c99ff1ad15158e097b,https://it.nc.gov/mo-agenda-20180329/open,pdf,n/a,3/27/18 15:24,3/27/18 15:25,1,3,n/a,Yes,n/a
686130ce9ff1ad15158e097d,https://it.nc.gov/mo-minutes-20180329/open,pdf,n/a,4/17/18 17:28,4/17/18 17:28,11,4,n/a,Yes,n/a
686130be9ff1ad15158e0978,https://it.nc.gov/gicc-smac-nc-parcels-20180418/open,pdf,n/a,4/18/18 11:00,4/18/18 11:00,5,2,n/a,Yes,n/a
6861305d9ff1ad15158e0973,https://it.nc.gov/gicc-smac-agenda-20180418/open,pdf,n/a,4/18/18 11:15,4/18/18 11:15,1,2,n/a,No,n/a
6861304d9ff1ad15158e096e,https://it.nc.gov/sguc-agenda-generalmeeting20180424/open,pdf,n/a,4/19/18 10:31,4/19/18 10:31,1,2,n/a,Yes,n/a
686130c29ff1ad15158e0979,https://it.nc.gov/gicc-smac-geodetic-control-20180418/open,pdf,n/a,4/19/18 10:57,4/19/18 10:57,3,2,n/a,Yes,n/a
686130bb9ff1ad15158e0977,https://it.nc.gov/gicc-smac-ortho-program-update-20180418/open,pdf,n/a,4/19/18 10:58,4/19/18 10:58,12,3,1,Yes,n/a
686130c49ff1ad15158e097a,https://it.nc.gov/gicc-smac-county-state-boundaries-20180418/open,pdf,n/a,4/19/18 10:59,4/19/18 10:59,8,3,n/a,Yes,n/a
686130579ff1ad15158e0971,https://it.nc.gov/mo-agenda-20180423/open,pdf,n/a,4/19/18 11:37,4/19/18 11:37,1,3,n/a,Yes,n/a
686130349ff1ad15158e0966,https://it.nc.gov/gicc-agenda-20180509/open,pdf,n/a,4/25/18 13:52,4/25/18 13:52,1,4,n/a,Yes,n/a
686130379ff1ad15158e0967,https://it.nc.gov/challenges-and-opportunities-2018-and-beyond-summary/open,pdf,n/a,4/25/18 14:13,4/25/18 14:13,3,4,n/a,Yes,n/a
686b1f1b7401ef7bb82d69f6,https://it.nc.gov/documents/cybersecurity-newsletters/2018/esrmo-newsletter-april-2018/download?attachment,pdf,n/a,4/25/18 16:34,4/25/18 16:34,4,4,n/a,Yes,n/a
6861644d9ff1ad15158e1291,https://it.nc.gov/documents/cybersecurity-newsletters/2018/esrmo-newsletter-april-2018/open,pdf,n/a,4/25/18 16:34,4/25/18 16:34,4,4,n/a,Yes,n/a
686130539ff1ad15158e0970,https://it.nc.gov/getting-started-arcgis-pro-cole20180424/open,pdf,n/a,4/26/18 14:03,4/26/18 14:03,20,4,n/a,Yes,n/a
6861304f9ff1ad15158e096f,https://it.nc.gov/sguc-developerssummit-sparks20180424/open,pdf,n/a,4/26/18 14:03,4/26/18 14:03,16,3,2,Yes,n/a
685fc623c32907bcdbcb5dd6,https://it.nc.gov/kimv-accessibility-talk/download?attachment,pdf,n/a,5/8/18 20:50,5/9/18 11:19,50,4,n/a,Yes,n/a
6861302b9ff1ad15158e0963,https://it.nc.gov/lgc-agenda-20180515/open,pdf,n/a,5/11/18 12:46,5/11/18 12:46,2,5,n/a,Yes,n/a
6861303c9ff1ad15158e0969,https://it.nc.gov/gicc-annexations-20180509/open,pdf,n/a,5/14/18 11:33,5/14/18 11:33,8,2,n/a,Yes,n/a
686130449ff1ad15158e096b,https://it.nc.gov/gicc-uas-public-and-private-perspectives-20180509/open,pdf,n/a,5/14/18 11:37,5/14/18 11:37,12,2,n/a,Yes,n/a
686130399ff1ad15158e0968,https://it.nc.gov/gicc-strategic-elements-20180509/open,pdf,n/a,5/14/18 11:38,5/14/18 11:38,7,2,n/a,Yes,n/a
6861303f9ff1ad15158e096a,https://it.nc.gov/gicc-low-altitude-photogrammetry-using-uas-20180509/open,pdf,n/a,5/14/18 11:39,5/14/18 11:39,18,2,n/a,Yes,n/a
686130b89ff1ad15158e0976,https://it.nc.gov/gicc-smac-minutes-20180418/open,pdf,n/a,5/18/18 8:38,5/18/18 8:38,9,3,n/a,Yes,n/a
6861304a9ff1ad15158e096d,https://it.nc.gov/gicc-minutes-20180509/open,pdf,n/a,5/23/18 15:46,5/23/18 15:46,12,4,n/a,Yes,n/a
686b1f167401ef7bb82d69f4,https://it.nc.gov/documents/cybersecurity-newsletters/2018/esrmo-newsletter-may-2018/download?attachment,pdf,n/a,5/29/18 14:29,5/29/18 14:35,5,7,1,No,n/a
6861727b9ff1ad15158e134c,https://it.nc.gov/documents/cybersecurity-newsletters/2018/esrmo-newsletter-may-2018/open,pdf,n/a,5/29/18 14:29,5/29/18 14:35,5,7,1,No,n/a
686130309ff1ad15158e0965,https://it.nc.gov/20180515-lgc-minutes/open,pdf,n/a,5/31/18 12:08,5/31/18 12:08,8,3,n/a,Yes,n/a
6861305a9ff1ad15158e0972,https://it.nc.gov/mo-minutes-20180423/open,pdf,n/a,6/7/18 10:54,6/7/18 10:54,7,3,n/a,Yes,n/a
686130229ff1ad15158e0960,https://it.nc.gov/mo-agenda-20180618/open,pdf,n/a,6/13/18 16:57,6/13/18 16:57,1,3,n/a,Yes,n/a
6861301a9ff1ad15158e095e,https://it.nc.gov/gicc-smac-metadata-workshops-2018/open,pdf,n/a,6/24/18 9:35,6/24/18 9:35,1,3,n/a,Yes,n/a
686b1f117401ef7bb82d69f2,https://it.nc.gov/documents/cybersecurity-newsletters/2018/esrmo-newsletter-june-2018/download?attachment,pdf,n/a,6/26/18 16:55,6/26/18 16:55,4,5,1,Yes,n/a
6861723e9ff1ad15158e1346,https://it.nc.gov/documents/cybersecurity-newsletters/2018/esrmo-newsletter-june-2018/open,pdf,n/a,6/26/18 16:55,6/26/18 16:55,4,5,1,Yes,n/a
685fca8bc32907bcdbcb608f,https://it.nc.gov/documents/911-board/01112018standardsagenda/open,pdf,n/a,6/27/18 15:37,6/27/18 15:37,1,1,n/a,Yes,n/a
68614f379ff1ad15158e1134,https://it.nc.gov/sguc-agenda-generalmeeting20180823/open,pdf,n/a,7/10/18 11:04,7/10/18 11:04,1,3,n/a,Yes,n/a
686130039ff1ad15158e0957,https://it.nc.gov/gicc-smac-agenda-20180718-v3/open,pdf,n/a,7/17/18 15:13,7/17/18 15:13,1,1,n/a,Yes,n/a
686130109ff1ad15158e095b,https://it.nc.gov/gicc-smac-elevation-report-20180718/open,pdf,n/a,7/19/18 9:17,7/19/18 9:17,2,2,n/a,Yes,n/a
686130179ff1ad15158e095d,https://it.nc.gov/gicc-smac-boundary-report-20180718/open,pdf,n/a,7/19/18 9:18,7/19/18 9:18,3,2,n/a,Yes,n/a
6861300b9ff1ad15158e0959,https://it.nc.gov/gicc-smac-nc-parcels-report-20180718/open,pdf,n/a,7/19/18 9:18,7/19/18 9:18,4,2,n/a,Yes,n/a
686130139ff1ad15158e095c,https://it.nc.gov/gicc-smac-geodetic-control-report-20180718/open,pdf,n/a,7/19/18 9:19,7/19/18 9:19,2,2,n/a,Yes,n/a
686130069ff1ad15158e0958,https://it.nc.gov/gicc-smac-ortho-program-report-20180718/open,pdf,n/a,7/19/18 9:20,7/19/18 9:20,9,3,1,Yes,n/a
686b1f0a7401ef7bb82d69ee,https://it.nc.gov/documents/cybersecurity-newsletters/2018/esrmo-newsletter-july-2018/download?attachment,pdf,n/a,7/24/18 10:40,7/24/18 10:40,4,5,n/a,Yes,n/a
686164d29ff1ad15158e129f,https://it.nc.gov/documents/cybersecurity-newsletters/2018/esrmo-newsletter-july-2018/open,pdf,n/a,7/24/18 10:40,7/24/18 10:40,4,5,1,Yes,n/a
685faec5c32907bcdbcb5abd,https://it.nc.gov/documents/files/nc-gis-limited-services-contract-process/download,pdf,n/a,7/30/18 16:41,7/30/18 16:41,8,3,n/a,Yes,n/a
685faebcc32907bcdbcb5abc,https://it.nc.gov/documents/files/nc-gis-limited-services-contract-process/download?attachment,pdf,n/a,7/30/18 16:41,7/30/18 16:41,8,3,n/a,Yes,n/a
686130009ff1ad15158e0956,https://it.nc.gov/gicc-smac-minutes-20180718/open,pdf,n/a,7/31/18 12:43,7/31/18 12:43,10,3,n/a,No,n/a
686130269ff1ad15158e0961,https://it.nc.gov/mo-minutes-20180618/open,pdf,n/a,8/2/18 14:32,8/2/18 14:32,10,3,n/a,Yes,n/a
68614fd39ff1ad15158e1138,https://it.nc.gov/lgc-agenda-20180822/open,pdf,n/a,8/20/18 12:50,8/20/18 12:50,2,5,n/a,Yes,n/a
686b1f027401ef7bb82d69eb,https://it.nc.gov/documents/cybersecurity-newsletters/2018/esrmo-newsletter-august-2018/download?attachment,pdf,n/a,8/22/18 17:20,8/22/18 17:22,5,7,n/a,No,n/a
686164689ff1ad15158e1294,https://it.nc.gov/documents/cybersecurity-newsletters/2018/esrmo-newsletter-august-2018/open,pdf,n/a,8/22/18 17:20,8/22/18 17:22,5,7,n/a,No,n/a
68614f3e9ff1ad15158e1135,https://it.nc.gov/sag-award-deq-amy-axon20180823/open,pdf,n/a,8/29/18 16:03,8/29/18 16:03,6,3,n/a,Yes,n/a
68614f449ff1ad15158e1136,https://it.nc.gov/sguc-dit-dacs-service-overview-20180823/open,pdf,n/a,8/29/18 16:03,8/29/18 16:03,12,3,n/a,Yes,n/a
68614f4a9ff1ad15158e1137,https://it.nc.gov/g-sanchez-stategovernmentgis-userscommittee-20180823/open,pdf,n/a,8/29/18 16:05,8/29/18 16:05,25,3,1,Yes,n/a
6861301f9ff1ad15158e095f,https://it.nc.gov/land-cover-working-group-report-draft20180628/open,pdf,n/a,8/30/18 13:55,8/30/18 13:55,25,4,n/a,Yes,n/a
685fae7bc32907bcdbcb5ab5,https://it.nc.gov/documents/files/gicc-local-government-committee-work-plan-2018-2019/download?attachment,pdf,n/a,9/4/18 14:55,9/4/18 14:55,3,3,n/a,Yes,n/a
685faf1ac32907bcdbcb5acb,https://it.nc.gov/documents/files/gicc-federal-interagency-committee-work-plan-2018-19/download?attachment,pdf,n/a,9/4/18 15:26,9/4/18 15:26,3,3,n/a,Yes,n/a
68614fde9ff1ad15158e1139,https://it.nc.gov/lgc-minutes-20180822/open,pdf,n/a,9/7/18 13:38,9/7/18 13:38,6,3,n/a,Yes,n/a
686b1ef87401ef7bb82d69e9,https://it.nc.gov/documents/cybersecurity-newsletters/2018/esrmo-newsletter-september-2018/download?attachment,pdf,n/a,9/17/18 15:30,9/17/18 15:35,6,7,n/a,No,n/a
686173919ff1ad15158e1355,https://it.nc.gov/documents/cybersecurity-newsletters/2018/esrmo-newsletter-september-2018/open,pdf,n/a,9/17/18 15:30,9/17/18 15:35,6,7,1,No,n/a
686b16597401ef7bb82d67ad,https://it.nc.gov/documents/files/domain-management-guidelines/download?attachment,pdf,n/a,9/9/18 13:21,9/18/18 14:56,2,4,n/a,No,n/a
686106036b18002de4d6fd00,https://it.nc.gov/documents/files/domain-management-guidelines/open,pdf,n/a,9/9/18 13:21,9/18/18 14:56,2,4,n/a,No,n/a
68614f1d9ff1ad15158e1130,https://it.nc.gov/gicc-smac-agenda-20181017v2/open,pdf,n/a,10/10/18 17:01,10/10/18 17:01,1,1,n/a,Yes,n/a
686b1ef37401ef7bb82d69e7,https://it.nc.gov/documents/cybersecurity-newsletters/2018/esrmo-newsletter-october-2018/download?attachment,pdf,n/a,10/11/18 13:16,10/11/18 13:18,5,7,3,No,n/a
686172bc9ff1ad15158e1352,https://it.nc.gov/documents/cybersecurity-newsletters/2018/esrmo-newsletter-october-2018/open,pdf,n/a,10/11/18 13:16,10/11/18 13:18,5,7,3,No,n/a
68614f0e9ff1ad15158e112e,https://it.nc.gov/mo-agenda-20181022-rev/open,pdf,n/a,10/19/18 9:35,10/19/18 9:35,1,3,n/a,Yes,n/a
68614f299ff1ad15158e1132,https://it.nc.gov/gicc-smac-nc-parcels-20181017/open,pdf,n/a,10/19/18 13:55,10/19/18 13:55,4,2,n/a,Yes,n/a
68614f259ff1ad15158e1131,https://it.nc.gov/gicc-smac-orthoprogramupdate-20181017/open,pdf,n/a,10/19/18 13:56,10/19/18 13:56,9,3,2,Yes,n/a
685fadd5c32907bcdbcb5aa0,https://it.nc.gov/documents/files/gicc-smac-workplan-2018-19/download?attachment,pdf,n/a,10/19/18 14:59,10/19/18 14:59,3,3,n/a,Yes,n/a
68614ec69ff1ad15158e1124,https://it.nc.gov/gicc-agenda-20181107/open,pdf,n/a,10/24/18 17:13,10/24/18 17:13,1,4,n/a,Yes,n/a
68614f189ff1ad15158e112f,https://it.nc.gov/mo-minutes-20181022/open,pdf,n/a,10/29/18 16:57,10/29/18 16:57,7,3,n/a,Yes,n/a
68614f2f9ff1ad15158e1133,https://it.nc.gov/gicc-smac-minutes-20181017/open,pdf,n/a,11/1/18 15:52,11/1/18 15:52,11,2,n/a,Yes,n/a
68614f029ff1ad15158e112c,https://it.nc.gov/hurricane-florence-response-and-recovery-onslow-county/open,pdf,n/a,11/6/18 16:40,11/6/18 16:40,1,3,n/a,Yes,n/a
68614ef99ff1ad15158e112b,https://it.nc.gov/hurricane-florence-ncgicc-pender-county/open,pdf,n/a,11/6/18 16:44,11/6/18 16:44,2,4,n/a,Yes,n/a
68614ef29ff1ad15158e112a,https://it.nc.gov/letter-gicc-alice-wilson-cityofnewbern/open,pdf,n/a,11/6/18 17:04,11/6/18 17:04,2,3,n/a,Yes,n/a
68614edc9ff1ad15158e1127,https://it.nc.gov/gicc-ncdeq-florence-20181107/open,pdf,n/a,11/9/18 8:53,11/9/18 8:53,7,3,n/a,Yes,n/a
68614ece9ff1ad15158e1125,https://it.nc.gov/gicc-wilmington-florence-20181107/open,pdf,n/a,11/9/18 8:53,11/9/18 8:53,12,2,n/a,Yes,n/a
68614ee69ff1ad15158e1128,https://it.nc.gov/gicc-ncda-florence-20181107/open,pdf,n/a,11/9/18 8:54,11/9/18 8:54,14,2,n/a,Yes,n/a
68614eed9ff1ad15158e1129,https://it.nc.gov/gicc-ncdot-florence-20181107/open,pdf,n/a,11/9/18 8:56,11/9/18 8:56,15,2,n/a,Yes,n/a
686b1ee97401ef7bb82d69e2,https://it.nc.gov/documents/cybersecurity-newsletters/2018/esrmo-newsletter-november-2018/download?attachment,pdf,n/a,11/19/18 18:28,11/19/18 18:33,5,7,n/a,No,n/a
6861729e9ff1ad15158e134f,https://it.nc.gov/documents/cybersecurity-newsletters/2018/esrmo-newsletter-november-2018/open,pdf,n/a,11/19/18 18:28,11/19/18 18:33,5,7,1,No,n/a
68614eb69ff1ad15158e1122,https://it.nc.gov/lgc-agenda-20181128/open,pdf,n/a,11/26/18 8:04,11/26/18 8:04,2,5,n/a,Yes,n/a
68614ea39ff1ad15158e111f,https://it.nc.gov/mo-agenda-20181217/open,pdf,n/a,12/6/18 13:36,12/6/18 13:36,1,3,n/a,Yes,n/a
685fc6b2c32907bcdbcb5fd2,https://it.nc.gov/documents/files/wearencgovpresentation3/open,pdf,n/a,12/7/18 16:25,12/12/18 10:47,19,4,n/a,No,n/a
685f70a7c32907bcdbcb5165,https://it.nc.gov/12072018approvedstateplan/download?attachment,pdf,n/a,12/10/18 14:24,12/13/18 10:56,67,4,n/a,No,n/a
68614eac9ff1ad15158e1121,https://it.nc.gov/lgc-minutes-20181128/open,pdf,n/a,12/17/18 11:05,12/17/18 11:05,6,3,n/a,Yes,n/a
686b1ee17401ef7bb82d69e1,https://it.nc.gov/documents/cybersecurity-newsletters/2018/esrmo-newsletter-december-2018/download?attachment,pdf,n/a,12/17/18 15:47,12/17/18 15:52,5,7,1,No,n/a
686164849ff1ad15158e1297,https://it.nc.gov/documents/cybersecurity-newsletters/2018/esrmo-newsletter-december-2018/open,pdf,n/a,12/17/18 15:47,12/17/18 15:52,5,7,1,No,n/a
68614ea79ff1ad15158e1120,https://it.nc.gov/mo-minutes-20181217/open,pdf,n/a,1/4/19 14:15,1/4/19 14:15,8,4,n/a,Yes,n/a
686b1edd7401ef7bb82d69df,https://it.nc.gov/documents/cybersecurity-newsletters/2019/esrmo-newsletter-january-2019/download?attachment,pdf,n/a,1/16/19 13:04,1/16/19 13:06,5,7,n/a,No,n/a
686164bc9ff1ad15158e129d,https://it.nc.gov/documents/cybersecurity-newsletters/2019/esrmo-newsletter-january-2019/open,pdf,n/a,1/16/19 13:04,1/16/19 13:06,5,7,n/a,No,n/a
687248c479354bf5d16d1fd8,https://it.nc.gov/20190118-board-agenda/download?attachment,pdf,n/a,1/18/19 12:00,1/18/19 12:00,2,3,n/a,Yes,n/a
687248c379354bf5d16d1fcd,https://it.nc.gov/20190118-board-agenda-book-final/download?attachment,pdf,n/a,1/11/19 21:13,1/18/19 12:52,91,7,n/a,No,n/a
68614e7b9ff1ad15158e1117,https://it.nc.gov/gicc-smac-agenda-20190123/open,pdf,n/a,1/22/19 14:57,1/22/19 14:57,1,2,n/a,No,n/a
68614e8d9ff1ad15158e1119,https://it.nc.gov/gicc-smac-nc-parcels-20190123/open,pdf,n/a,1/23/19 8:54,1/23/19 8:54,5,2,n/a,Yes,n/a
68614e989ff1ad15158e111e,https://it.nc.gov/gicc-smac-county-boundary-surveys-20190123/open,pdf,n/a,1/23/19 12:04,1/23/19 12:04,2,4,n/a,No,n/a
68614e919ff1ad15158e111d,https://it.nc.gov/gicc-smac-datum-20190123/open,pdf,n/a,1/23/19 12:06,1/23/19 12:06,5,4,n/a,No,n/a
68614e819ff1ad15158e1118,https://it.nc.gov/gicc-smac-orthoprogramupdate-20190123/open,pdf,n/a,1/24/19 10:38,1/24/19 10:38,7,3,2,Yes,n/a
6860fe286b18002de4d6fc79,https://it.nc.gov/documents/files/getting-started-delegated-administrators/open,pdf,n/a,2/11/19 10:55,2/11/19 10:55,5,3,n/a,Yes,n/a
686b20247401ef7bb82d6a42,https://it.nc.gov/dmv-advanced-vehicle-report/download,pdf,n/a,2/11/19 12:24,2/11/19 12:24,2,3,n/a,Yes,n/a
68614e5a9ff1ad15158e110e,https://it.nc.gov/gicc-agenda-20190213-rev/open,pdf,n/a,2/12/19 11:51,2/12/19 11:51,1,3,1,Yes,n/a
68614e6d9ff1ad15158e1112,https://it.nc.gov/gicc-2022-datum-20190213/open,pdf,n/a,2/14/19 9:55,2/14/19 9:55,25,2,n/a,Yes,n/a
68614e629ff1ad15158e110f,https://it.nc.gov/gicc-atlas-presentation-20190213/open,pdf,n/a,2/14/19 9:56,2/14/19 9:56,56,3,n/a,Yes,n/a
686b1ed87401ef7bb82d69dd,https://it.nc.gov/documents/cybersecurity-newsletters/2019/esrmo-newsletter-february-2019/download?attachment,pdf,n/a,2/18/19 17:34,2/18/19 17:34,5,5,n/a,Yes,n/a
686164a69ff1ad15158e129b,https://it.nc.gov/documents/cybersecurity-newsletters/2019/esrmo-newsletter-february-2019/open,pdf,n/a,2/18/19 17:34,2/18/19 17:34,5,5,n/a,Yes,n/a
687248c379354bf5d16d1fbb,https://it.nc.gov/20190222-board-agenda/download?attachment,pdf,n/a,2/18/19 17:53,2/18/19 17:53,2,2,n/a,Yes,n/a
687248c479354bf5d16d1fdb,https://it.nc.gov/20190222-board-agenda-book/download?attachment,pdf,n/a,2/18/19 15:19,2/19/19 15:27,137,6,n/a,No,n/a
686b176d7401ef7bb82d6817,https://it.nc.gov/documents/ncid-getting-started-agency-service-desk/download?attachment,pdf,n/a,2/28/19 16:34,2/28/19 16:35,18,2,n/a,Yes,n/a
68613d659ff1ad15158e0f87,https://it.nc.gov/documents/ncid-getting-started-agency-service-desk/open,pdf,n/a,2/28/19 16:34,2/28/19 16:35,18,2,n/a,Yes,n/a
686b17627401ef7bb82d6813,https://it.nc.gov/documents/getting-started-ncid-application-administrators/download?attachment,pdf,n/a,3/1/19 10:50,3/1/19 10:50,2,3,n/a,Yes,n/a
6860fe706b18002de4d6fc84,https://it.nc.gov/documents/getting-started-ncid-application-administrators/open,pdf,n/a,3/1/19 10:50,3/1/19 10:50,2,3,n/a,Yes,n/a
686b175b7401ef7bb82d6811,https://it.nc.gov/documents/self-service-password-reset-quick-start-guide/download?attachment,pdf,n/a,3/1/19 15:23,3/1/19 15:23,19,2,n/a,Yes,n/a
68613d7c9ff1ad15158e0f8b,https://it.nc.gov/documents/self-service-password-reset-quick-start-guide/open,pdf,n/a,3/1/19 15:23,3/1/19 15:23,19,2,n/a,Yes,n/a
686192fb9ff1ad15158e149c,https://it.nc.gov/documents/911-board/nc-911-board-meeting-january-18-2019-approved-minutes/open,pdf,n/a,3/1/19 20:11,3/1/19 20:11,4,4,n/a,Yes,n/a
68614f079ff1ad15158e112d,https://it.nc.gov/gicc-minutes-20181107-final/open,pdf,n/a,3/5/19 12:37,3/5/19 12:37,12,4,n/a,Yes,n/a
68614e4c9ff1ad15158e110a,https://it.nc.gov/lgc-agenda-20190313-rev/open,pdf,n/a,3/13/19 13:39,3/13/19 13:39,2,5,n/a,Yes,n/a
68614e3e9ff1ad15158e1106,https://it.nc.gov/mo-agenda-20190401/open,pdf,n/a,3/15/19 16:11,3/15/19 16:11,2,4,n/a,Yes,n/a
68614e789ff1ad15158e1114,https://it.nc.gov/gicc-smac-minutes-20190123/open,pdf,n/a,3/18/19 10:35,3/18/19 10:35,8,3,n/a,No,n/a
686b1ed27401ef7bb82d69da,https://it.nc.gov/documents/cybersecurity-newsletters/2019/esrmo-newsletter-march-2019/download?attachment,pdf,n/a,3/18/19 15:13,3/18/19 15:13,5,5,n/a,Yes,n/a
686172749ff1ad15158e134b,https://it.nc.gov/documents/cybersecurity-newsletters/2019/esrmo-newsletter-march-2019/open,pdf,n/a,3/18/19 15:13,3/18/19 15:13,5,5,n/a,Yes,n/a
687248c379354bf5d16d1fb7,https://it.nc.gov/20190322-board-agenda/download?attachment,pdf,n/a,3/18/19 21:15,3/18/19 21:15,2,3,n/a,Yes,n/a
687248bb79354bf5d16d1f9d,https://it.nc.gov/20190322-board-agenda-book/download?attachment,pdf,n/a,3/18/19 21:15,3/18/19 21:48,79,6,n/a,No,n/a
68614e729ff1ad15158e1113,https://it.nc.gov/gicc-minutes-20190213/open,pdf,n/a,4/10/19 10:18,4/10/19 10:18,9,4,n/a,Yes,n/a
68614e139ff1ad15158e10fd,https://it.nc.gov/gicc-smac-agenda-20190417/open,pdf,n/a,4/10/19 11:17,4/10/19 11:17,1,2,n/a,No,n/a
687248bb79354bf5d16d1f95,https://it.nc.gov/20190222-nc911-board-minutesapproved/download?attachment,pdf,n/a,4/12/19 12:22,4/12/19 12:22,6,4,n/a,Yes,n/a
68613ebe9ff1ad15158e0fab,https://it.nc.gov/documents/files/land-cover-working-group-report-business-needs-land-cover-data/open,pdf,n/a,4/16/19 14:25,4/16/19 14:25,21,4,n/a,Yes,n/a
68614e349ff1ad15158e1105,https://it.nc.gov/land-cover-working-group-report20190416/open,pdf,n/a,4/16/19 14:25,4/16/19 14:25,21,4,n/a,Yes,n/a
687248c379354bf5d16d1fb4,https://it.nc.gov/20190426-board-agenda/download?attachment,pdf,n/a,4/22/19 16:57,4/22/19 16:57,2,2,n/a,Yes,n/a
686b1ecc7401ef7bb82d69d6,https://it.nc.gov/documents/cybersecurity-newsletters/2019/esrmo-newsletter-april-2019/download?attachment,pdf,n/a,4/22/19 17:39,4/22/19 17:43,6,5,n/a,Yes,n/a
686164519ff1ad15158e1292,https://it.nc.gov/documents/cybersecurity-newsletters/2019/esrmo-newsletter-april-2019/open,pdf,n/a,4/22/19 17:39,4/22/19 17:43,6,5,n/a,Yes,n/a
687248c579354bf5d16d1ff7,https://it.nc.gov/20190426-board-agenda-book/download?attachment,pdf,n/a,4/22/19 17:17,4/22/19 18:07,82,6,1,No,n/a
68614e299ff1ad15158e1101,https://it.nc.gov/gicc-smac-atlas-hydro-20190417/open,pdf,n/a,4/24/19 10:25,4/24/19 10:25,24,2,n/a,Yes,n/a
68614e1a9ff1ad15158e10ff,https://it.nc.gov/gicc-smac-orthoprogramupdate-20190417/open,pdf,n/a,4/24/19 10:26,4/24/19 10:26,9,3,2,Yes,n/a
68614e1f9ff1ad15158e1100,https://it.nc.gov/gicc-smac-nc-parcels-20190417/open,pdf,n/a,4/24/19 10:27,4/24/19 10:27,4,2,n/a,Yes,n/a
68614e459ff1ad15158e1109,https://it.nc.gov/mo-minutes-20190401/open,pdf,n/a,4/30/19 14:34,4/30/19 14:34,10,4,n/a,Yes,n/a
68614e549ff1ad15158e110b,https://it.nc.gov/lgc-minutes-20190313/open,pdf,n/a,5/3/19 9:02,5/3/19 9:02,8,3,n/a,Yes,n/a
68614d3e9ff1ad15158e10d6,https://it.nc.gov/sguc-agenda-generalmeeting201900513rev/open,pdf,n/a,5/6/19 13:25,5/6/19 13:25,1,3,n/a,Yes,n/a
68614dc29ff1ad15158e10ea,https://it.nc.gov/federal-interagency-committee-agenda20190516/open,pdf,n/a,5/7/19 11:04,5/7/19 11:04,1,3,1,Yes,n/a
685faf94c32907bcdbcb5ae3,https://it.nc.gov/summary-use-case-discussion-gicc-ncbees-20190507-0/open,pdf,n/a,5/7/19 14:49,5/7/19 14:49,15,4,n/a,Yes,n/a
68614df69ff1ad15158e10f7,https://it.nc.gov/summary-use-case-discussion-gicc-ncbees-20190507/open,pdf,n/a,5/7/19 14:49,5/7/19 14:49,15,4,n/a,Yes,n/a
68614dc69ff1ad15158e10ed,https://it.nc.gov/gicc-agenda-20190508-rev/open,pdf,n/a,5/7/19 16:58,5/7/19 16:58,1,3,n/a,Yes,n/a
68614e2f9ff1ad15158e1104,https://it.nc.gov/smac-minutes-20190417/open,pdf,n/a,5/8/19 9:20,5/8/19 9:20,9,3,n/a,Yes,n/a
68614e099ff1ad15158e10f9,https://it.nc.gov/gicc-2019-nc-gis-conference-recap-20190508/open,pdf,n/a,5/9/19 9:30,5/9/19 9:30,20,2,n/a,Yes,n/a
68614dd29ff1ad15158e10ef,https://it.nc.gov/gicc-public-access-geospatial-representations-local/open,pdf,n/a,5/9/19 9:30,5/9/19 9:30,7,2,n/a,Yes,n/a
68614dfe9ff1ad15158e10f8,https://it.nc.gov/gicc-census2020-20190508/open,pdf,n/a,5/9/19 9:31,5/9/19 9:31,3,3,n/a,Yes,n/a
68614ddc9ff1ad15158e10f2,https://it.nc.gov/gicc-data-availability-policy-utility-partners-20190508/open,pdf,n/a,5/9/19 9:31,5/9/19 9:31,10,3,n/a,Yes,n/a
68614de89ff1ad15158e10f4,https://it.nc.gov/gicc-municipal-boundaries-update-20190508/open,pdf,n/a,5/9/19 9:31,5/9/19 9:31,12,2,n/a,Yes,n/a
68614dcd9ff1ad15158e10ee,https://it.nc.gov/gicc-nextgen911-gis-update20190508/open,pdf,n/a,5/9/19 9:31,5/9/19 9:31,8,3,n/a,Yes,n/a
68614de09ff1ad15158e10f3,https://it.nc.gov/gicc-overview-council-role-and-certain-applicable-laws/open,pdf,n/a,5/9/19 9:31,5/9/19 9:31,7,2,n/a,Yes,n/a
68614df19ff1ad15158e10f5,https://it.nc.gov/gicc-working-group-pls-and-gis-20190508/open,pdf,n/a,5/9/19 9:32,5/9/19 9:32,12,2,n/a,Yes,n/a
685f9decc32907bcdbcb58c3,https://it.nc.gov/20190517-board-agenda/download?attachment,pdf,n/a,5/13/19 18:40,5/13/19 18:40,2,2,n/a,Yes,n/a
68839de97589602f3afbfb73,https://it.nc.gov/documents/system-security-are-we-risk/open,pdf,n/a,5/17/19 11:37,5/17/19 11:37,11,2,n/a,Yes,n/a
686148b09ff1ad15158e1061,https://it.nc.gov/documents/importance-data-digital-transformation/open,pdf,n/a,5/17/19 13:36,5/17/19 13:36,21,2,n/a,Yes,n/a
6861556c9ff1ad15158e11b1,https://it.nc.gov/documents/open-budget/transportation-contracts-report-help-documentation/open,pdf,n/a,5/17/19 14:39,5/17/19 14:39,1,3,n/a,No,n/a
686155649ff1ad15158e11b0,https://it.nc.gov/documents/open-budget/statewide-agency-contracts-report-help-documentation/open,pdf,n/a,5/17/19 14:43,5/17/19 14:43,2,4,n/a,No,n/a
685fb996c32907bcdbcb5c56,https://it.nc.gov/documents/cybersecurity-presentation-tufts/open,pdf,n/a,5/17/19 14:54,5/17/19 14:54,15,3,n/a,Yes,n/a
686b1ec37401ef7bb82d69d4,https://it.nc.gov/documents/cybersecurity-newsletters/2019/esrmo-newsletter-may-2019/download?attachment,pdf,n/a,5/22/19 18:05,5/22/19 18:05,6,5,n/a,Yes,n/a
686172879ff1ad15158e134d,https://it.nc.gov/documents/cybersecurity-newsletters/2019/esrmo-newsletter-may-2019/open,pdf,n/a,5/22/19 18:05,5/22/19 18:05,6,5,n/a,Yes,n/a
6846ef67bab6c57149336f8f,https://it.nc.gov/ng911-gis-project-introduction-meetings-presentation/open,pdf,n/a,5/22/19 18:06,5/22/19 18:07,40,3,n/a,Yes,n/a
68614e0d9ff1ad15158e10fc,https://it.nc.gov/gicc-minutes-20190508/open,pdf,n/a,5/24/19 8:24,5/24/19 8:24,12,4,n/a,Yes,n/a
68614db39ff1ad15158e10e8,https://it.nc.gov/2022-datum-lgc/open,pdf,n/a,5/26/19 21:11,5/26/19 21:11,19,2,n/a,Yes,n/a
68614dac9ff1ad15158e10e5,https://it.nc.gov/lgc-agenda-20190529/open,pdf,n/a,5/28/19 17:17,5/28/19 17:17,2,5,n/a,Yes,n/a
685fc6d1c32907bcdbcb5fd7,https://it.nc.gov/wearencgov-broadbandinitiatives/open,pdf,n/a,5/31/19 15:21,5/31/19 15:21,27,4,n/a,No,n/a
6846ef6cbab6c57149336f90,https://it.nc.gov/ng911-gis-managed-services-contacts/open,pdf,n/a,6/6/19 19:22,6/6/19 19:22,1,3,n/a,Yes,n/a
686155f19ff1ad15158e11b2,https://it.nc.gov/documents/open-budget/vendor-payments-report-help-documentation/open,pdf,n/a,6/7/19 10:55,6/7/19 10:55,2,4,n/a,No,n/a
686b1a367401ef7bb82d68a6,https://it.nc.gov/documents/files/2019-06-17-204d-printer-mfd-faqs/open,pdf,n/a,6/17/19 12:08,6/17/19 12:08,7,3,n/a,Yes,n/a
68614db99ff1ad15158e10e9,https://it.nc.gov/lgc-minutes-20190529/open,pdf,n/a,6/19/19 9:48,6/19/19 9:48,7,3,n/a,Yes,n/a
68614d9e9ff1ad15158e10e3,https://it.nc.gov/mo-agenda-20190624/open,pdf,n/a,6/19/19 15:50,6/19/19 15:50,1,3,n/a,Yes,n/a
687248bb79354bf5d16d1fa2,https://it.nc.gov/20190322-nc-911-board-minuted-approved/download?attachment,pdf,n/a,6/20/19 13:55,6/20/19 13:55,4,4,n/a,Yes,n/a
687248c479354bf5d16d1fe0,https://it.nc.gov/20190416-nc-911-board-minutes-approved/download?attachment,pdf,n/a,6/20/19 14:00,6/20/19 14:00,5,5,n/a,Yes,n/a
685f9dcfc32907bcdbcb58bf,https://it.nc.gov/20190628-board-agenda/download?attachment,pdf,n/a,6/24/19 17:59,6/24/19 17:59,2,3,n/a,Yes,n/a
685f9ddcc32907bcdbcb58c0,https://it.nc.gov/20190628-board-agenda-book/download?attachment,pdf,n/a,6/24/19 17:06,6/24/19 18:58,153,6,n/a,No,n/a
686b1eba7401ef7bb82d69d2,https://it.nc.gov/documents/cybersecurity-newsletters/2019/esrmo-newsletter-june-2019/download?attachment,pdf,n/a,6/25/19 16:35,6/25/19 16:41,5,7,1,No,n/a
686172459ff1ad15158e1347,https://it.nc.gov/documents/cybersecurity-newsletters/2019/esrmo-newsletter-june-2019/open,pdf,n/a,6/25/19 16:35,6/25/19 16:41,5,7,1,No,n/a
685f9dfcc32907bcdbcb58c6,https://it.nc.gov/20190517-nc-911-board-minutes-approved/download?attachment,pdf,n/a,6/28/19 13:33,6/28/19 13:33,4,4,n/a,Yes,n/a
68614d6a9ff1ad15158e10dc,https://it.nc.gov/gicc-smac-agenda-20190717/open,pdf,n/a,7/15/19 15:04,7/15/19 15:04,1,1,n/a,Yes,n/a
68614d8f9ff1ad15158e10e1,https://it.nc.gov/gicc-smac-countyboundarysurveys-20190717/open,pdf,n/a,7/18/19 8:39,7/18/19 8:39,3,2,n/a,Yes,n/a
68614d879ff1ad15158e10e0,https://it.nc.gov/gicc-smac-geodeticcontrol-20190717/open,pdf,n/a,7/18/19 8:39,7/18/19 8:39,5,2,n/a,Yes,n/a
68614d969ff1ad15158e10e2,https://it.nc.gov/gicc-smac-municipalboundaries-20190717/open,pdf,n/a,7/18/19 8:39,7/18/19 8:39,5,2,n/a,Yes,n/a
68614d819ff1ad15158e10df,https://it.nc.gov/gicc-smac-nc-parcels-20190717/open,pdf,n/a,7/18/19 8:40,7/18/19 8:40,5,2,n/a,Yes,n/a
68614d789ff1ad15158e10de,https://it.nc.gov/gicc-smac-orthoprogramupdate-20190717/open,pdf,n/a,7/18/19 8:40,7/18/19 8:40,10,3,1,Yes,n/a
685f9dc2c32907bcdbcb58bd,https://it.nc.gov/20190726-board-agenda-book/download?attachment,pdf,n/a,7/21/19 22:15,7/21/19 22:42,114,6,n/a,No,n/a
685f9db9c32907bcdbcb58bb,https://it.nc.gov/20190726-board-agenda/download?attachment,pdf,n/a,7/21/19 22:43,7/21/19 22:43,2,2,n/a,Yes,n/a
685faee5c32907bcdbcb5ac3,https://it.nc.gov/documents/files/sguc-workplan2018-2019rev/download?attachment,pdf,n/a,7/22/19 9:59,7/22/19 9:59,4,3,n/a,Yes,n/a
686b1eb37401ef7bb82d69cb,https://it.nc.gov/documents/cybersecurity-newsletters/2019/esrmo-newsletter-july-2019/download?attachment,pdf,n/a,7/29/19 15:19,7/29/19 15:34,5,8,n/a,No,n/a
686172249ff1ad15158e1344,https://it.nc.gov/documents/cybersecurity-newsletters/2019/esrmo-newsletter-july-2019/open,pdf,n/a,7/29/19 15:19,7/29/19 15:34,5,8,n/a,No,n/a
685f9de2c32907bcdbcb58c2,https://it.nc.gov/20190628-nc-911-board-minutes-approved/download?attachment,pdf,n/a,7/31/19 15:27,7/31/19 15:27,5,4,n/a,Yes,n/a
68614da69ff1ad15158e10e4,https://it.nc.gov/gicc-mo-minutes-20190624/open,pdf,n/a,8/1/19 14:40,8/1/19 14:40,7,4,n/a,Yes,n/a
68614d479ff1ad15158e10d7,https://it.nc.gov/gicc-agenda-20190814/open,pdf,n/a,8/2/19 11:51,8/2/19 11:51,1,4,n/a,Yes,n/a
68614d749ff1ad15158e10dd,https://it.nc.gov/gicc-smac-minutes-20190717/open,pdf,n/a,8/13/19 7:32,8/13/19 7:32,5,3,1,Yes,n/a
685f888cc32907bcdbcb55d6,https://it.nc.gov/documents/files/understanding-smart-cities-geospatial-perspective/download?attachment,pdf,n/a,8/13/19 14:19,8/13/19 14:19,10,5,1,Yes,n/a
685f6f1bc32907bcdbcb5110,https://it.nc.gov/documents/files/cisco-8800-series-quick-start-guide/download?attachment,pdf,n/a,5/8/18 12:30,8/13/19 15:16,2,2,n/a,Yes,n/a
685f9d6dc32907bcdbcb58b7,https://it.nc.gov/20190823-board-agenda/download?attachment,pdf,n/a,8/16/19 18:27,8/16/19 18:27,2,2,n/a,Yes,n/a
685f9d75c32907bcdbcb58b8,https://it.nc.gov/20190823-board-agenda-book/download?attachment,pdf,n/a,8/16/19 18:25,8/16/19 21:51,232,6,n/a,No,n/a
68614d5d9ff1ad15158e10da,https://it.nc.gov/gicc-public-access-infrastructure-data-discussion-20190814/open,pdf,n/a,8/20/19 8:30,8/20/19 8:30,7,2,n/a,Yes,n/a
68614d4b9ff1ad15158e10d8,https://it.nc.gov/gicc-working-group-enhance-emergency-response-20190814/open,pdf,n/a,8/20/19 8:31,8/20/19 8:31,15,3,n/a,Yes,n/a
68614d549ff1ad15158e10d9,https://it.nc.gov/gicc-working-group-pls-and-gis-final-report-20190814/open,pdf,n/a,8/20/19 8:31,8/20/19 8:31,6,2,n/a,Yes,n/a
68614d2e9ff1ad15158e10d4,https://it.nc.gov/lgc-agenda-20190828/open,pdf,n/a,8/22/19 11:55,8/22/19 11:55,2,5,n/a,Yes,n/a
685f9dc8c32907bcdbcb58be,https://it.nc.gov/20190726-nc-911-board-minutes-approved/download?attachment,pdf,n/a,8/27/19 13:16,8/27/19 13:17,7,4,n/a,Yes,n/a
685f9d99c32907bcdbcb58ba,https://it.nc.gov/20190814-nc-911-board-minutes-approved/download?attachment,pdf,n/a,8/27/19 13:21,8/27/19 13:21,1,1,n/a,Yes,n/a
686b1eac7401ef7bb82d69c9,https://it.nc.gov/documents/cybersecurity-newsletters/2019/esrmo-newsletter-august-2019/download?attachment,pdf,n/a,8/27/19 22:12,8/27/19 22:20,5,5,2,Yes,n/a
6861646d9ff1ad15158e1295,https://it.nc.gov/documents/cybersecurity-newsletters/2019/esrmo-newsletter-august-2019/open,pdf,n/a,8/27/19 22:12,8/27/19 22:20,5,5,2,Yes,n/a
68614d639ff1ad15158e10db,https://it.nc.gov/gicc-minutes-20190814/open,pdf,n/a,9/19/19 12:21,9/19/19 12:21,12,4,n/a,Yes,n/a
687cb3532bf8807ad0553683,https://it.nc.gov/documents/public-meetings/broadband-task-force/broadband-task-force-connecting-north-carolina-meeting-agenda-sept-23-2019/open,pdf,n/a,9/20/19 15:40,9/20/19 15:48,2,3,n/a,Yes,n/a
685f9d54c32907bcdbcb58b3,https://it.nc.gov/20190927-board-agenda-book/download?attachment,pdf,n/a,9/24/19 2:29,9/24/19 3:10,114,6,n/a,No,n/a
685f9d4dc32907bcdbcb58b2,https://it.nc.gov/20190927-board-agenda/download?attachment,pdf,n/a,9/24/19 3:12,9/24/19 3:12,2,2,n/a,Yes,n/a
685fbb25c32907bcdbcb5c7f,https://it.nc.gov/documents/gicc/nsgic-best-practices-geoenabled-electionspdf/open,pdf,n/a,9/25/19 13:39,9/25/19 13:39,8,4,n/a,Yes,n/a
686b1ea47401ef7bb82d69c8,https://it.nc.gov/documents/cybersecurity-newsletters/2019/esrmo-newsletter-september-2019/download?attachment,pdf,n/a,9/27/19 12:43,9/27/19 12:43,5,5,5,Yes,n/a
6906ab1469305494e63f7610,https://it.nc.gov/documents/cybersecurity-newsletters/2019/esrmo-newsletter-september-2019/open,pdf,n/a,9/27/19 12:43,9/27/19 12:43,5,5,4,Yes,n/a
685f9d63c32907bcdbcb58b6,https://it.nc.gov/20190826-nc-911-board-minutes-approved/download?attachment,pdf,n/a,10/3/19 9:37,10/3/19 9:37,1,1,n/a,Yes,n/a
68614d229ff1ad15158e10d3,https://it.nc.gov/gicc-mo-agenda-20191014-v2/open,pdf,n/a,10/8/19 13:26,10/8/19 13:26,1,3,n/a,Yes,n/a
68614d169ff1ad15158e10d1,https://it.nc.gov/gicc-smac-2022referenceframe-20191016/open,pdf,n/a,10/18/19 8:52,10/18/19 8:52,9,2,n/a,Yes,n/a
68614d1e9ff1ad15158e10d2,https://it.nc.gov/gicc-smac-county-state-boundaries-20191016/open,pdf,n/a,10/18/19 8:52,10/18/19 8:52,9,3,n/a,Yes,n/a
68614d119ff1ad15158e10d0,https://it.nc.gov/gicc-smac-nc-parcels-20191016/open,pdf,n/a,10/18/19 8:53,10/18/19 8:53,4,2,n/a,Yes,n/a
68614d089ff1ad15158e10cf,https://it.nc.gov/gicc-smac-orthoprogramupdate-20191016/open,pdf,n/a,10/18/19 8:53,10/18/19 8:53,10,3,n/a,Yes,n/a
68614cfa9ff1ad15158e10cd,https://it.nc.gov/gicc-smac-agenda-20191016-v3/open,pdf,n/a,10/18/19 8:57,10/18/19 8:57,1,1,n/a,Yes,n/a
685f9d34c32907bcdbcb58ae,https://it.nc.gov/20191025-board-agenda/download?attachment,pdf,n/a,10/18/19 20:03,10/18/19 20:03,2,2,n/a,Yes,n/a
685f9d3ec32907bcdbcb58af,https://it.nc.gov/20191025-board-agenda-book/download?attachment,pdf,n/a,10/18/19 19:39,10/18/19 20:08,42,6,n/a,No,n/a
686b1e9d7401ef7bb82d69c4,https://it.nc.gov/documents/cybersecurity-newsletters/2019/esrmo-newsletter-october-2019/download?attachment,pdf,n/a,10/23/19 13:15,10/23/19 13:15,5,5,n/a,Yes,n/a
686172d49ff1ad15158e1353,https://it.nc.gov/documents/cybersecurity-newsletters/2019/esrmo-newsletter-october-2019/open,pdf,n/a,10/23/19 13:15,10/23/19 13:15,5,5,n/a,Yes,n/a
685f9d5dc32907bcdbcb58b4,https://it.nc.gov/20190927-nc-911-board-minutes-approved/download?attachment,pdf,n/a,10/25/19 14:19,10/25/19 14:19,6,4,n/a,Yes,n/a
687cb3392bf8807ad0553681,https://it.nc.gov/documents/public-meetings/broadband-task-force/broadband-task-force-connecting-north-carolina-meeting-agenda-oct-31-2019/open,pdf,n/a,10/30/19 10:35,10/30/19 10:35,2,5,2,No,n/a
68614d049ff1ad15158e10ce,https://it.nc.gov/gicc-smac-minutes-20191016/open,pdf,n/a,11/5/19 14:56,11/5/19 14:56,5,4,n/a,Yes,n/a
68614cd99ff1ad15158e10c8,https://it.nc.gov/gicc-agenda-20191106-v2/open,pdf,n/a,11/6/19 9:15,11/6/19 9:15,1,4,n/a,Yes,n/a
68614ce89ff1ad15158e10ca,https://it.nc.gov/gicc-usgs-3dep-20191106/open,pdf,n/a,11/7/19 8:24,11/7/19 8:24,20,2,n/a,Yes,n/a
68614ced9ff1ad15158e10cb,https://it.nc.gov/gicc-dukeenergy-20191106/open,pdf,n/a,11/7/19 8:26,11/7/19 8:26,9,2,n/a,Yes,n/a
68614cf29ff1ad15158e10cc,https://it.nc.gov/gicc-ncdot-utilities-data-20191106/open,pdf,n/a,11/7/19 8:26,11/7/19 8:26,16,3,n/a,Yes,n/a
687248d879354bf5d16d2043,https://it.nc.gov/11152019-funding-meeting-agenda/download?attachment,pdf,n/a,11/15/19 15:20,11/15/19 15:20,1,1,n/a,Yes,n/a
685f6f1fc32907bcdbcb5112,https://it.nc.gov/documents/files/cisco-88xx-user-guide/download?attachment,pdf,n/a,4/5/18 9:37,11/18/19 8:56,5,5,1,No,n/a
686bc2f47648400b597547b4,https://it.nc.gov/documents/files/cisco-88xx-user-guide/open,pdf,n/a,4/5/18 9:37,11/18/19 8:56,5,5,1,No,n/a
68614d359ff1ad15158e10d5,https://it.nc.gov/lgc-minutes-20190828/open,pdf,n/a,11/18/19 11:26,11/18/19 11:26,13,4,n/a,Yes,n/a
68614cca9ff1ad15158e10c6,https://it.nc.gov/lgc-agenda-20191120/open,pdf,n/a,11/18/19 11:32,11/18/19 11:32,2,5,n/a,Yes,n/a
685fadcfc32907bcdbcb5a9f,https://it.nc.gov/documents/files/2019-20-smac-work-plan/download?attachment,pdf,n/a,11/20/19 8:30,11/20/19 8:30,3,3,n/a,Yes,n/a
685fadfdc32907bcdbcb5aa8,https://it.nc.gov/documents/files/gicc-tac-workplan-2016-17-2/download?attachment,pdf,n/a,11/20/19 9:22,11/20/19 9:22,2,3,n/a,Yes,n/a
685fadf8c32907bcdbcb5aa7,https://it.nc.gov/documents/files/tac-workplan-2018-19-2/download?attachment,pdf,n/a,11/20/19 9:36,11/20/19 9:36,2,3,n/a,Yes,n/a
685fae76c32907bcdbcb5ab4,https://it.nc.gov/documents/files/lgc-workplan-2019-20/download?attachment,pdf,n/a,11/20/19 17:05,11/20/19 17:05,4,4,n/a,Yes,n/a
685f9d1bc32907bcdbcb58a9,https://it.nc.gov/20191206-board-work-session-agenda/download?attachment,pdf,n/a,11/25/19 7:55,11/25/19 7:55,1,1,n/a,Yes,n/a
686b18a77401ef7bb82d6865,https://it.nc.gov/documents/billing-rates/center-geographic-information-analysis-billing-rates-2019-2020/download?attachment,pdf,n/a,11/25/19 11:07,11/25/19 11:07,1,2,n/a,No,n/a
686b189e7401ef7bb82d685f,https://it.nc.gov/documents/billing-rates/client-computing-billing-rates-2019-2020/download?attachment,pdf,n/a,11/25/19 11:07,11/25/19 11:07,1,2,n/a,No,n/a
686174609ff1ad15158e1361,https://it.nc.gov/documents/billing-rates/client-computing-billing-rates-2019-2020/open,pdf,n/a,11/25/19 11:07,11/25/19 11:07,1,2,n/a,No,n/a
686b18a47401ef7bb82d6864,https://it.nc.gov/documents/billing-rates/enterprise-directory-services-billing-rates-2019-2020/download?attachment,pdf,n/a,11/25/19 11:08,11/25/19 11:08,1,2,n/a,No,n/a
686174b89ff1ad15158e1369,https://it.nc.gov/documents/billing-rates/enterprise-directory-services-billing-rates-2019-2020/open,pdf,n/a,11/25/19 11:08,11/25/19 11:08,1,2,n/a,No,n/a
686b18b67401ef7bb82d686a,https://it.nc.gov/documents/billing-rates/nc-identity-management-billing-rates-2019-2020/download?attachment,pdf,n/a,11/25/19 11:08,11/25/19 11:08,1,2,n/a,No,n/a
68617fa39ff1ad15158e13d5,https://it.nc.gov/documents/billing-rates/nc-identity-management-billing-rates-2019-2020/open,pdf,n/a,11/25/19 11:08,11/25/19 11:08,1,2,n/a,No,n/a
686b18b27401ef7bb82d6869,https://it.nc.gov/documents/billing-rates/multi-factor-authentication-services-billing-rates-2019-2020/download?attachment,pdf,n/a,11/25/19 11:09,11/25/19 11:09,1,2,n/a,No,n/a
68617f819ff1ad15158e13d2,https://it.nc.gov/documents/billing-rates/multi-factor-authentication-services-billing-rates-2019-2020/open,pdf,n/a,11/25/19 11:09,11/25/19 11:09,1,2,n/a,No,n/a
686b18b07401ef7bb82d6868,https://it.nc.gov/documents/billing-rates/it-business-application-billing-rates-2019-2020/download?attachment,pdf,n/a,11/25/19 11:10,11/25/19 11:10,1,2,n/a,No,n/a
68617f479ff1ad15158e13cd,https://it.nc.gov/documents/billing-rates/it-business-application-billing-rates-2019-2020/open,pdf,n/a,11/25/19 11:10,11/25/19 11:10,1,2,n/a,No,n/a
686b189a7401ef7bb82d685e,https://it.nc.gov/documents/billing-rates/central-operator-services-billing-rates-2019-2020/download?attachment,pdf,n/a,11/25/19 11:11,11/25/19 11:11,1,2,n/a,No,n/a
6861743a9ff1ad15158e135e,https://it.nc.gov/documents/billing-rates/central-operator-services-billing-rates-2019-2020/open,pdf,n/a,11/25/19 11:11,11/25/19 11:11,1,2,n/a,No,n/a
685f9d25c32907bcdbcb58ab,https://it.nc.gov/20191206-board-work-session-agenda-book/download?attachment,pdf,n/a,11/22/19 11:43,11/25/19 18:02,24,2,n/a,Yes,n/a
685f9d07c32907bcdbcb58a6,https://it.nc.gov/20191206-board-agenda/download?attachment,pdf,n/a,11/25/19 18:37,11/25/19 18:37,2,2,n/a,Yes,n/a
686b1e957401ef7bb82d69c2,https://it.nc.gov/documents/cybersecurity-newsletters/2019/esrmo-newsletter-november-2019/download?attachment,pdf,n/a,11/27/19 10:23,11/27/19 10:23,4,5,3,Yes,n/a
686172a69ff1ad15158e1350,https://it.nc.gov/documents/cybersecurity-newsletters/2019/esrmo-newsletter-november-2019/open,pdf,n/a,11/27/19 10:23,11/27/19 10:23,4,5,3,Yes,n/a
68614cd29ff1ad15158e10c7,https://it.nc.gov/lgc-minutes-20191120/open,pdf,n/a,12/10/19 12:07,12/10/19 12:07,11,4,n/a,Yes,n/a
68614ce09ff1ad15158e10c9,https://it.nc.gov/gicc-minutes-20191106-v2/open,pdf,n/a,12/11/19 10:25,12/11/19 10:26,9,4,n/a,Yes,n/a
68614cbd9ff1ad15158e10c4,https://it.nc.gov/gicc-mo-agenda-20191216/open,pdf,n/a,12/13/19 14:19,12/13/19 14:19,1,3,n/a,Yes,n/a
687cb29c2bf8807ad0553674,https://it.nc.gov/documents/public-meetings/broadband-task-force/broadband-task-force-connecting-north-carolina-meeting-agenda-dec-19-2019/open,pdf,n/a,12/16/19 16:56,12/16/19 16:57,1,2,n/a,Yes,n/a
686b1e8d7401ef7bb82d69c0,https://it.nc.gov/documents/cybersecurity-newsletters/2019/esrmo-newsletter-december-2019/download?attachment,pdf,n/a,12/19/19 9:58,12/19/19 9:58,5,5,1,Yes,n/a
686164899ff1ad15158e1298,https://it.nc.gov/documents/cybersecurity-newsletters/2019/esrmo-newsletter-december-2019/open,pdf,n/a,12/19/19 9:58,12/19/19 9:58,5,5,1,Yes,n/a
685f6f23c32907bcdbcb5113,https://it.nc.gov/documents/files/cisco-voicemail-reference-guide/download?attachment,pdf,n/a,4/5/13 12:48,12/31/19 7:54,2,5,n/a,Yes,n/a
686bc2fa7648400b597547b6,https://it.nc.gov/documents/files/cisco-voicemail-reference-guide/open,pdf,n/a,4/5/13 12:48,12/31/19 7:54,2,5,n/a,Yes,n/a
686b18a07401ef7bb82d6863,https://it.nc.gov/documents/billing-rates/data-services-billing-rates-2019-2020/download?attachment,pdf,n/a,1/8/20 9:22,1/8/20 9:22,3,3,n/a,No,n/a
6861748b9ff1ad15158e1365,https://it.nc.gov/documents/billing-rates/data-services-billing-rates-2019-2020/open,pdf,n/a,1/8/20 9:22,1/8/20 9:22,3,3,n/a,No,n/a
68614cc39ff1ad15158e10c5,https://it.nc.gov/gicc-mo-minutes-20191216/open,pdf,n/a,1/15/20 7:44,1/15/20 7:44,3,4,n/a,Yes,n/a
687248e079354bf5d16d2075,https://it.nc.gov/01232020-funding-meeting-agenda/download?attachment,pdf,n/a,1/17/20 16:13,1/17/20 16:13,1,1,n/a,Yes,n/a
687cb2bc2bf8807ad0553676,https://it.nc.gov/documents/public-meetings/broadband-task-force/broadband-task-force-connecting-north-carolina-meeting-agenda-jan-28-2020/open,pdf,n/a,1/27/20 15:43,1/28/20 9:01,1,3,n/a,No,n/a
687cb38b2bf8807ad0553688,https://it.nc.gov/documents/files/recommendations-task-force-connecting-north-carolina-jan-28-2020/open,pdf,n/a,1/27/20 15:42,1/28/20 11:53,13,4,n/a,No,n/a
686b1e867401ef7bb82d69bd,https://it.nc.gov/documents/cybersecurity-newsletters/2020/esrmo-newsletter-january-2020/download?attachment,pdf,n/a,1/28/20 12:59,1/28/20 12:59,4,6,n/a,Yes,n/a
686164c29ff1ad15158e129e,https://it.nc.gov/documents/cybersecurity-newsletters/2020/esrmo-newsletter-january-2020/open,pdf,n/a,1/28/20 12:59,1/28/20 12:59,4,6,n/a,Yes,n/a
68839b097589602f3afbfb64,https://it.nc.gov/gicc-smac-agenda-20200129-v2/open,pdf,n/a,1/28/20 15:11,1/28/20 15:11,1,1,n/a,Yes,n/a
68839b037589602f3afbfb61,https://it.nc.gov/gicc-agenda-20200212/open,pdf,n/a,1/30/20 16:23,1/30/20 16:23,1,4,n/a,Yes,n/a
685faed4c32907bcdbcb5ac1,https://it.nc.gov/documents/files/gicc-sguc-workplan-2019-2020/download?attachment,pdf,n/a,2/3/20 10:15,2/3/20 10:15,5,3,n/a,Yes,n/a
68839b037589602f3afbfb5e,https://it.nc.gov/gicc-2022-ncspcs-20200212/open,pdf,n/a,2/13/20 7:41,2/13/20 7:41,3,2,n/a,Yes,n/a
68839b037589602f3afbfb60,https://it.nc.gov/gicc-differential-privacy-20200212/open,pdf,n/a,2/13/20 7:42,2/13/20 7:42,13,3,1,Yes,n/a
68839b037589602f3afbfb5f,https://it.nc.gov/gicc-uas-ncdot-20200212/open,pdf,n/a,2/13/20 7:42,2/13/20 7:42,23,3,3,Yes,n/a
68839b037589602f3afbfb5d,https://it.nc.gov/gicc-us-foot-20200212/open,pdf,n/a,2/13/20 7:42,2/13/20 7:42,9,3,n/a,Yes,n/a
685fa032c32907bcdbcb591c,https://it.nc.gov/11-07-19-education-committee-minutes-draft/download?attachment,pdf,n/a,2/14/20 14:01,2/14/20 14:01,3,4,n/a,Yes,n/a
685fa03ac32907bcdbcb591d,https://it.nc.gov/02202020eduagenda/download?attachment,pdf,n/a,2/16/20 14:39,2/17/20 12:11,17,6,n/a,No,n/a
685fa1ecc32907bcdbcb594a,https://it.nc.gov/02202020-funding-meeting-agenda/download?attachment,pdf,n/a,2/17/20 11:17,2/17/20 12:59,84,5,1,No,n/a
68839afe7589602f3afbfb5a,https://it.nc.gov/lgc-agenda-20200226/open,pdf,n/a,2/18/20 16:33,2/18/20 16:33,2,5,n/a,Yes,n/a
685f9cf8c32907bcdbcb58a4,https://it.nc.gov/20200228-board-agenda-book/download?attachment,pdf,n/a,2/22/20 14:48,2/22/20 16:51,220,6,2,No,n/a
685f9ceec32907bcdbcb58a0,https://it.nc.gov/20200228-board-agenda/download?attachment,pdf,n/a,2/22/20 17:00,2/22/20 17:00,2,2,n/a,Yes,n/a
68839b097589602f3afbfb65,https://it.nc.gov/gicc-smac-nc-parcels-update-20200129/open,pdf,n/a,2/26/20 15:25,2/26/20 15:25,5,2,n/a,Yes,n/a
68839b097589602f3afbfb63,https://it.nc.gov/gicc-smac-ortho-program-update-20200129/open,pdf,n/a,2/26/20 15:25,2/26/20 15:25,6,3,n/a,Yes,n/a
685fadefc32907bcdbcb5aa5,https://it.nc.gov/documents/files/gicc-tac-work-plan-19-20/download?attachment,pdf,n/a,3/2/20 13:28,3/2/20 13:28,2,3,n/a,Yes,n/a
686bc5317648400b597547f0,https://it.nc.gov/documents/public-meetings/it-strategy/it-strategy-board-agenda-march-6-2020/download?attachment,pdf,n/a,3/3/20 13:39,3/3/20 13:39,1,2,n/a,Yes,n/a
6860f5b46b18002de4d6fbe0,https://it.nc.gov/documents/public-meetings/it-strategy/it-strategy-board-agenda-march-6-2020/open,pdf,n/a,3/3/20 13:39,3/3/20 13:39,1,2,n/a,Yes,n/a
685f9d2ac32907bcdbcb58ad,https://it.nc.gov/20191206-nc911-board-minutes-approved/download?attachment,pdf,n/a,3/4/20 10:59,3/4/20 10:59,6,4,n/a,Yes,n/a
686bc5497648400b597547f3,https://it.nc.gov/documents/public-meetings/it-strategy/it-strategy-board-proposed-bylaws/download?attachment,pdf,n/a,3/6/20 8:11,3/6/20 8:11,4,3,n/a,Yes,n/a
685fb16cc32907bcdbcb5b27,https://it.nc.gov/documents/public-meetings/it-strategy/it-strategy-board-proposed-bylaws/open,pdf,n/a,3/6/20 8:11,3/6/20 8:11,4,3,n/a,Yes,n/a
686bc5457648400b597547f2,https://it.nc.gov/documents/public-meetings/it-strategy/it-strategy-board-meeting-presentation-march-6-2020/download?attachment,pdf,n/a,3/6/20 8:13,3/6/20 8:13,38,3,n/a,Yes,n/a
68610db26b18002de4d6fd77,https://it.nc.gov/documents/public-meetings/it-strategy/it-strategy-board-meeting-presentation-march-6-2020/open,pdf,n/a,3/6/20 8:13,3/6/20 8:13,38,3,n/a,Yes,n/a
685f70edc32907bcdbcb5179,https://it.nc.gov/911-board-overflow-policy/download?attachment,pdf,n/a,3/11/20 9:03,3/11/20 9:03,1,2,n/a,Yes,n/a
6846edbebab6c57149336f42,https://it.nc.gov/911-board-overflow-policy/open,pdf,n/a,3/11/20 9:03,3/11/20 9:03,1,2,n/a,Yes,n/a
685fa1dcc32907bcdbcb5948,https://it.nc.gov/03192020-funding-committee-agenda/download?attachment,pdf,n/a,3/13/20 16:20,3/13/20 16:31,18,5,n/a,No,n/a
685faf16c32907bcdbcb5aca,https://it.nc.gov/documents/files/gicc-fic-workplan2019-2020/download?attachment,pdf,n/a,3/20/20 12:34,3/20/20 12:34,3,3,n/a,Yes,n/a
685f9cdfc32907bcdbcb5899,https://it.nc.gov/20200327-board-agenda-book/download?attachment,pdf,n/a,3/24/20 0:56,3/24/20 8:37,49,6,n/a,No,n/a
685f9cd9c32907bcdbcb5897,https://it.nc.gov/20200327-board-agenda/download?attachment,pdf,n/a,3/24/20 8:38,3/24/20 8:39,1,2,n/a,Yes,n/a
685f70cfc32907bcdbcb516e,https://it.nc.gov/02232018-funding-reconsideration-policy/download,pdf,n/a,3/2/18 11:53,3/24/20 15:59,2,3,n/a,Yes,n/a
687cb2ee2bf8807ad055367b,https://it.nc.gov/documents/public-meetings/broadband-task-force/broadband-task-force-connecting-north-carolina-meeting-agenda-march-26-2020/open,pdf,n/a,3/26/20 9:10,3/26/20 9:10,1,4,n/a,No,n/a
68839b097589602f3afbfb66,https://it.nc.gov/gicc-smac-minutes-20200129/open,pdf,n/a,3/26/20 10:57,3/26/20 10:57,5,4,n/a,Yes,n/a
685f9cfec32907bcdbcb58a5,https://it.nc.gov/20200228-nc911-board-minutes-approved/download?attachment,pdf,n/a,3/27/20 12:01,3/27/20 12:02,8,4,n/a,Yes,n/a
685fa1f4c32907bcdbcb594b,https://it.nc.gov/02202020-funding-committee-approved-minutes/download?attachment,pdf,n/a,3/27/20 12:05,3/27/20 12:05,4,3,n/a,Yes,n/a
687248e279354bf5d16d207f,https://it.nc.gov/11192019-funding-committee-approved-minutes/download?attachment,pdf,n/a,3/27/20 14:51,3/27/20 14:51,3,3,n/a,Yes,n/a
687248df79354bf5d16d2068,https://it.nc.gov/01232020-funding-committee-approved-minutes/download?attachment,pdf,n/a,3/27/20 14:55,3/27/20 14:55,5,3,n/a,Yes,n/a
686b19257401ef7bb82d6885,https://it.nc.gov/documents/files/920m-sample-statement-work/open,pdf,n/a,3/31/20 16:25,3/31/20 16:25,8,3,n/a,Yes,n/a
68839af87589602f3afbfb59,https://it.nc.gov/documents/fic-agenda-20200414/open,pdf,n/a,4/2/20 12:41,4/3/20 12:12,1,3,n/a,Yes,n/a
68839af37589602f3afbfb51,https://it.nc.gov/gicc-smac-agenda-20200415/open,pdf,n/a,4/3/20 14:55,4/3/20 14:55,1,1,n/a,Yes,n/a
686b1e7a7401ef7bb82d69b9,https://it.nc.gov/documents/cybersecurity-newsletters/2020/esrmo-newsletter-april-2020/download?attachment,pdf,n/a,4/6/20 10:27,4/6/20 10:27,4,6,3,Yes,n/a
686164589ff1ad15158e1293,https://it.nc.gov/documents/cybersecurity-newsletters/2020/esrmo-newsletter-april-2020/open,pdf,n/a,4/6/20 10:27,4/6/20 10:27,4,6,1,Yes,n/a
685fa50ac32907bcdbcb59a0,https://it.nc.gov/04-09-2020-agenda-technology-committee/download?attachment,pdf,n/a,4/6/20 11:27,4/6/20 11:27,5,4,n/a,Yes,n/a
686b1e7f7401ef7bb82d69bb,https://it.nc.gov/documents/cybersecurity-newsletters/2020/esrmo-newsletter-march-2020/download?attachment,pdf,n/a,4/6/20 11:55,4/6/20 11:55,5,5,2,Yes,n/a
686172579ff1ad15158e1349,https://it.nc.gov/documents/cybersecurity-newsletters/2020/esrmo-newsletter-march-2020/open,pdf,n/a,4/6/20 11:55,4/6/20 11:55,5,5,2,Yes,n/a
68839afe7589602f3afbfb5b,https://it.nc.gov/lgc-minutes-20200226/open,pdf,n/a,4/8/20 17:08,4/8/20 17:08,16,4,1,Yes,n/a
68839b037589602f3afbfb62,https://it.nc.gov/gicc-geospatial-maturity-assessment-results-nc-20200212/open,pdf,n/a,4/14/20 14:53,4/14/20 14:53,18,3,n/a,Yes,n/a
68839af37589602f3afbfb55,https://it.nc.gov/gicc-smac-parcels-masterschemaelements-20200415/open,pdf,n/a,4/16/20 9:31,4/16/20 9:31,6,4,n/a,No,n/a
68839af37589602f3afbfb57,https://it.nc.gov/gicc-smac-addressnc-update-20200415/open,pdf,n/a,4/16/20 9:32,4/16/20 9:32,9,3,n/a,Yes,n/a
68839af37589602f3afbfb56,https://it.nc.gov/gicc-smac-nc-parcels-update-20200415/open,pdf,n/a,4/16/20 9:32,4/16/20 9:32,7,2,n/a,Yes,n/a
68839af37589602f3afbfb52,https://it.nc.gov/gicc-smac-ortho-program-update-20200415/open,pdf,n/a,4/16/20 9:32,4/16/20 9:32,6,3,n/a,Yes,n/a
68839af37589602f3afbfb54,https://it.nc.gov/gicc-smac-us-international-foot-20200415/open,pdf,n/a,4/16/20 9:33,4/16/20 9:33,9,3,n/a,Yes,n/a
685f9cbdc32907bcdbcb5894,https://it.nc.gov/20200424-board-agenda/download?attachment,pdf,n/a,4/17/20 19:05,4/17/20 19:05,2,3,n/a,Yes,n/a
685f9cc6c32907bcdbcb5895,https://it.nc.gov/20200424-board-agenda-book/download?attachment,pdf,n/a,4/17/20 18:46,4/17/20 19:52,111,6,1,No,n/a
68839aed7589602f3afbfb4f,https://it.nc.gov/gicc-agenda-20200506/open,pdf,n/a,4/21/20 9:04,4/21/20 9:04,1,4,n/a,Yes,n/a
685f9ce5c32907bcdbcb589a,https://it.nc.gov/20200327-nc911-board-minutes-approved/download?attachment,pdf,n/a,4/24/20 13:22,4/24/20 13:23,4,4,n/a,Yes,n/a
68839b037589602f3afbfb5c,https://it.nc.gov/gicc-minutes-20200212/open,pdf,n/a,5/5/20 8:41,5/5/20 8:41,10,4,n/a,Yes,n/a
685fa1e5c32907bcdbcb5949,https://it.nc.gov/03192020-funding-committee-approved-minutes/download?attachment,pdf,n/a,5/5/20 9:34,5/5/20 9:35,3,4,n/a,Yes,n/a
68839af37589602f3afbfb53,https://it.nc.gov/gicc-smac-minutes-20200415/open,pdf,n/a,5/5/20 11:10,5/5/20 11:10,5,4,n/a,Yes,n/a
686b1e717401ef7bb82d69b7,https://it.nc.gov/documents/cybersecurity-newsletters/2020/esrmo-newsletter-may-2020/download?attachment,pdf,n/a,5/6/20 16:04,5/6/20 16:04,4,5,n/a,Yes,n/a
686172939ff1ad15158e134e,https://it.nc.gov/documents/cybersecurity-newsletters/2020/esrmo-newsletter-may-2020/open,pdf,n/a,5/6/20 16:04,5/6/20 16:04,4,5,5,Yes,n/a
68839ae87589602f3afbfb4b,https://it.nc.gov/gicc-lgc-censussurveyresults-20200506/open,pdf,n/a,5/7/20 7:53,5/7/20 7:53,16,2,n/a,Yes,n/a
685fa4f6c32907bcdbcb599d,https://it.nc.gov/05-14-2020-agenda-technology-committee-agenda-final/download?attachment,pdf,n/a,5/8/20 13:50,5/8/20 13:50,8,4,n/a,Yes,n/a
68839ae87589602f3afbfb4d,https://it.nc.gov/lgc-agenda-20200520/open,pdf,n/a,5/14/20 9:31,5/14/20 9:31,2,5,n/a,Yes,n/a
685f9ca8c32907bcdbcb5890,https://it.nc.gov/20200522-board-agenda/download?attachment,pdf,n/a,5/16/20 9:59,5/16/20 9:59,2,3,n/a,Yes,n/a
685f9cafc32907bcdbcb5891,https://it.nc.gov/20200522-board-agenda-book/download?attachment,pdf,n/a,5/16/20 9:47,5/16/20 10:47,64,6,n/a,No,n/a
685fa1abc32907bcdbcb5944,https://it.nc.gov/05212020-funding-meeting-agenda/download?attachment,pdf,n/a,5/15/20 21:33,5/20/20 8:55,16,5,n/a,No,n/a
685fa01ac32907bcdbcb5918,https://it.nc.gov/may-education-committee-agenda-and-draft-minutes/download?attachment,pdf,n/a,5/20/20 16:32,5/20/20 16:32,4,4,n/a,Yes,n/a
687cb3072bf8807ad055367d,https://it.nc.gov/documents/public-meetings/broadband-task-force/broadband-task-force-connecting-north-carolina-meeting-agenda-may-28-2020/open,pdf,n/a,5/26/20 15:12,5/26/20 15:12,1,3,n/a,Yes,n/a
685fa516c32907bcdbcb59a1,https://it.nc.gov/04092020-technology-committee-minutes-approved/download?attachment,pdf,n/a,5/29/20 17:00,5/29/20 17:00,2,3,n/a,Yes,n/a
686bc5117648400b597547ec,https://it.nc.gov/documents/public-meetings/it-strategy/it-strategy-board-agenda-june-5-2020/download?attachment,pdf,n/a,6/1/20 17:04,6/1/20 17:04,1,4,n/a,No,n/a
6860f57b6b18002de4d6fbdc,https://it.nc.gov/documents/public-meetings/it-strategy/it-strategy-board-agenda-june-5-2020/open,pdf,n/a,6/1/20 17:04,6/1/20 17:04,1,4,n/a,No,n/a
686b1e697401ef7bb82d69b6,https://it.nc.gov/documents/cybersecurity-newsletters/2020/esrmo-newsletter-june-2020/download?attachment,pdf,n/a,6/2/20 12:16,6/2/20 12:16,4,5,5,Yes,n/a
6861724d9ff1ad15158e1348,https://it.nc.gov/documents/cybersecurity-newsletters/2020/esrmo-newsletter-june-2020/open,pdf,n/a,6/2/20 12:16,6/2/20 12:16,4,5,5,Yes,n/a
685fa2d5c32907bcdbcb5968,https://it.nc.gov/062020standardsagenda/download?attachment,pdf,n/a,6/2/20 11:47,6/3/20 11:13,3,4,n/a,Yes,n/a
68839af87589602f3afbfb58,https://it.nc.gov/fic-meeting-notes-20200414/open,pdf,n/a,6/4/20 11:54,6/4/20 11:54,8,4,1,Yes,n/a
686bc51b7648400b597547ed,https://it.nc.gov/documents/public-meetings/it-strategy/it-strategy-board-meeting-presentation-june-5-2020/download?attachment,pdf,n/a,6/4/20 18:26,6/4/20 18:26,50,3,2,Yes,n/a
686136ce9ff1ad15158e0f09,https://it.nc.gov/documents/public-meetings/it-strategy/it-strategy-board-meeting-presentation-june-5-2020/open,pdf,n/a,6/4/20 18:26,6/4/20 18:26,50,3,2,Yes,n/a
686bc5237648400b597547ee,https://it.nc.gov/documents/public-meetings/it-strategy/it-strategy-board-meeting-materials-june-5-2020/download?attachment,pdf,n/a,3/3/20 12:05,6/4/20 18:27,2,2,n/a,Yes,n/a
68610d876b18002de4d6fd72,https://it.nc.gov/documents/public-meetings/it-strategy/it-strategy-board-meeting-materials-june-5-2020/open,pdf,n/a,3/3/20 12:05,6/4/20 18:27,2,2,n/a,Yes,n/a
686bc52a7648400b597547ef,https://it.nc.gov/documents/public-meetings/it-strategy/it-strategy-board-proposed-bylaws-june-2020/download?attachment,pdf,n/a,6/5/20 8:26,6/5/20 8:26,4,2,n/a,Yes,n/a
68610de36b18002de4d6fd7a,https://it.nc.gov/documents/public-meetings/it-strategy/it-strategy-board-proposed-bylaws-june-2020/open,pdf,n/a,6/5/20 8:26,6/5/20 8:26,4,2,n/a,Yes,n/a
6846ec24bab6c57149336ee7,https://it.nc.gov/04232020-funding-committee-approved-minutes/open,pdf,n/a,6/5/20 10:55,6/5/20 10:55,3,4,n/a,Yes,n/a
685fa4eac32907bcdbcb599b,https://it.nc.gov/documents/911-board/nc-911-board-technology-committee-agenda-june-11-2020/download?attachment,pdf,n/a,6/8/20 13:02,6/8/20 13:02,10,4,n/a,Yes,n/a
686194b29ff1ad15158e14af,https://it.nc.gov/documents/911-board/nc-911-board-technology-committee-agenda-june-11-2020/open,pdf,n/a,6/8/20 13:02,6/8/20 13:02,10,4,n/a,Yes,n/a
685f8649c32907bcdbcb5424,https://it.nc.gov/documents/files/it-strategy-board-bylaws/download?attachment,pdf,n/a,6/9/20 14:34,6/9/20 14:34,4,2,n/a,Yes,n/a
685fb159c32907bcdbcb5b24,https://it.nc.gov/documents/files/it-strategy-board-bylaws/open,pdf,n/a,6/9/20 14:34,6/9/20 14:34,4,2,n/a,Yes,n/a
685fa19dc32907bcdbcb5941,https://it.nc.gov/06182020-funding-committee-meeting-packet/download?attachment,pdf,n/a,6/12/20 14:35,6/12/20 14:35,34,6,n/a,No,n/a
685fa00ac32907bcdbcb5916,https://it.nc.gov/education-committee-june-18-2020-agenda-packet/download?attachment,pdf,n/a,6/12/20 15:30,6/12/20 15:30,6,5,n/a,No,n/a
685fa504c32907bcdbcb599e,https://it.nc.gov/05142020-technology-committee-minutes-approved/download?attachment,pdf,n/a,6/15/20 15:20,6/15/20 15:20,2,3,n/a,Yes,n/a
685fa023c32907bcdbcb5919,https://it.nc.gov/may-2020-edu-minutes/download?attachment,pdf,n/a,6/18/20 13:11,6/18/20 13:11,3,4,n/a,Yes,n/a
685f9c91c32907bcdbcb588c,https://it.nc.gov/20200626-board-agenda/download?attachment,pdf,n/a,6/18/20 21:05,6/18/20 21:05,2,3,n/a,Yes,n/a
685fa1b3c32907bcdbcb5945,https://it.nc.gov/05212020-funding-committee-approved-minutes/download?attachment,pdf,n/a,6/22/20 15:06,6/22/20 15:06,5,4,n/a,Yes,n/a
685f9c99c32907bcdbcb588d,https://it.nc.gov/20200626-board-agenda-book/download?attachment,pdf,n/a,6/18/20 20:24,6/26/20 9:48,75,6,1,No,n/a
685f9ccec32907bcdbcb5896,https://it.nc.gov/20200424-nc911-board-minutes-approved/download?attachment,pdf,n/a,6/26/20 13:45,6/26/20 13:45,5,4,n/a,Yes,n/a
685f9cb7c32907bcdbcb5892,https://it.nc.gov/20200522-nc911-board-minutes-approved/download?attachment,pdf,n/a,6/26/20 13:46,6/26/20 13:46,7,4,n/a,Yes,n/a
686b1e637401ef7bb82d69b1,https://it.nc.gov/documents/cybersecurity-newsletters/2020/esrmo-newsletter-july-2020/download?attachment,pdf,n/a,7/7/20 10:23,7/7/20 10:23,3,6,4,Yes,n/a
6906007b41ce6239fcaf6097,https://it.nc.gov/documents/cybersecurity-newsletters/2020/esrmo-newsletter-july-2020/open,pdf,n/a,7/7/20 10:23,7/7/20 10:23,3,6,4,Yes,n/a
68839ae27589602f3afbfb48,https://it.nc.gov/gicc-smac-agenda-20200715/open,pdf,n/a,7/10/20 9:07,7/10/20 9:07,1,1,n/a,Yes,n/a
686b168c7401ef7bb82d67be,https://it.nc.gov/documents/files/gicc-smac-state-local-gov-metadata-profile20161230-rev1/download?attachment,pdf,n/a,7/10/20 14:55,7/10/20 14:55,29,6,1,Yes,n/a
687cb1a92bf8807ad0553661,https://it.nc.gov/documents/files/gicc-smac-state-local-gov-metadata-profile20161230-rev1/open,pdf,n/a,7/10/20 14:55,7/10/20 14:55,29,6,1,Yes,n/a
686bc5017648400b597547ea,https://it.nc.gov/documents/public-meetings/it-strategy/it-strategy-board-agenda-july-20-2020/download?attachment,pdf,n/a,7/13/20 17:54,7/14/20 16:59,1,2,n/a,Yes,n/a
6860f5386b18002de4d6fbd6,https://it.nc.gov/documents/public-meetings/it-strategy/it-strategy-board-agenda-july-20-2020/open,pdf,n/a,7/13/20 17:54,7/14/20 16:59,1,2,n/a,Yes,n/a
68839ae27589602f3afbfb49,https://it.nc.gov/gicc-smac-nc-parcels-update-20200715/open,pdf,n/a,7/16/20 10:40,7/16/20 10:40,7,2,n/a,Yes,n/a
68839ae27589602f3afbfb45,https://it.nc.gov/gicc-smac-county-boundary-surveys-20200715/open,pdf,n/a,7/16/20 10:41,7/16/20 10:41,3,2,n/a,Yes,n/a
68839ae27589602f3afbfb46,https://it.nc.gov/gicc-smac-geodetic-control-20200715/open,pdf,n/a,7/16/20 10:41,7/16/20 10:41,6,2,n/a,Yes,n/a
68839ae27589602f3afbfb44,https://it.nc.gov/gicc-smac-usgs-hydro-20200715/open,pdf,n/a,7/16/20 10:41,7/16/20 10:41,16,3,n/a,Yes,n/a
68839ae27589602f3afbfb47,https://it.nc.gov/gicc-smac-ortho-program-update-20200715/open,pdf,n/a,7/16/20 10:45,7/16/20 10:45,9,4,n/a,Yes,n/a
687cb2d52bf8807ad0553679,https://it.nc.gov/documents/public-meetings/broadband-task-force/broadband-task-force-connecting-north-carolina-meeting-agenda-july-21-2020/open,pdf,n/a,7/17/20 9:24,7/17/20 9:24,1,3,n/a,Yes,n/a
685fa18cc32907bcdbcb593f,https://it.nc.gov/07232020-funding-committee-meeting-packet/download?attachment,pdf,n/a,7/17/20 12:06,7/17/20 12:06,34,5,n/a,No,n/a
685fb877c32907bcdbcb5c2f,https://it.nc.gov/documents/files/digital-solutions-2019-year-review/open,pdf,n/a,1/30/20 11:41,7/24/20 7:27,16,4,n/a,Yes,n/a
68839ae87589602f3afbfb4c,https://it.nc.gov/orthoprogramupdate-051820/open,pdf,n/a,7/28/20 16:06,7/28/20 16:06,9,3,n/a,Yes,n/a
68839ae87589602f3afbfb4e,https://it.nc.gov/lgc-minutes-20200520/open,pdf,n/a,7/29/20 11:20,7/29/20 11:21,12,4,n/a,Yes,n/a
68839adc7589602f3afbfb41,https://it.nc.gov/agenda/open,pdf,n/a,8/4/20 9:48,8/4/20 9:48,1,4,n/a,Yes,n/a
686b1e597401ef7bb82d69af,https://it.nc.gov/documents/cybersecurity-newsletters/2020/esrmo-newsletter-august-2020/download?attachment,pdf,n/a,8/4/20 14:21,8/4/20 14:27,5,8,4,No,n/a
686164779ff1ad15158e1296,https://it.nc.gov/documents/cybersecurity-newsletters/2020/esrmo-newsletter-august-2020/open,pdf,n/a,8/4/20 14:21,8/4/20 14:27,5,8,4,No,n/a
68615a669ff1ad15158e1201,https://it.nc.gov/documents/files/gicc-meeting-minutes-05062020/open,pdf,n/a,8/6/20 11:36,8/6/20 11:36,7,3,n/a,Yes,n/a
68839aed7589602f3afbfb50,https://it.nc.gov/gicc-minutes-20200506/open,pdf,n/a,8/6/20 11:36,8/6/20 11:36,7,3,n/a,Yes,n/a
685fa4d4c32907bcdbcb5998,https://it.nc.gov/08-13-2020-agenda-technology-committee/download?attachment,pdf,n/a,8/9/20 8:31,8/9/20 8:31,11,5,n/a,Yes,n/a
68839ae27589602f3afbfb4a,https://it.nc.gov/gicc-smac-minutes-20200715/open,pdf,n/a,8/10/20 12:44,8/10/20 12:44,6,4,n/a,Yes,n/a
685fa178c32907bcdbcb593d,https://it.nc.gov/08202020-funding-committee-meeting-packet/download?attachment,pdf,n/a,8/14/20 16:31,8/14/20 16:31,9,4,n/a,No,n/a
685fa1a6c32907bcdbcb5942,https://it.nc.gov/06182020-funding-committee-approved-minutes/download?attachment,pdf,n/a,8/17/20 9:32,8/17/20 9:32,5,4,n/a,Yes,n/a
68839ad57589602f3afbfb3e,https://it.nc.gov/lgc-agenda-20200826/open,pdf,n/a,8/17/20 16:26,8/17/20 16:26,2,5,n/a,Yes,n/a
685fa193c32907bcdbcb5940,https://it.nc.gov/07232020-funding-committee-approved-minutes/download?attachment,pdf,n/a,8/20/20 15:24,8/20/20 15:24,6,4,n/a,Yes,n/a
685fa4efc32907bcdbcb599c,https://it.nc.gov/documents/911-board/nc-911-board-technology-committee-minutes-june-11-2020/download?attachment,pdf,n/a,8/20/20 16:08,8/20/20 16:08,3,3,n/a,Yes,n/a
686192ad9ff1ad15158e1496,https://it.nc.gov/documents/911-board/nc-911-board-technology-committee-minutes-june-11-2020/open,pdf,n/a,8/20/20 16:08,8/20/20 16:08,3,3,n/a,Yes,n/a
68839adc7589602f3afbfb43,https://it.nc.gov/census-update-making-nc-count/open,pdf,n/a,8/20/20 16:11,8/20/20 16:11,16,3,n/a,No,n/a
68839adc7589602f3afbfb42,https://it.nc.gov/wgeer-update/open,pdf,n/a,8/20/20 16:12,8/20/20 16:12,8,3,n/a,No,n/a
685f9c82c32907bcdbcb588a,https://it.nc.gov/20200828-board-agenda-book/download?attachment,pdf,n/a,8/21/20 19:58,8/21/20 21:35,159,6,n/a,No,n/a
685f9c7cc32907bcdbcb5888,https://it.nc.gov/20200828-board-agenda/download?attachment,pdf,n/a,8/21/20 21:39,8/21/20 21:39,2,3,n/a,Yes,n/a
687cb2822bf8807ad0553672,https://it.nc.gov/documents/public-meetings/broadband-task-force/broadband-task-force-connecting-north-carolina-meeting-agenda-aug-26-2020/open,pdf,n/a,8/25/20 13:42,8/25/20 13:50,1,3,n/a,Yes,n/a
68607a392e8395997daa31ba,https://it.nc.gov/documents/files/strategic-planning-guidance/download?attachment,pdf,n/a,8/27/20 10:34,8/27/20 10:47,12,5,1,Yes,n/a
686b1e517401ef7bb82d69ae,https://it.nc.gov/documents/cybersecurity-newsletters/2020/esrmo-newsletter-september-2020/download?attachment,pdf,n/a,8/28/20 17:35,8/28/20 17:35,5,5,5,Yes,n/a
686173ae9ff1ad15158e1357,https://it.nc.gov/documents/cybersecurity-newsletters/2020/esrmo-newsletter-september-2020/open,pdf,n/a,8/28/20 17:35,8/28/20 17:35,5,5,5,Yes,n/a
685fa014c32907bcdbcb5917,https://it.nc.gov/june-approved-2020-education-committee-minutes/download?attachment,pdf,n/a,8/31/20 9:07,8/31/20 9:07,2,4,n/a,Yes,n/a
685f9d82c32907bcdbcb58b9,https://it.nc.gov/20190823-nc-911-board-minutes-approved-revised/download?attachment,pdf,n/a,9/8/20 12:54,9/8/20 12:54,6,4,n/a,Yes,n/a
685f9fefc32907bcdbcb5912,https://it.nc.gov/091720edu-agenda-packet/download?attachment,pdf,n/a,9/11/20 11:36,9/11/20 11:36,15,6,n/a,No,n/a
685fa16ac32907bcdbcb593b,https://it.nc.gov/09172020-funding-committee-meeting-packet/download?attachment,pdf,n/a,9/14/20 10:04,9/14/20 10:04,6,2,n/a,Yes,n/a
685f9c9fc32907bcdbcb588f,https://it.nc.gov/20200626-nc911-board-minutes-approved/download?attachment,pdf,n/a,9/18/20 19:10,9/18/20 19:10,8,4,n/a,Yes,n/a
685f9c6dc32907bcdbcb5886,https://it.nc.gov/20200925-board-agenda-book/download?attachment,pdf,n/a,9/18/20 23:34,9/19/20 0:10,70,6,1,No,n/a
685f9c65c32907bcdbcb5885,https://it.nc.gov/202000925-board-agenda/download?attachment,pdf,n/a,9/19/20 0:45,9/19/20 0:45,2,3,n/a,Yes,n/a
685fa180c32907bcdbcb593e,https://it.nc.gov/08202020-funding-committee-approved-minutes/download?attachment,pdf,n/a,9/21/20 8:43,9/21/20 8:43,4,4,n/a,Yes,n/a
685fa2c8c32907bcdbcb5965,https://it.nc.gov/10012020standardsagenda/download?attachment,pdf,n/a,9/28/20 10:48,9/28/20 10:55,6,6,n/a,No,n/a
68839ac47589602f3afbfb34,https://it.nc.gov/federal-interagency-committee-agenda20201026/open,pdf,n/a,9/28/20 12:01,9/28/20 12:01,1,3,n/a,Yes,n/a
687cb3722bf8807ad0553686,https://it.nc.gov/documents/public-meetings/broadband-task-force/broadband-task-force-connecting-north-carolina-meeting-agenda-sept-30-2020/open,pdf,n/a,9/28/20 11:03,9/29/20 12:16,1,3,n/a,Yes,n/a
686b1a867401ef7bb82d68bc,https://it.nc.gov/documents/files/amendment-1-its-009440-faq/open,pdf,n/a,9/29/20 13:51,9/29/20 17:54,6,4,n/a,Yes,n/a
685f9c8ac32907bcdbcb588b,https://it.nc.gov/20200828-nc911-board-minutes-approved/download?attachment,pdf,n/a,9/30/20 9:22,9/30/20 9:23,12,4,n/a,Yes,n/a
686b1e4c7401ef7bb82d69ad,https://it.nc.gov/documents/cybersecurity-newsletters/2020/esrmo-newsletter-october-2020/download?attachment,pdf,n/a,10/1/20 11:09,10/1/20 11:09,5,5,5,Yes,n/a
686172db9ff1ad15158e1354,https://it.nc.gov/documents/cybersecurity-newsletters/2020/esrmo-newsletter-october-2020/open,pdf,n/a,10/1/20 11:09,10/1/20 11:09,5,5,5,Yes,n/a
68839acf7589602f3afbfb39,https://it.nc.gov/gicc-smac-agenda-20201014/open,pdf,n/a,10/1/20 15:08,10/1/20 15:08,1,1,n/a,Yes,n/a
685fa4c2c32907bcdbcb5996,https://it.nc.gov/documents/911-board/nc-911-board-technology-committee-agenda-october-8-2022/download?attachment,pdf,n/a,10/2/20 17:45,10/2/20 17:45,11,5,n/a,Yes,n/a
686194cf9ff1ad15158e14b1,https://it.nc.gov/documents/911-board/nc-911-board-technology-committee-agenda-october-8-2022/open,pdf,n/a,10/2/20 17:45,10/2/20 17:45,11,5,n/a,Yes,n/a
685fa004c32907bcdbcb5914,https://it.nc.gov/august-final-2020-education-committee-minutes/download?attachment,pdf,n/a,10/12/20 10:37,10/12/20 10:38,3,4,n/a,Yes,n/a
685fa4dfc32907bcdbcb5999,https://it.nc.gov/08-13-2020-technology-committee-minutes-approved/download?attachment,pdf,n/a,10/15/20 11:58,10/15/20 11:58,4,3,n/a,Yes,n/a
6860859c6b18002de4d6ecfb,https://it.nc.gov/10222020-funding-committee-meeting-packet/download?attachment,pdf,n/a,10/16/20 10:29,10/16/20 10:29,127,5,n/a,No,n/a
685f9c5fc32907bcdbcb5883,https://it.nc.gov/20201023-board-agenda-book/download?attachment,pdf,n/a,10/16/20 20:37,10/16/20 22:23,100,6,n/a,No,n/a
68839aca7589602f3afbfb37,https://it.nc.gov/gicc-sguc-agenda-generalmeeting-20201021/open,pdf,n/a,10/20/20 10:37,10/20/20 10:37,1,3,n/a,Yes,n/a
685f9fdec32907bcdbcb590f,https://it.nc.gov/10-22-20-edu-committee-agenda-packet/download?attachment,pdf,n/a,10/21/20 8:04,10/21/20 8:04,13,5,n/a,No,n/a
685f87f1c32907bcdbcb5466,https://it.nc.gov/documents/gicc/gicc-2019-annual-report/download?attachment,pdf,n/a,10/22/20 12:24,10/22/20 12:24,21,3,n/a,Yes,n/a
685fc927c32907bcdbcb606c,https://it.nc.gov/documents/gicc/gicc-2019-annual-report/open,pdf,n/a,10/22/20 12:24,10/22/20 12:24,21,3,n/a,Yes,n/a
685fa171c32907bcdbcb593c,https://it.nc.gov/09172020-funding-committee-approved-minutes/download?attachment,pdf,n/a,10/23/20 7:47,10/23/20 7:47,3,4,n/a,Yes,n/a
68839ac47589602f3afbfb35,https://it.nc.gov/hxflorence-update-202001026/open,pdf,n/a,10/26/20 13:42,10/26/20 13:42,27,5,n/a,No,n/a
68839ac47589602f3afbfb36,https://it.nc.gov/fws-rstg-talk-v2-nc-gicc-fic-final/open,pdf,n/a,10/26/20 13:58,10/26/20 13:58,32,1,n/a,Yes,n/a
687cb3212bf8807ad055367f,https://it.nc.gov/documents/public-meetings/broadband-task-force/broadband-task-force-connecting-north-carolina-meeting-agenda-oct-28-2020/open,pdf,n/a,10/27/20 11:20,10/27/20 11:20,1,3,n/a,Yes,n/a
68839ad07589602f3afbfb3d,https://it.nc.gov/gicc-smac-county-boundary-surveys-20201014/open,pdf,n/a,10/28/20 10:10,10/28/20 10:10,3,2,n/a,Yes,n/a
68839acf7589602f3afbfb3a,https://it.nc.gov/gicc-smac-geodetic-control-20201014/open,pdf,n/a,10/28/20 10:10,10/28/20 10:10,6,2,n/a,Yes,n/a
68839ad07589602f3afbfb3b,https://it.nc.gov/gicc-smac-nc-parcels-update-20201014/open,pdf,n/a,10/28/20 10:10,10/28/20 10:10,6,2,n/a,Yes,n/a
68839ad07589602f3afbfb3c,https://it.nc.gov/gicc-smac-orthoprogramupdate-20201014/open,pdf,n/a,10/28/20 10:11,10/28/20 10:11,7,3,n/a,Yes,n/a
68839acf7589602f3afbfb38,https://it.nc.gov/gicc-smac-minutes-20201014/open,pdf,n/a,10/29/20 15:46,10/29/20 15:46,6,4,n/a,Yes,n/a
68839abe7589602f3afbfb33,https://it.nc.gov/gicc-agenda-20201104/open,pdf,n/a,10/30/20 11:56,10/30/20 11:56,1,4,n/a,Yes,n/a
68839adc7589602f3afbfb40,https://it.nc.gov/gicc-minutes-20200812/open,pdf,n/a,10/30/20 16:47,10/30/20 16:47,8,3,n/a,Yes,n/a
68839dbe7589602f3afbfb71,https://it.nc.gov/lgc-minutes-20200826/download,pdf,n/a,11/2/20 12:12,11/2/20 12:12,10,4,1,Yes,n/a
68839ad57589602f3afbfb3f,https://it.nc.gov/lgc-minutes-20200826/open,pdf,n/a,11/2/20 12:12,11/2/20 12:12,10,4,1,Yes,n/a
686b1e467401ef7bb82d69ab,https://it.nc.gov/documents/cybersecurity-newsletters/2020/esrmo-newsletter-november-2020/download?attachment,pdf,n/a,11/3/20 15:24,11/3/20 15:24,6,5,4,Yes,n/a
686172b19ff1ad15158e1351,https://it.nc.gov/documents/cybersecurity-newsletters/2020/esrmo-newsletter-november-2020/open,pdf,n/a,11/3/20 15:24,11/3/20 15:24,6,5,4,Yes,n/a
68839db37589602f3afbfb6f,https://it.nc.gov/gicc-tac-infrastructure-working-group-update-20201104/download,pdf,n/a,11/3/20 19:16,11/3/20 19:18,15,1,n/a,Yes,n/a
68839abe7589602f3afbfb30,https://it.nc.gov/gicc-tac-infrastructure-working-group-update-20201104/open,pdf,n/a,11/3/20 19:16,11/3/20 19:18,15,1,n/a,Yes,n/a
685f9ff9c32907bcdbcb5913,https://it.nc.gov/september-approved-2020-education-committee-minutes-002/download?attachment,pdf,n/a,11/4/20 9:57,11/4/20 9:57,4,4,n/a,Yes,n/a
68839db07589602f3afbfb6e,https://it.nc.gov/gicc-deq-community-mapping-system-20201104/download,pdf,n/a,11/4/20 10:18,11/4/20 10:18,25,2,n/a,Yes,n/a
68839abe7589602f3afbfb31,https://it.nc.gov/gicc-deq-community-mapping-system-20201104/open,pdf,n/a,11/4/20 10:18,11/4/20 10:18,25,2,n/a,Yes,n/a
68839ab77589602f3afbfb2d,https://it.nc.gov/lgc-agenda-20201118/open,pdf,n/a,11/6/20 11:11,11/6/20 11:11,2,5,n/a,Yes,n/a
685fae6dc32907bcdbcb5ab2,https://it.nc.gov/lgc-workplan-2020-2021/download?attachment,pdf,n/a,11/6/20 16:36,11/6/20 16:36,4,4,n/a,Yes,n/a
685fa4b2c32907bcdbcb5993,https://it.nc.gov/documents/911-board/nc-911-board-technology-committee-agenda-november-12-2022/download?attachment,pdf,n/a,11/6/20 18:40,11/6/20 18:40,9,4,n/a,Yes,n/a
686194c29ff1ad15158e14b0,https://it.nc.gov/documents/911-board/nc-911-board-technology-committee-agenda-november-12-2022/open,pdf,n/a,11/6/20 18:40,11/6/20 18:40,9,4,n/a,Yes,n/a
686162b99ff1ad15158e1282,https://it.nc.gov/documents/files/contract-204b-mobile-ruggedized-computers/open,pdf,n/a,11/9/20 14:44,11/9/20 14:44,12,5,n/a,Yes,n/a
686bc4f97648400b597547e9,https://it.nc.gov/documents/public-meetings/it-strategy/it-strategy-board-agenda-nov-18-2020/download?attachment,pdf,n/a,11/16/20 11:43,11/16/20 11:43,1,3,n/a,No,n/a
6860f5cf6b18002de4d6fbe4,https://it.nc.gov/documents/public-meetings/it-strategy/it-strategy-board-agenda-nov-18-2020/open,pdf,n/a,11/16/20 11:43,11/16/20 11:43,1,3,n/a,No,n/a
685f9fd4c32907bcdbcb590e,https://it.nc.gov/edu-committee-agenda-packet-111920/download?attachment,pdf,n/a,11/16/20 11:56,11/16/20 11:56,6,3,n/a,Yes,n/a
686bc50c7648400b597547eb,https://it.nc.gov/documents/public-meetings/it-strategy/it-strategy-board-meeting-minutes-july-20-2020/download?attachment,pdf,n/a,11/17/20 14:49,11/17/20 14:49,1,2,n/a,Yes,n/a
686136b19ff1ad15158e0f04,https://it.nc.gov/documents/public-meetings/it-strategy/it-strategy-board-meeting-minutes-july-20-2020/open,pdf,n/a,11/17/20 14:49,11/17/20 14:49,1,2,n/a,Yes,n/a
6860858c6b18002de4d6ecf6,https://it.nc.gov/11192020-funding-meeting-agenda-revised/download?attachment,pdf,n/a,11/17/20 15:41,11/17/20 15:42,1,1,n/a,Yes,n/a
686085936b18002de4d6ecf7,https://it.nc.gov/psap-fund-balance-sheet-11182020/download?attachment,pdf,n/a,11/18/20 7:31,11/18/20 7:31,1,3,n/a,Yes,n/a
685f9c73c32907bcdbcb5887,https://it.nc.gov/20200925-nc911-board-minutes-approved/download?attachment,pdf,n/a,11/20/20 22:46,11/20/20 22:46,6,4,n/a,Yes,n/a
685f9fe9c32907bcdbcb5910,https://it.nc.gov/documents/911-board/education-committee-meeting-october-22-2020-approved-minutes/download?attachment,pdf,n/a,11/23/20 15:24,11/23/20 15:24,3,4,n/a,Yes,n/a
686142499ff1ad15158e0ff4,https://it.nc.gov/documents/911-board/education-committee-meeting-october-22-2020-approved-minutes/open,pdf,n/a,11/23/20 15:24,11/23/20 15:24,3,4,n/a,Yes,n/a
686b1e427401ef7bb82d69a9,https://it.nc.gov/documents/cybersecurity-newsletters/2020/esrmo-newsletter-december-2020/download?attachment,pdf,n/a,12/1/20 12:15,12/1/20 12:15,6,5,2,Yes,n/a
686164949ff1ad15158e1299,https://it.nc.gov/documents/cybersecurity-newsletters/2020/esrmo-newsletter-december-2020/open,pdf,n/a,12/1/20 12:15,12/1/20 12:15,6,5,2,Yes,n/a
685f9c46c32907bcdbcb587f,https://it.nc.gov/202021204-board-agenda-book2/download?attachment,pdf,n/a,11/24/20 13:33,12/2/20 12:33,179,6,1,No,n/a
68839dae7589602f3afbfb6d,https://it.nc.gov/orthoprogram-lgc-nov2020/download,pdf,n/a,12/14/20 7:51,12/14/20 7:51,18,3,n/a,Yes,n/a
68839ab77589602f3afbfb2f,https://it.nc.gov/orthoprogram-lgc-nov2020/open,pdf,n/a,12/14/20 7:51,12/14/20 7:51,18,3,n/a,Yes,n/a
68839abe7589602f3afbfb32,https://it.nc.gov/gicc-minutes-20201104/open,pdf,n/a,12/14/20 8:59,12/14/20 8:59,9,4,n/a,Yes,n/a
68839dab7589602f3afbfb6c,https://it.nc.gov/lgc-minutes-20201118/download,pdf,n/a,12/21/20 13:06,12/21/20 13:07,11,4,n/a,Yes,n/a
68839ab77589602f3afbfb2e,https://it.nc.gov/lgc-minutes-20201118/open,pdf,n/a,12/21/20 13:06,12/21/20 13:07,11,4,n/a,Yes,n/a
68839dbc7589602f3afbfb70,https://it.nc.gov/ng911-i3ready-gismaintenance/download,pdf,n/a,12/21/20 14:14,12/21/20 14:14,2,3,n/a,Yes,n/a
6846ef60bab6c57149336f8d,https://it.nc.gov/ng911-i3ready-gismaintenance/open,pdf,n/a,12/21/20 14:14,12/21/20 14:14,2,3,n/a,Yes,n/a
686b1b597401ef7bb82d68f1,https://it.nc.gov/documents/files/cyber-incident-reporting-north-carolina-state-government/download?attachment,pdf,n/a,1/6/21 10:51,1/6/21 10:51,3,6,1,Yes,n/a
68617e4a9ff1ad15158e13c0,https://it.nc.gov/documents/files/cyber-incident-reporting-north-carolina-state-government/open,pdf,n/a,1/6/21 10:51,1/6/21 10:51,3,6,1,Yes,n/a
685f9fbbc32907bcdbcb590a,https://it.nc.gov/documents/911-board/nc-911-board-education-committee-agenda-january-21-2021/download?attachment,pdf,n/a,1/13/21 16:02,1/13/21 16:02,19,6,3,No,n/a
68616ce09ff1ad15158e130c,https://it.nc.gov/documents/911-board/nc-911-board-education-committee-agenda-january-21-2021/open,pdf,n/a,1/13/21 16:02,1/13/21 16:02,19,6,4,No,n/a
68839aac7589602f3afbfb2c,https://it.nc.gov/gicc-smac-agenda-20210120/open,pdf,n/a,1/14/21 15:44,1/14/21 15:44,1,2,n/a,Yes,n/a
685f9fc2c32907bcdbcb590b,https://it.nc.gov/01212021-edu-committee-agenda-packet/download?attachment,pdf,n/a,1/15/21 11:53,1/15/21 11:53,24,6,3,No,n/a
686b1e3a7401ef7bb82d69a8,https://it.nc.gov/documents/cybersecurity-newsletters/2021/esrmo-newsletter-january-2021/download?attachment,pdf,n/a,1/15/21 12:50,1/15/21 12:50,6,5,3,Yes,n/a
686137ba9ff1ad15158e0f24,https://it.nc.gov/documents/cybersecurity-newsletters/2021/esrmo-newsletter-january-2021/open,pdf,n/a,1/15/21 12:50,1/15/21 12:50,6,5,3,Yes,n/a
686b17327401ef7bb82d67f6,https://it.nc.gov/documents/files/2019-2020-annual-report/download?attachment,pdf,n/a,1/20/21 11:45,1/20/21 13:40,22,5,n/a,Yes,n/a
685f82ddc32907bcdbcb53db,https://it.nc.gov/documents/files/2019-2020-annual-report/open,pdf,n/a,1/20/21 11:45,1/20/21 13:40,22,5,n/a,Yes,n/a
68839aab7589602f3afbfb29,https://it.nc.gov/gicc-smac-geodetic-control-20210120/open,pdf,n/a,1/21/21 9:14,1/21/21 9:14,6,2,n/a,Yes,n/a
68839aab7589602f3afbfb28,https://it.nc.gov/gicc-smac-county-boundary-surveys-20210120/open,pdf,n/a,1/21/21 9:15,1/21/21 9:15,3,2,n/a,Yes,n/a
68839aab7589602f3afbfb2a,https://it.nc.gov/gicc-smac-nc-parcels-update-20210120/open,pdf,n/a,1/21/21 9:15,1/21/21 9:15,7,2,n/a,Yes,n/a
68839aab7589602f3afbfb2b,https://it.nc.gov/gicc-smac-orthoprogramupdate-20210120/open,pdf,n/a,1/21/21 9:15,1/21/21 9:15,7,3,n/a,Yes,n/a
686b13407401ef7bb82d66e6,https://it.nc.gov/documents/files/lgc-bylaws-2021/download?attachment,pdf,n/a,2/4/21 15:39,2/4/21 15:39,5,4,n/a,No,n/a
686151f79ff1ad15158e1170,https://it.nc.gov/documents/files/lgc-bylaws-2021/open,pdf,n/a,2/4/21 15:39,2/4/21 15:39,5,4,n/a,No,n/a
685faecac32907bcdbcb5abf,https://it.nc.gov/documents/files/sguc-bylaws-2021/download?attachment,pdf,n/a,2/4/21 15:39,2/4/21 15:39,5,4,n/a,No,n/a
686152199ff1ad15158e1173,https://it.nc.gov/documents/files/sguc-bylaws-2021/open,pdf,n/a,2/4/21 15:39,2/4/21 15:39,5,4,n/a,No,n/a
685fad9ac32907bcdbcb5a97,https://it.nc.gov/documents/files/smac-bylaws-2021/download?attachment,pdf,n/a,2/4/21 15:53,2/4/21 15:53,4,4,n/a,No,n/a
6861521f9ff1ad15158e1174,https://it.nc.gov/documents/files/smac-bylaws-2021/open,pdf,n/a,2/4/21 15:53,2/4/21 15:53,4,4,n/a,No,n/a
686b1e327401ef7bb82d69a7,https://it.nc.gov/documents/cybersecurity-newsletters/2021/esrmo-newsletter-february-2021/download?attachment,pdf,n/a,2/5/21 9:40,2/5/21 9:40,5,5,3,Yes,n/a
686137a59ff1ad15158e0f1f,https://it.nc.gov/documents/cybersecurity-newsletters/2021/esrmo-newsletter-february-2021/open,pdf,n/a,2/5/21 9:40,2/5/21 9:40,5,5,3,Yes,n/a
6861564b9ff1ad15158e11bd,https://it.nc.gov/documents/files/mimosa-email-archive-user-guide/open,pdf,n/a,n/a,2/9/21 16:46,112,5,4,Yes,n/a
68613ec79ff1ad15158e0fad,https://it.nc.gov/documents/files/longitudinal-data-system-report-may-2015/open,pdf,n/a,n/a,2/9/21 16:47,n/a,n/a,n/a,No,n/a
685f879fc32907bcdbcb5457,https://it.nc.gov/documents/files/ag-response-surveyors-040710/download?attachment,pdf,n/a,n/a,2/9/21 16:50,n/a,n/a,n/a,No,n/a
685fad7dc32907bcdbcb5a91,https://it.nc.gov/documents/files/appenc-initialdatalayers/download?attachment,pdf,n/a,n/a,2/9/21 16:50,2,4,n/a,No,n/a
686b16657401ef7bb82d67b2,https://it.nc.gov/documents/files/geospatial-onestop-geodetic-control/download?attachment,pdf,n/a,9/24/03 13:39,2/9/21 16:50,24,4,n/a,No,n/a
685fcda8c32907bcdbcb60ea,https://it.nc.gov/documents/files/geospatial-onestop-geodetic-control/open,pdf,n/a,9/24/03 13:39,2/9/21 16:50,24,4,n/a,No,n/a
685f87afc32907bcdbcb545b,https://it.nc.gov/documents/files/ncbels-request-ag-opinion-cogs/download,pdf,n/a,n/a,2/9/21 16:50,2,6,n/a,No,n/a
685f87a3c32907bcdbcb5458,https://it.nc.gov/documents/files/ncbels-request-ag-opinion-cogs/download?attachment,pdf,n/a,n/a,2/9/21 16:50,2,6,n/a,No,n/a
685f8826c32907bcdbcb5473,https://it.nc.gov/documents/files/resolution-support-aerial-imagery-north-carolina-imagery-nation/download?attachment,pdf,n/a,11/16/05 7:28,2/9/21 16:50,1,4,n/a,No,n/a
6861208a6b18002de4d6fe79,https://it.nc.gov/documents/files/resolution-support-aerial-imagery-north-carolina-imagery-nation/open,pdf,n/a,11/16/05 7:28,2/9/21 16:50,1,4,n/a,No,n/a
686b16977401ef7bb82d67c1,https://it.nc.gov/documents/files/us-national-grid-format-presenting-data/download?attachment,pdf,n/a,n/a,2/9/21 16:50,43,4,n/a,Yes,n/a
686120d66b18002de4d6fe7e,https://it.nc.gov/documents/files/us-national-grid-format-presenting-data/open,pdf,n/a,n/a,2/9/21 16:50,43,4,n/a,Yes,n/a
686134699ff1ad15158e0eb2,https://it.nc.gov/gicc-statewide-ortho-status-2016-02-11/open,pdf,n/a,n/a,2/9/21 16:50,n/a,n/a,n/a,No,n/a
685faf76c32907bcdbcb5add,https://it.nc.gov/documents/files/appenc-initialdatalayers-0/open,pdf,n/a,n/a,2/9/21 16:51,2,4,n/a,No,n/a
685fb03fc32907bcdbcb5aff,https://it.nc.gov/documents/files/gicc-meeting-minutes-02152006/download?attachment,pdf,n/a,n/a,2/9/21 16:51,9,4,n/a,No,n/a
68615a569ff1ad15158e11ff,https://it.nc.gov/documents/files/gicc-meeting-minutes-02152006/open,pdf,n/a,n/a,2/9/21 16:51,9,4,n/a,No,n/a
68616a379ff1ad15158e12ed,https://it.nc.gov/documents/files/gicc-meeting-minutes-11092005/open,pdf,n/a,n/a,2/9/21 16:51,n/a,n/a,n/a,No,n/a
685f87b9c32907bcdbcb545d,https://it.nc.gov/documents/files/surveyors-model-law-working-group-report-gicc-05132009/download?attachment,pdf,n/a,n/a,2/9/21 16:51,n/a,n/a,n/a,No,n/a
68607a872e8395997daa31de,https://it.nc.gov/documents/files/agency-onboarding/download,pdf,n/a,n/a,2/9/21 16:52,1,4,n/a,No,n/a
685fafdec32907bcdbcb5aef,https://it.nc.gov/documents/files/gicc-meeting-minutes-02102010/download?attachment,pdf,n/a,n/a,2/9/21 16:52,n/a,n/a,n/a,No,n/a
685fb048c32907bcdbcb5b01,https://it.nc.gov/documents/files/gicc-meeting-minutes-05172006/download?attachment,pdf,n/a,n/a,2/9/21 16:52,8,4,n/a,No,n/a
686169239ff1ad15158e12d9,https://it.nc.gov/documents/files/gicc-meeting-minutes-05172006/open,pdf,n/a,n/a,2/9/21 16:52,8,4,n/a,No,n/a
685fb04dc32907bcdbcb5b02,https://it.nc.gov/documents/files/gicc-meeting-minutes-08162006/download?attachment,pdf,n/a,n/a,2/9/21 16:52,7,4,n/a,No,n/a
6861693d9ff1ad15158e12dd,https://it.nc.gov/documents/files/gicc-meeting-minutes-08162006/open,pdf,n/a,n/a,2/9/21 16:52,7,4,n/a,No,n/a
686133729ff1ad15158e0a07,https://it.nc.gov/fic-2016lidar-fws-20160825/open,pdf,n/a,8/29/16 19:08,2/9/21 16:52,52,4,1,No,n/a
686133149ff1ad15158e09ed,https://it.nc.gov/hurricanematthew/open,pdf,n/a,2/3/17 8:44,2/9/21 16:52,30,4,n/a,No,n/a
686132f59ff1ad15158e09e7,https://it.nc.gov/ncda-cs-response-hurricanematthew/open,pdf,n/a,3/3/17 16:03,2/9/21 16:52,17,4,n/a,No,n/a
686132ee9ff1ad15158e09e6,https://it.nc.gov/pendercounty-hurricanematthew/open,pdf,n/a,3/3/17 16:04,2/9/21 16:52,12,4,n/a,No,n/a
6861330f9ff1ad15158e09ec,https://it.nc.gov/sylvester-20170126-ncfic-notes/open,pdf,n/a,1/30/17 13:32,2/9/21 16:52,25,3,n/a,No,n/a
686131db9ff1ad15158e09b5,https://it.nc.gov/gicc-gdac-eda-strategy-plan-project-overview-20170809/open,pdf,n/a,n/a,2/9/21 16:53,8,3,n/a,Yes,n/a
687290d888bfb90a859c07a1,https://it.nc.gov/mo-agenda-20170619/open,pdf,n/a,n/a,2/9/21 16:53,n/a,n/a,n/a,No,n/a
686131759ff1ad15158e0998,https://it.nc.gov/flyergisday2017/open,pdf,n/a,10/26/17 17:39,2/9/21 16:54,1,4,n/a,No,n/a
686131999ff1ad15158e09a2,https://it.nc.gov/gicc-smac-hssd-status-201710-00/open,pdf,n/a,10/18/17 12:11,2/9/21 16:54,1,4,n/a,No,n/a
685fc628c32907bcdbcb5dd7,https://it.nc.gov/kayteesmith-presentation/download?attachment,pdf,n/a,5/2/18 16:30,2/9/21 16:55,27,4,n/a,No,n/a
686102316b18002de4d6fcca,https://it.nc.gov/keynote-nikhil-deshpande-ncgov/open,pdf,n/a,n/a,2/9/21 16:55,78,4,n/a,No,n/a
68614ed69ff1ad15158e1126,https://it.nc.gov/gicc-ncdps-florence-20181107/open,pdf,n/a,n/a,2/9/21 16:56,n/a,n/a,n/a,No,n/a
68614ebe9ff1ad15158e1123,https://it.nc.gov/gisdayflyer2018/open,pdf,n/a,11/6/18 10:58,2/9/21 16:56,1,4,n/a,No,n/a
685fc637c32907bcdbcb5dda,https://it.nc.gov/myncdmv-briefing/download?attachment,pdf,n/a,n/a,2/9/21 16:56,21,5,n/a,No,n/a
685fc632c32907bcdbcb5dd9,https://it.nc.gov/nc-whatsnext-governmentexperience/download?attachment,pdf,n/a,n/a,2/9/21 16:56,109,5,n/a,No,n/a
685fc6bcc32907bcdbcb5fd3,https://it.nc.gov/swayux-usersurveyworkshop/open,pdf,n/a,n/a,2/9/21 16:56,35,4,n/a,No,n/a
685f9df6c32907bcdbcb58c4,https://it.nc.gov/20190517-board-agenda-book/download?attachment,pdf,n/a,n/a,2/9/21 16:57,n/a,n/a,n/a,No,n/a
685f87f4c32907bcdbcb5467,https://it.nc.gov/documents/files/gicc-2018-annual-report-governor-and-joint-legislative-commission-governmental/download?attachment,pdf,n/a,n/a,2/9/21 16:57,17,4,n/a,No,n/a
68610a5a6b18002de4d6fd3c,https://it.nc.gov/documents/files/gicc-2018-annual-report-governor-and-joint-legislative-commission-governmental/open,pdf,n/a,n/a,2/9/21 16:57,17,4,n/a,No,n/a
685fc6c3c32907bcdbcb5fd5,https://it.nc.gov/wearencgov-accessibility-diversity/open,pdf,n/a,n/a,2/9/21 16:58,42,5,n/a,No,n/a
685fc6c8c32907bcdbcb5fd6,https://it.nc.gov/wearencgov-dequasprogram/open,pdf,n/a,n/a,2/9/21 16:58,14,5,n/a,No,n/a
685f9d44c32907bcdbcb58b1,https://it.nc.gov/20191025-nc-911-board-minutes-approved/download?attachment,pdf,n/a,n/a,2/9/21 16:59,n/a,n/a,n/a,No,n/a
685f9d11c32907bcdbcb58a8,https://it.nc.gov/20191206-board-agenda-book/download?attachment,pdf,n/a,n/a,2/9/21 16:59,n/a,n/a,n/a,No,n/a
686173fa9ff1ad15158e135a,https://it.nc.gov/documents/billing-rates/center-geographic-information-analysis-billing-rates-2019-2020/open,pdf,n/a,n/a,2/9/21 16:59,n/a,n/a,n/a,No,n/a
686150429ff1ad15158e1143,https://it.nc.gov/documents/files/204n-web-summary-2019-11-26/open,pdf,n/a,n/a,2/9/21 16:59,n/a,n/a,n/a,No,n/a
685fa029c32907bcdbcb591b,https://it.nc.gov/03262020eduagenda/download?attachment,pdf,n/a,n/a,2/9/21 17:00,n/a,n/a,n/a,No,n/a
685fa1bbc32907bcdbcb5946,https://it.nc.gov/04232020-funding-meeting-agenda/download?attachment,pdf,n/a,n/a,2/9/21 17:00,n/a,n/a,n/a,No,n/a
685f9c51c32907bcdbcb5882,https://it.nc.gov/20201023-board-agenda/download?attachment,pdf,n/a,n/a,2/9/21 17:01,n/a,n/a,n/a,No,n/a
685f9c3ac32907bcdbcb587e,https://it.nc.gov/20201204-board-meeting-agenda2/download?attachment,pdf,n/a,n/a,2/9/21 17:01,n/a,n/a,n/a,No,n/a
686085836b18002de4d6ecf3,https://it.nc.gov/funding-committee-meeting-packet-02-18-2021pdf/download?attachment,pdf,n/a,2/12/21 14:24,2/15/21 9:16,62,6,2,No,n/a
686b18bf7401ef7bb82d686c,https://it.nc.gov/documents/billing-rates/voice-services-billing-rates-2019-2020/download?attachment,pdf,n/a,2/18/21 11:13,2/18/21 11:13,5,3,n/a,No,n/a
686186239ff1ad15158e141f,https://it.nc.gov/documents/billing-rates/voice-services-billing-rates-2019-2020/open,pdf,n/a,2/18/21 11:13,2/18/21 11:13,5,3,n/a,No,n/a
686b18bb7401ef7bb82d686b,https://it.nc.gov/documents/billing-rates/network-services-billing-rates-2019-2020/download?attachment,pdf,n/a,2/18/21 11:14,2/18/21 11:14,8,3,n/a,No,n/a
686185e59ff1ad15158e141a,https://it.nc.gov/documents/billing-rates/network-services-billing-rates-2019-2020/open,pdf,n/a,2/18/21 11:14,2/18/21 11:14,8,3,n/a,No,n/a
685f9c2ec32907bcdbcb587c,https://it.nc.gov/documents/911-board/nc-911-board-meeting-agenda-book-feb-26-2021/download?attachment,pdf,n/a,2/19/21 19:51,2/19/21 23:20,231,6,7,No,n/a
686184549ff1ad15158e140b,https://it.nc.gov/documents/911-board/nc-911-board-meeting-agenda-book-feb-26-2021/open,pdf,n/a,2/19/21 19:51,2/19/21 23:20,231,6,6,No,n/a
685fa47bc32907bcdbcb598e,https://it.nc.gov/nc-911-board-technology-committee-meeting-agenda-feb-11-2021/download?attachment,pdf,n/a,2/5/21 21:14,2/23/21 16:40,10,4,n/a,Yes,n/a
686195269ff1ad15158e14b8,https://it.nc.gov/nc-911-board-technology-committee-meeting-agenda-feb-11-2021/open,pdf,n/a,2/5/21 21:14,2/23/21 16:40,10,4,n/a,Yes,n/a
686149ee9ff1ad15158e1073,https://it.nc.gov/gicc-meeting-agenda-2021-02-10pdf/open,pdf,n/a,1/27/21 12:57,2/25/21 11:53,1,4,n/a,Yes,n/a
68839aa67589602f3afbfb26,https://it.nc.gov/lgc-bylaws-draft-2021-02pdf/open,pdf,n/a,1/25/21 13:00,2/25/21 11:54,7,4,n/a,No,n/a
68839aa67589602f3afbfb25,https://it.nc.gov/sguc-bylaws-draft-2021-02pdf/open,pdf,n/a,1/25/21 12:54,2/25/21 11:54,8,4,n/a,No,n/a
68839aa67589602f3afbfb27,https://it.nc.gov/smac-bylaws-draft-2021-02pdf/open,pdf,n/a,1/25/21 12:41,2/25/21 11:56,4,4,n/a,No,n/a
685fcdf8c32907bcdbcb60f4,https://it.nc.gov/lgc-quarterly-meeting-agenda-2021-02-24pdf/open,pdf,n/a,2/2/21 12:41,2/25/21 12:01,2,4,n/a,No,n/a
685fae12c32907bcdbcb5aac,https://it.nc.gov/technical-advisory-committee-infrastructure-working-group/download?attachment,pdf,n/a,2/5/21 15:37,2/25/21 12:20,2,4,n/a,No,n/a
686120aa6b18002de4d6fe7c,https://it.nc.gov/technical-advisory-committee-infrastructure-working-group/open,pdf,n/a,2/5/21 15:37,2/25/21 12:20,2,4,n/a,No,n/a
685f9c4cc32907bcdbcb5881,https://it.nc.gov/documents/public-meetings/911/20201204-nc911-board-minutes-approvedpdf/download?attachment,pdf,n/a,2/26/21 13:08,2/26/21 13:27,9,4,n/a,Yes,n/a
685fca96c32907bcdbcb6091,https://it.nc.gov/documents/public-meetings/911/20201204-nc911-board-minutes-approvedpdf/open,pdf,n/a,2/26/21 13:08,2/26/21 13:27,9,4,n/a,Yes,n/a
686b1e2b7401ef7bb82d69a5,https://it.nc.gov/documents/cybersecurity-newsletters/2021/esrmo-newsletter-march-2021/download?attachment,pdf,n/a,3/1/21 16:51,3/1/21 16:51,5,5,3,Yes,n/a
686152489ff1ad15158e1179,https://it.nc.gov/documents/cybersecurity-newsletters/2021/esrmo-newsletter-march-2021/open,pdf,n/a,3/1/21 16:51,3/1/21 16:51,5,5,3,Yes,n/a
686bc3027648400b597547b8,https://it.nc.gov/documents/files/webex-quick-start-guide/download?attachment,pdf,n/a,3/3/21 9:10,3/3/21 9:10,11,3,n/a,Yes,n/a
686154fd9ff1ad15158e11a7,https://it.nc.gov/documents/files/webex-quick-start-guide/open,pdf,n/a,3/3/21 9:10,3/3/21 9:10,11,3,n/a,Yes,n/a
686085996b18002de4d6ecf8,https://it.nc.gov/funding-committee-approved-minutes-11-19-2020/download?attachment,pdf,n/a,3/3/21 8:32,3/3/21 13:59,9,4,n/a,Yes,n/a
686142579ff1ad15158e0ff6,https://it.nc.gov/funding-committee-approved-minutes-11-19-2020/open,pdf,n/a,3/3/21 8:32,3/3/21 13:59,9,4,n/a,Yes,n/a
685fa46dc32907bcdbcb598c,https://it.nc.gov/fcc-911-fee-diversion-notice-proposed-rulemaking/download?attachment,pdf,n/a,3/5/21 17:13,3/5/21 17:14,27,4,4,Yes,n/a
6861465d9ff1ad15158e1042,https://it.nc.gov/fcc-911-fee-diversion-notice-proposed-rulemaking/open,pdf,n/a,3/5/21 17:13,3/5/21 17:14,27,4,3,Yes,n/a
685fa461c32907bcdbcb598a,https://it.nc.gov/911-board-technology-committee-meeting-agenda-march-11-2021/download?attachment,pdf,n/a,3/5/21 17:12,3/8/21 9:32,10,4,n/a,Yes,n/a
68611a206b18002de4d6fe07,https://it.nc.gov/911-board-technology-committee-meeting-agenda-march-11-2021/open,pdf,n/a,3/5/21 17:12,3/8/21 9:32,10,4,n/a,Yes,n/a
686bc4e97648400b597547e7,https://it.nc.gov/documents/public-meetings/it-strategy/it-strategy-board-agenda-march-19-2021/download?attachment,pdf,n/a,3/15/21 12:44,3/15/21 12:44,1,4,n/a,Yes,n/a
6860f5a06b18002de4d6fbdf,https://it.nc.gov/documents/public-meetings/it-strategy/it-strategy-board-agenda-march-19-2021/open,pdf,n/a,3/15/21 12:44,3/15/21 12:44,1,4,n/a,Yes,n/a
686184009ff1ad15158e1404,https://it.nc.gov/nc-911-board-funding-committee-meeting-packet-march-2021/open,pdf,n/a,3/12/21 16:17,3/15/21 12:59,13,2,n/a,Yes,n/a
685f9c25c32907bcdbcb587a,https://it.nc.gov/nc-911-board-meeting-agenda-feb-26-2021/download?attachment,pdf,n/a,3/16/21 22:39,3/17/21 9:30,2,3,n/a,Yes,n/a
686184229ff1ad15158e1407,https://it.nc.gov/nc-911-board-meeting-agenda-feb-26-2021/open,pdf,n/a,3/16/21 22:39,3/17/21 9:30,2,3,n/a,Yes,n/a
685f6f30c32907bcdbcb5116,https://it.nc.gov/documents/files/cisco-8800-telephone-training-guide/download?attachment,pdf,n/a,3/19/21 8:58,3/19/21 8:58,24,3,n/a,Yes,n/a
6860857c6b18002de4d6eced,https://it.nc.gov/nc-911-board-funding-committee-meeting-packet-march-2021-1/download?attachment,pdf,n/a,3/18/21 16:20,3/19/21 9:33,27,4,n/a,No,n/a
68613dba9ff1ad15158e0f91,https://it.nc.gov/nc-911-board-funding-committee-meeting-packet-march-2021-1/open,pdf,n/a,3/18/21 16:20,3/19/21 9:33,27,4,n/a,No,n/a
685f9c00c32907bcdbcb5876,https://it.nc.gov/documents/911-board/911-board-meeting-agenda-march-26-2021/download?attachment,pdf,n/a,3/19/21 23:43,3/19/21 23:43,2,3,n/a,Yes,n/a
685fcb2ec32907bcdbcb60b2,https://it.nc.gov/documents/911-board/911-board-meeting-agenda-march-26-2021/open,pdf,n/a,3/19/21 23:43,3/19/21 23:43,2,3,n/a,Yes,n/a
685f9c16c32907bcdbcb5878,https://it.nc.gov/documents/911-board/911-board-meeting-agenda-book-march-26-2021/download?attachment,pdf,n/a,3/19/21 22:29,3/20/21 10:59,97,6,1,No,n/a
6861197e6b18002de4d6fdfb,https://it.nc.gov/documents/911-board/911-board-meeting-agenda-book-march-26-2021/open,pdf,n/a,3/19/21 22:29,3/20/21 10:59,97,6,1,No,n/a
686085866b18002de4d6ecf4,https://it.nc.gov/nc-911-board-funding-committee-meeting-approved-minutes-02-28-2021/download?attachment,pdf,n/a,3/18/21 15:50,3/22/21 9:35,7,4,n/a,Yes,n/a
68613dcf9ff1ad15158e0f94,https://it.nc.gov/nc-911-board-funding-committee-meeting-approved-minutes-02-28-2021/open,pdf,n/a,3/18/21 15:50,3/22/21 9:35,7,4,n/a,Yes,n/a
685f9fa3c32907bcdbcb5906,https://it.nc.gov/911-education-committee-meeting-agenda-03-25-2021/download?attachment,pdf,n/a,3/22/21 13:41,3/22/21 15:49,1,3,n/a,Yes,n/a
68611a816b18002de4d6fe0c,https://it.nc.gov/911-education-committee-meeting-agenda-03-25-2021/open,pdf,n/a,3/22/21 13:41,3/22/21 15:49,1,3,n/a,Yes,n/a
685f9fa9c32907bcdbcb5907,https://it.nc.gov/911-education-committee-meeting-agenda-packet-03-25-2021/download?attachment,pdf,n/a,3/22/21 13:45,3/22/21 15:49,46,7,4,No,n/a
68611a946b18002de4d6fe0d,https://it.nc.gov/911-education-committee-meeting-agenda-packet-03-25-2021/open,pdf,n/a,3/22/21 13:45,3/22/21 15:49,46,7,4,No,n/a
685f8843c32907bcdbcb5479,https://it.nc.gov/documents/gicc/geographic-data-content-standard-transportation-roads-data-version-2-summary/download?attachment,pdf,n/a,3/24/21 8:14,3/24/21 8:14,1,3,n/a,Yes,n/a
685f9c33c32907bcdbcb587d,https://it.nc.gov/documents/911-board/911-board-meeting-minutes-feb-26-2021/download?attachment,pdf,n/a,3/26/21 17:40,3/29/21 9:32,9,4,n/a,Yes,n/a
6861199e6b18002de4d6fdfe,https://it.nc.gov/documents/911-board/911-board-meeting-minutes-feb-26-2021/open,pdf,n/a,3/26/21 17:40,3/29/21 9:32,9,4,n/a,Yes,n/a
685f883bc32907bcdbcb5478,https://it.nc.gov/documents/gicc/geographic-data-content-standard-transportation-roads-data-version-2/download?attachment,pdf,n/a,3/23/21 13:21,3/29/21 12:30,10,6,n/a,Yes,n/a
686b16487401ef7bb82d67a8,https://it.nc.gov/documents/statewide-policies/mobile-device-management-policy/download?attachment,pdf,n/a,3/30/21 7:16,3/29/21 16:56,8,4,n/a,Yes,n/a
68615f679ff1ad15158e1253,https://it.nc.gov/documents/statewide-policies/mobile-device-management-policy/open,pdf,n/a,3/30/21 7:16,3/29/21 16:56,8,4,n/a,Yes,n/a
686b1e267401ef7bb82d69a4,https://it.nc.gov/documents/cybersecurity-newsletters/2021/esrmo-newsletter-april-2021/download?attachment,pdf,n/a,3/31/21 16:17,3/31/21 16:29,5,5,3,Yes,n/a
6860f89a6b18002de4d6fc27,https://it.nc.gov/documents/cybersecurity-newsletters/2021/esrmo-newsletter-april-2021/open,pdf,n/a,3/31/21 16:17,3/31/21 16:29,5,5,3,Yes,n/a
685fa44bc32907bcdbcb5988,https://it.nc.gov/documents/files/911-board-technology-committee-agenda/download?attachment,pdf,n/a,4/5/21 19:06,4/8/21 9:46,10,4,n/a,Yes,n/a
686119eb6b18002de4d6fe03,https://it.nc.gov/documents/files/911-board-technology-committee-agenda/open,pdf,n/a,4/5/21 19:06,4/8/21 9:46,10,4,n/a,Yes,n/a
686084ef6b18002de4d6ecdf,https://it.nc.gov/documents/public-meetings/911/nc-911-board-funding-committee-meeting-packet-april-2021/download?attachment,pdf,n/a,4/12/21 7:58,4/12/21 7:58,47,5,n/a,No,n/a
68613dad9ff1ad15158e0f8f,https://it.nc.gov/documents/public-meetings/911/nc-911-board-funding-committee-meeting-packet-april-2021/open,pdf,n/a,4/12/21 7:58,4/12/21 7:58,47,5,n/a,No,n/a
686b17377401ef7bb82d67f7,https://it.nc.gov/documents/files/2019-2020-ncdit-overview/download?attachment,pdf,n/a,4/8/21 14:23,4/12/21 15:53,2,4,n/a,No,n/a
685f82e3c32907bcdbcb53dc,https://it.nc.gov/documents/files/2019-2020-ncdit-overview/open,pdf,n/a,4/8/21 14:23,4/12/21 15:53,2,4,n/a,No,n/a
68612ee09ff1ad15158e0907,https://it.nc.gov/documents/gicc/gicc-smac-agenda-04-14-2021/open,pdf,n/a,4/13/21 10:18,4/13/21 10:18,1,2,n/a,Yes,n/a
686142509ff1ad15158e0ff5,https://it.nc.gov/documents/911-board/education-meeting-january-21-2021-approved-minutes/open,pdf,n/a,4/15/21 12:11,4/15/21 12:11,4,4,n/a,Yes,n/a
687ca99f2bf8807ad0553638,https://it.nc.gov/documents/files/firsttech-annual-review-2020/open,pdf,n/a,4/12/21 10:17,4/16/21 10:47,3,4,n/a,No,n/a
687ca9b62bf8807ad055363a,https://it.nc.gov/documents/files/firsttech-strategic-plan/open,pdf,n/a,4/14/21 17:24,4/16/21 10:47,3,4,n/a,No,n/a
685f9fcec32907bcdbcb590c,https://it.nc.gov/documents/files/nc-911-board-education-committee-meeting-minutes-january-21-2021/download?attachment,pdf,n/a,4/15/21 12:11,4/16/21 13:28,4,4,n/a,Yes,n/a
68617b579ff1ad15158e13ab,https://it.nc.gov/documents/files/nc-911-board-education-committee-meeting-minutes-january-21-2021/open,pdf,n/a,4/15/21 12:11,4/16/21 13:28,4,4,n/a,Yes,n/a
685f9f09c32907bcdbcb58fd,https://it.nc.gov/documents/911-board/nc-911-board-education-committee-meeting-agenda-april-22-2021/download?attachment,pdf,n/a,4/16/21 16:26,4/16/21 16:26,1,3,n/a,Yes,n/a
68617b0f9ff1ad15158e13a5,https://it.nc.gov/documents/911-board/nc-911-board-education-committee-meeting-agenda-april-22-2021/open,pdf,n/a,4/16/21 16:26,4/16/21 16:26,1,3,n/a,Yes,n/a
685f9f91c32907bcdbcb5903,https://it.nc.gov/documents/911-board/nc-911-board-education-committee-meeting-agenda-packet-april-22-2021/download?attachment,pdf,n/a,4/16/21 16:32,4/16/21 16:32,22,6,n/a,No,n/a
68617b279ff1ad15158e13a7,https://it.nc.gov/documents/911-board/nc-911-board-education-committee-meeting-agenda-packet-april-22-2021/open,pdf,n/a,4/16/21 16:32,4/16/21 16:32,22,6,n/a,No,n/a
685f70d6c32907bcdbcb5170,https://it.nc.gov/nc-911-board-grant-policy/download?attachment,pdf,n/a,3/5/21 20:46,4/22/21 14:21,3,3,n/a,Yes,n/a
685f9c1bc32907bcdbcb5879,https://it.nc.gov/documents/911-board/911-board-meeting-minutes-march-26-2021/download?attachment,pdf,n/a,4/22/21 21:40,4/22/21 21:40,7,4,n/a,Yes,n/a
686119bd6b18002de4d6fe01,https://it.nc.gov/documents/911-board/911-board-meeting-minutes-march-26-2021/open,pdf,n/a,4/22/21 21:40,4/22/21 21:40,7,4,n/a,Yes,n/a
685f9bedc32907bcdbcb5874,https://it.nc.gov/documents/911-board/911-board-meeting-agenda-book-april-23-2021/download?attachment,pdf,n/a,4/15/21 23:23,4/23/21 8:02,87,6,n/a,No,n/a
6861123f6b18002de4d6fdab,https://it.nc.gov/documents/911-board/911-board-meeting-agenda-book-april-23-2021/open,pdf,n/a,4/15/21 23:23,4/23/21 8:02,87,6,n/a,No,n/a
685f9be7c32907bcdbcb5873,https://it.nc.gov/documents/911-board/911-board-meeting-agenda-april-23-2021/download?attachment,pdf,n/a,4/23/21 8:06,4/23/21 8:06,2,3,n/a,Yes,n/a
685fcb10c32907bcdbcb60ae,https://it.nc.gov/documents/911-board/911-board-meeting-agenda-april-23-2021/open,pdf,n/a,4/23/21 8:06,4/23/21 8:06,2,3,n/a,Yes,n/a
686085806b18002de4d6ecf0,https://it.nc.gov/documents/911-board/funding-committee-meeting-minutes-march-18-2021/download?attachment,pdf,n/a,4/30/21 13:57,4/30/21 13:57,4,4,n/a,Yes,n/a
68613dbf9ff1ad15158e0f92,https://it.nc.gov/documents/911-board/funding-committee-meeting-minutes-march-18-2021/open,pdf,n/a,4/30/21 13:57,4/30/21 13:57,4,4,n/a,Yes,n/a
686b1e1f7401ef7bb82d69a3,https://it.nc.gov/documents/cybersecurity-newsletters/2021/esrmo-newsletter-may-2021/download?attachment,pdf,n/a,5/4/21 9:54,5/4/21 9:54,5,5,5,Yes,n/a
686152739ff1ad15158e117e,https://it.nc.gov/documents/cybersecurity-newsletters/2021/esrmo-newsletter-may-2021/open,pdf,n/a,5/4/21 9:54,5/4/21 9:54,5,5,5,Yes,n/a
68612eda9ff1ad15158e0905,https://it.nc.gov/documents/gicc/mo-fic-fac-bylaws-05-06-2021/open,pdf,n/a,5/5/21 12:36,5/5/21 12:36,14,4,n/a,No,n/a
686116456b18002de4d6fdd6,https://it.nc.gov/documents/gicc/gicc-agenda-05-19-2021/open,pdf,n/a,5/6/21 8:00,5/6/21 9:21,1,4,n/a,Yes,n/a
68612ef29ff1ad15158e090f,https://it.nc.gov/documents/gicc/gicc-smac-minutes-04-14-2021/open,pdf,n/a,5/6/21 10:30,5/6/21 10:30,8,3,n/a,Yes,n/a
68612ee49ff1ad15158e0908,https://it.nc.gov/documents/gicc/gicc-smac-county-boundary-surveys-04-14-2021/open,pdf,n/a,5/7/21 13:23,5/7/21 13:23,4,2,n/a,Yes,n/a
68612ee79ff1ad15158e0909,https://it.nc.gov/documents/gicc/gicc-smac-geodetic-control-04-14-2021/open,pdf,n/a,5/7/21 13:23,5/7/21 13:23,7,2,n/a,Yes,n/a
68612ede9ff1ad15158e0906,https://it.nc.gov/documents/gicc/gicc-smac-address-nc-update-04-14-2021/open,pdf,n/a,5/7/21 13:24,5/7/21 13:24,3,3,n/a,Yes,n/a
68612ef79ff1ad15158e0911,https://it.nc.gov/documents/gicc/gicc-smac-transportation-update-04-14-2021/open,pdf,n/a,5/7/21 13:24,5/7/21 13:24,5,3,n/a,Yes,n/a
68612eee9ff1ad15158e090e,https://it.nc.gov/documents/gicc/gicc-smac-metadata-working-group-status-04-14-2021/open,pdf,n/a,5/7/21 13:29,5/7/21 13:29,3,2,n/a,Yes,n/a
68612ef49ff1ad15158e0910,https://it.nc.gov/documents/gicc/gicc-smac-ortho-program-update-04-14-2021/open,pdf,n/a,5/7/21 13:29,5/7/21 13:29,10,3,n/a,Yes,n/a
68612ee99ff1ad15158e090a,https://it.nc.gov/documents/gicc/gicc-smac-lidar-status-04-14-2021/open,pdf,n/a,5/7/21 13:30,5/7/21 13:30,25,3,n/a,Yes,n/a
6860985c6b18002de4d6f09e,https://it.nc.gov/documents/911-board/nc-911-board-funding-committee-meeting-packet-may-20-2021/open,pdf,n/a,5/14/21 13:53,5/18/21 9:33,35,5,n/a,No,n/a
68612ed79ff1ad15158e0904,https://it.nc.gov/documents/gicc/gicc-goals-2021-2023-discussion/open,pdf,n/a,5/13/21 16:07,5/18/21 15:45,2,3,n/a,No,n/a
685fd67fc32907bcdbcb61d8,https://it.nc.gov/documents/gicc/gicc-goals-and-strategic-direction-2021-23/open,pdf,n/a,5/18/21 15:07,5/18/21 15:52,15,3,n/a,No,n/a
686116706b18002de4d6fdd9,https://it.nc.gov/documents/gicc/gicc-committee-updates-05-19-2021/open,pdf,n/a,5/18/21 11:50,5/18/21 15:54,6,4,n/a,No,n/a
685f9ef4c32907bcdbcb58fa,https://it.nc.gov/documents/911-board/nc-911-board-education-committee-agenda-packet-may-27-2021/download?attachment,pdf,n/a,5/21/21 12:00,5/21/21 12:00,14,6,4,No,n/a
68617ae59ff1ad15158e13a2,https://it.nc.gov/documents/911-board/nc-911-board-education-committee-agenda-packet-may-27-2021/open,pdf,n/a,5/21/21 12:00,5/21/21 12:00,14,6,n/a,No,n/a
685f9eecc32907bcdbcb58f9,https://it.nc.gov/documents/911-board/nc-911-board-education-committee-meeting-agenda-may-27-2021/download?attachment,pdf,n/a,5/21/21 12:00,5/21/21 12:00,14,6,n/a,No,n/a
68617b209ff1ad15158e13a6,https://it.nc.gov/documents/911-board/nc-911-board-education-committee-meeting-agenda-may-27-2021/open,pdf,n/a,5/21/21 12:00,5/21/21 12:00,14,6,n/a,No,n/a
685f9bc7c32907bcdbcb586f,https://it.nc.gov/documents/911-board/911-board-meeting-agenda-may-28-2021/download?attachment,pdf,n/a,5/22/21 8:13,5/22/21 8:13,2,3,n/a,Yes,n/a
685fcb34c32907bcdbcb60b3,https://it.nc.gov/documents/911-board/911-board-meeting-agenda-may-28-2021/open,pdf,n/a,5/22/21 8:13,5/22/21 8:13,2,3,n/a,Yes,n/a
685f9bd1c32907bcdbcb5870,https://it.nc.gov/documents/911-board/911-board-meeting-agenda-book-may-28-2021/download?attachment,pdf,n/a,5/21/21 22:20,5/22/21 8:21,89,6,n/a,No,n/a
685fb0c6c32907bcdbcb5b18,https://it.nc.gov/documents/911-board/911-board-meeting-agenda-book-may-28-2021/open,pdf,n/a,5/21/21 22:20,5/22/21 8:21,89,6,n/a,No,n/a
685fcdebc32907bcdbcb60f3,https://it.nc.gov/lgc-quarterly-meeting-agenda-622021/open,pdf,n/a,5/28/21 8:29,5/28/21 10:39,3,4,n/a,No,n/a
685f9bf8c32907bcdbcb5875,https://it.nc.gov/documents/911-board/nc-911-board-meeting-minutes-april-23-2021/download?attachment,pdf,n/a,5/27/21 16:33,5/28/21 13:55,6,4,n/a,Yes,n/a
6861932d9ff1ad15158e14a1,https://it.nc.gov/documents/911-board/nc-911-board-meeting-minutes-april-23-2021/open,pdf,n/a,5/27/21 16:33,5/28/21 13:55,6,4,n/a,Yes,n/a
686b1e187401ef7bb82d69a1,https://it.nc.gov/documents/cybersecurity-newsletters/2021/esrmo-newsletter-june-2021/download?attachment,pdf,n/a,6/4/21 16:20,6/4/21 16:20,5,5,n/a,Yes,n/a
686137fb9ff1ad15158e0f30,https://it.nc.gov/documents/cybersecurity-newsletters/2021/esrmo-newsletter-june-2021/open,pdf,n/a,6/4/21 16:20,6/4/21 16:20,5,5,1,Yes,n/a
685fa435c32907bcdbcb5985,https://it.nc.gov/documents/911-board/nc-911-board-technology-committee-meeting-agenda-06-10-2021/download?attachment,pdf,n/a,6/4/21 18:23,6/8/21 13:29,12,5,n/a,Yes,n/a
686198169ff1ad15158e14d8,https://it.nc.gov/documents/911-board/nc-911-board-technology-committee-meeting-agenda-06-10-2021/open,pdf,n/a,6/4/21 18:23,6/8/21 13:29,12,5,n/a,Yes,n/a
686126316b18002de4d6ff14,https://it.nc.gov/documents/gicc/gicc-presentation-noaa-digital-coast-05192021/open,pdf,n/a,6/9/21 14:58,6/9/21 14:58,15,2,n/a,Yes,n/a
68613d9e9ff1ad15158e0f8d,https://it.nc.gov/documents/public-meetings/911/nc-911-board-funding-committee-meeting-packet-june-2021/open,pdf,n/a,6/14/21 14:21,6/14/21 14:21,37,5,n/a,No,n/a
6860f5566b18002de4d6fbd8,https://it.nc.gov/documents/public-meetings/it-strategy/it-strategy-board-agenda-june-18-2021/open,pdf,n/a,6/14/21 14:25,6/14/21 14:26,1,3,n/a,Yes,n/a
686bc4dd7648400b597547e5,https://it.nc.gov/documents/public-meetings/it-strategy/it-strategy-board-agenda-june-18-2021/download?attachment,pdf,n/a,n/a,6/14/21 14:27,n/a,n/a,n/a,No,n/a
6860849b2e8395997daa338c,https://it.nc.gov/documents/public-meetings/911/nc-911-board-funding-committee-meeting-packet-june-2021/download?attachment,pdf,n/a,n/a,6/15/21 12:53,n/a,n/a,n/a,No,n/a
686b18ad7401ef7bb82d6866,https://it.nc.gov/documents/billing-rates/hosting-services-billing-rates-2019-2020/download?attachment,pdf,n/a,6/17/21 10:15,6/17/21 10:15,2,3,n/a,No,n/a
68617f159ff1ad15158e13c9,https://it.nc.gov/documents/billing-rates/hosting-services-billing-rates-2019-2020/open,pdf,n/a,6/17/21 10:15,6/17/21 10:15,2,3,n/a,No,n/a
685f9f9dc32907bcdbcb5904,https://it.nc.gov/documents/911-board/nc-911-board-education-committee-meeting-minutes-april-22-2021/download?attachment,pdf,n/a,6/17/21 15:21,6/17/21 15:21,3,4,n/a,Yes,n/a
68617b349ff1ad15158e13a8,https://it.nc.gov/documents/911-board/nc-911-board-education-committee-meeting-minutes-april-22-2021/open,pdf,n/a,6/17/21 15:21,6/17/21 15:21,3,4,n/a,Yes,n/a
686085796b18002de4d6ecec,https://it.nc.gov/documents/911-board/funding-committee-meeting-april-15-2021/download?attachment,pdf,n/a,6/17/21 16:25,6/17/21 16:25,6,4,n/a,Yes,n/a
68613db59ff1ad15158e0f90,https://it.nc.gov/documents/911-board/funding-committee-meeting-april-15-2021/open,pdf,n/a,6/17/21 16:25,6/17/21 16:25,6,4,n/a,Yes,n/a
686084ad2e8395997daa3391,https://it.nc.gov/documents/911-board/nc-911-board-funding-committee-meeting-may-20-2021/download?attachment,pdf,n/a,6/17/21 16:28,6/17/21 16:28,6,4,n/a,Yes,n/a
6860985f6b18002de4d6f09f,https://it.nc.gov/documents/911-board/nc-911-board-funding-committee-meeting-may-20-2021/open,pdf,n/a,6/17/21 16:28,6/17/21 16:28,6,4,n/a,Yes,n/a
685f9bafc32907bcdbcb586b,https://it.nc.gov/documents/public-meetings/911/911-board-meeting-agenda-june-25-2021/download?attachment,pdf,n/a,6/23/21 15:50,6/23/21 15:51,2,3,n/a,Yes,n/a
685fcb27c32907bcdbcb60b0,https://it.nc.gov/documents/public-meetings/911/911-board-meeting-agenda-june-25-2021/open,pdf,n/a,6/23/21 15:50,6/23/21 15:51,2,3,n/a,Yes,n/a
685f9bb6c32907bcdbcb586c,https://it.nc.gov/documents/public-meetings/911/911-board-meeting-agenda-book-june-25-2021/download?attachment,pdf,n/a,6/18/21 7:17,6/23/21 16:03,109,6,2,No,n/a
686112566b18002de4d6fdac,https://it.nc.gov/documents/public-meetings/911/911-board-meeting-agenda-book-june-25-2021/open,pdf,n/a,6/18/21 7:17,6/23/21 16:03,109,6,1,No,n/a
685f9bdbc32907bcdbcb5871,https://it.nc.gov/documents/911-board/nc-911-board-meeting-minutes-may-28-2021/download?attachment,pdf,n/a,n/a,6/28/21 14:48,n/a,n/a,n/a,No,n/a
686198ed9ff1ad15158e14e2,https://it.nc.gov/documents/911-board/nc-911-board-meeting-minutes-may-28-2021/open,pdf,n/a,6/25/21 18:53,6/28/21 14:48,7,3,n/a,Yes,n/a
6861555b9ff1ad15158e11af,https://it.nc.gov/documents/open-budget/state-grants-report-help-documentation/open,pdf,n/a,6/29/21 9:34,6/29/21 9:34,2,3,n/a,Yes,n/a
68614a379ff1ad15158e107d,https://it.nc.gov/documents/public-meetings/gicc/statewide-mapping-advisory-committee-meeting-minutes-jan-20-2021/open,pdf,n/a,6/29/21 14:30,6/29/21 14:30,6,3,n/a,Yes,n/a
686b1e107401ef7bb82d699f,https://it.nc.gov/documents/cybersecurity-newsletters/2021/esrmo-newsletter-july-2021/download?attachment,pdf,n/a,7/16/21 10:14,7/16/21 10:14,5,5,3,Yes,n/a
686137d09ff1ad15158e0f2a,https://it.nc.gov/documents/cybersecurity-newsletters/2021/esrmo-newsletter-july-2021/open,pdf,n/a,7/16/21 10:14,7/16/21 10:14,5,5,3,Yes,n/a
685f9b13c32907bcdbcb5863,https://it.nc.gov/documents/public-meetings/911/911-board-meeting-agenda-july-23-2021/download?attachment,pdf,n/a,7/16/21 18:50,7/16/21 18:51,2,3,n/a,Yes,n/a
685fcb18c32907bcdbcb60af,https://it.nc.gov/documents/public-meetings/911/911-board-meeting-agenda-july-23-2021/open,pdf,n/a,7/16/21 18:50,7/16/21 18:51,2,3,n/a,Yes,n/a
686195599ff1ad15158e14bc,https://it.nc.gov/documents/911-board/nc-911-board-education-committee-meeting/open,pdf,n/a,7/19/21 8:07,7/19/21 8:07,1,3,n/a,Yes,n/a
685f9ed3c32907bcdbcb58f5,https://it.nc.gov/documents/911-board/nc-911-education-committee-meeting-agenda-july-22-2021/download?attachment,pdf,n/a,7/19/21 8:07,7/19/21 8:07,1,3,n/a,Yes,n/a
686198279ff1ad15158e14da,https://it.nc.gov/documents/911-board/nc-911-education-committee-meeting-agenda-july-22-2021/open,pdf,n/a,7/19/21 8:07,7/19/21 8:07,1,3,n/a,Yes,n/a
685f9edcc32907bcdbcb58f6,https://it.nc.gov/documents/911-board/nc-911-education-committee-meeting-agenda-packetjuly-22-2021/download?attachment,pdf,n/a,7/19/21 8:40,7/19/21 8:40,37,7,4,No,n/a
686198419ff1ad15158e14db,https://it.nc.gov/documents/911-board/nc-911-education-committee-meeting-agenda-packetjuly-22-2021/open,pdf,n/a,7/19/21 8:40,7/19/21 8:40,37,7,n/a,No,n/a
686106106b18002de4d6fd01,https://it.nc.gov/documents/gicc/draft-addressnc-specifications-20210811/open,pdf,n/a,7/19/21 14:11,7/19/21 14:11,14,3,n/a,No,n/a
686107536b18002de4d6fd08,https://it.nc.gov/documents/gicc/municipal-boundary-working-group-data-specification-20210811/open,pdf,n/a,7/19/21 14:12,7/19/21 14:12,7,3,n/a,No,n/a
685fbb29c32907bcdbcb5c80,https://it.nc.gov/documents/gicc/nsgic-model-statute-geoenabled-electionspdf/open,pdf,n/a,7/19/21 18:14,7/19/21 18:14,3,4,n/a,No,n/a
68612e5a9ff1ad15158e08e9,https://it.nc.gov/gicc-agenda-20210811pdf/open,pdf,n/a,8/2/21 10:28,8/2/21 10:28,1,4,n/a,Yes,n/a
686b1e087401ef7bb82d699e,https://it.nc.gov/documents/cybersecurity-newsletters/2021/esrmo-newsletter-august-2021/download?attachment,pdf,n/a,8/5/21 10:13,8/5/21 10:13,6,5,3,Yes,n/a
6860fa096b18002de4d6fc37,https://it.nc.gov/documents/cybersecurity-newsletters/2021/esrmo-newsletter-august-2021/open,pdf,n/a,8/5/21 10:13,8/5/21 10:13,6,5,3,Yes,n/a
68612e609ff1ad15158e08eb,https://it.nc.gov/documents/gicc/gicc-committee-updates-20210811/open,pdf,n/a,8/11/21 10:59,8/11/21 10:59,6,4,n/a,No,n/a
68612ed59ff1ad15158e0900,https://it.nc.gov/documents/gicc/gicc-minutes-20210519/open,pdf,n/a,8/11/21 11:00,8/11/21 11:00,8,4,n/a,No,n/a
686126676b18002de4d6ff1e,https://it.nc.gov/documents/gicc/gicc-public-use-micro-data-presentation-20210811/open,pdf,n/a,8/11/21 15:25,8/11/21 15:25,8,4,n/a,No,n/a
685fd6b9c32907bcdbcb61e3,https://it.nc.gov/documents/gicc/gicc-ncorr-presentation-20210811/open,pdf,n/a,8/11/21 14:53,8/11/21 15:27,16,3,n/a,Yes,n/a
686125fd6b18002de4d6ff10,https://it.nc.gov/documents/gicc/gicc-presentation-addressnc-specification-20210811/open,pdf,n/a,8/11/21 15:24,8/11/21 15:33,11,3,n/a,Yes,n/a
68612e5c9ff1ad15158e08ea,https://it.nc.gov/documents/gicc/municipal-boundary-working-group-specification-presentation-8112021/open,pdf,n/a,8/11/21 15:34,8/11/21 15:34,8,4,n/a,No,n/a
685fd68ac32907bcdbcb61da,https://it.nc.gov/documents/gicc/gicc-goals-and-strategic-direction-presentation-20210811/open,pdf,n/a,8/11/21 15:36,8/11/21 15:36,16,4,n/a,No,n/a
685f8ad7c32907bcdbcb56fa,https://it.nc.gov/documents/news/data-privacy-notification-email-aug-12-2021/download?attachment,pdf,n/a,8/12/21 12:31,8/12/21 12:31,4,5,n/a,Yes,n/a
685f8adfc32907bcdbcb56fb,https://it.nc.gov/documents/news/data-privacy-notification-email-aug-12-2021/open,pdf,n/a,8/12/21 12:31,8/12/21 12:31,4,5,n/a,Yes,n/a
6861260d6b18002de4d6ff11,https://it.nc.gov/documents/gicc/gicc-presentation-indeterminate-county-boundaries-20210210/open,pdf,n/a,8/13/21 16:02,8/13/21 16:02,44,4,n/a,No,n/a
68614a0a9ff1ad15158e1077,https://it.nc.gov/documents/gicc/gicc-february-quarterly-meeting-minutes-08102021/open,pdf,n/a,8/13/21 16:06,8/13/21 16:06,10,4,n/a,No,n/a
6861261f6b18002de4d6ff13,https://it.nc.gov/documents/gicc/gicc-presentation-municipal-boundary-working-group-update-20210210/open,pdf,n/a,8/13/21 16:11,8/13/21 16:11,7,4,n/a,No,n/a
686126486b18002de4d6ff15,https://it.nc.gov/documents/gicc/gicc-presentation-recent-legislation-20210210/open,pdf,n/a,8/13/21 16:12,8/13/21 16:12,3,4,n/a,No,n/a
685fad96c32907bcdbcb5a96,https://it.nc.gov/documents/files/mo-bylaws-2021/download?attachment,pdf,n/a,8/16/21 9:44,8/16/21 9:44,4,4,n/a,No,n/a
686152159ff1ad15158e1172,https://it.nc.gov/documents/files/mo-bylaws-2021/open,pdf,n/a,8/16/21 9:44,8/16/21 9:44,4,4,n/a,No,n/a
685faf02c32907bcdbcb5ac8,https://it.nc.gov/documents/gicc/fic-bylaws/download?attachment,pdf,n/a,8/16/21 9:49,8/16/21 9:49,6,4,n/a,No,n/a
686151ef9ff1ad15158e116f,https://it.nc.gov/documents/gicc/fic-bylaws/open,pdf,n/a,8/16/21 9:49,8/16/21 9:49,6,4,n/a,No,n/a
685fade8c32907bcdbcb5aa4,https://it.nc.gov/documents/files/tac-bylaws-2021-05-19/download?attachment,pdf,n/a,8/16/21 9:54,8/16/21 9:54,4,4,n/a,No,n/a
6861522e9ff1ad15158e1175,https://it.nc.gov/documents/files/tac-bylaws-2021-05-19/open,pdf,n/a,8/16/21 9:54,8/16/21 9:54,4,4,n/a,No,n/a
68612e579ff1ad15158e08e5,https://it.nc.gov/documents/gicc/local-government-committee-agenda-8252021/open,pdf,n/a,8/18/21 13:24,8/18/21 13:24,2,5,n/a,Yes,n/a
68612ece9ff1ad15158e08ff,https://it.nc.gov/documents/gicc/lgc-meeting-minutes-20210602/open,pdf,n/a,8/18/21 14:45,8/18/21 14:45,5,4,n/a,Yes,n/a
685f9ebbc32907bcdbcb58f1,https://it.nc.gov/documents/911-board/911-education-committee-agenda-aug-19-2021/download?attachment,pdf,n/a,8/16/21 15:33,8/18/21 15:55,1,3,n/a,Yes,n/a
68611a576b18002de4d6fe0a,https://it.nc.gov/documents/911-board/911-education-committee-agenda-aug-19-2021/open,pdf,n/a,8/16/21 15:33,8/18/21 15:55,1,3,n/a,Yes,n/a
685f9ec2c32907bcdbcb58f3,https://it.nc.gov/documents/911-board/911-education-committee-agenda-packet-aug-19-2021/download?attachment,pdf,n/a,8/16/21 15:36,8/18/21 15:55,5,3,n/a,Yes,n/a
68611a646b18002de4d6fe0b,https://it.nc.gov/documents/911-board/911-education-committee-agenda-packet-aug-19-2021/open,pdf,n/a,8/16/21 15:36,8/18/21 15:55,5,3,n/a,Yes,n/a
686084922e8395997daa338a,https://it.nc.gov/documents/911-board/911-board-funding-committee-meeting-packet-august-2021/download?attachment,pdf,n/a,8/16/21 14:22,8/19/21 12:58,8,2,n/a,Yes,n/a
685fcb09c32907bcdbcb60ad,https://it.nc.gov/documents/911-board/911-board-funding-committee-meeting-packet-august-2021/open,pdf,n/a,8/16/21 14:22,8/19/21 12:58,8,2,n/a,Yes,n/a
685f9b9cc32907bcdbcb5868,https://it.nc.gov/documents/public-meetings/911/911-board-meeting-agenda-book-07-23-2021/download?attachment,pdf,n/a,7/15/21 18:53,8/20/21 14:34,160,6,1,No,n/a
686119916b18002de4d6fdfd,https://it.nc.gov/documents/public-meetings/911/911-board-meeting-agenda-book-07-23-2021/open,pdf,n/a,7/15/21 18:53,8/20/21 14:34,160,6,1,No,n/a
685f9af9c32907bcdbcb585f,https://it.nc.gov/documents/public-meetings/911/nc-911-board-agenda-08-27-2021/download?attachment,pdf,n/a,8/20/21 14:13,8/20/21 15:49,2,2,n/a,Yes,n/a
68616cad9ff1ad15158e1307,https://it.nc.gov/documents/public-meetings/911/nc-911-board-agenda-08-27-2021/open,pdf,n/a,8/20/21 14:13,8/20/21 15:49,2,2,n/a,Yes,n/a
685f9b00c32907bcdbcb5860,https://it.nc.gov/documents/public-meetings/911/nc-911-board-meeting-packet-08-27-2021/download?attachment,pdf,n/a,8/19/21 13:04,8/20/21 16:38,95,7,n/a,No,n/a
68618d409ff1ad15158e145d,https://it.nc.gov/documents/public-meetings/911/nc-911-board-meeting-packet-08-27-2021/open,pdf,n/a,8/19/21 13:04,8/20/21 16:38,95,7,n/a,No,n/a
686b188a7401ef7bb82d6858,https://it.nc.gov/documents/billing-rates/nc-identity-management-billing-rates-2021-2022/download?attachment,pdf,n/a,8/23/21 16:31,8/23/21 16:31,1,2,n/a,No,n/a
68617fb89ff1ad15158e13d6,https://it.nc.gov/documents/billing-rates/nc-identity-management-billing-rates-2021-2022/open,pdf,n/a,8/23/21 16:31,8/23/21 16:31,1,2,n/a,No,n/a
686b18737401ef7bb82d684d,https://it.nc.gov/documents/billing-rates/client-computing-billing-rates-2021-2022/download?attachment,pdf,n/a,8/23/21 16:33,8/23/21 16:33,1,2,n/a,No,n/a
686174679ff1ad15158e1362,https://it.nc.gov/documents/billing-rates/client-computing-billing-rates-2021-2022/open,pdf,n/a,8/23/21 16:33,8/23/21 16:33,1,2,n/a,No,n/a
686b187a7401ef7bb82d684f,https://it.nc.gov/documents/billing-rates/enterprise-directory-services-billing-rates-2021-2022/download?attachment,pdf,n/a,8/23/21 16:34,8/23/21 16:34,1,2,n/a,No,n/a
686174c69ff1ad15158e136a,https://it.nc.gov/documents/billing-rates/enterprise-directory-services-billing-rates-2021-2022/open,pdf,n/a,8/23/21 16:34,8/23/21 16:34,1,2,n/a,No,n/a
686b18717401ef7bb82d684c,https://it.nc.gov/documents/billing-rates/central-operator-services-billing-rates-2021-2022/download?attachment,pdf,n/a,8/23/21 16:38,8/23/21 16:38,1,2,n/a,No,n/a
686174459ff1ad15158e135f,https://it.nc.gov/documents/billing-rates/central-operator-services-billing-rates-2021-2022/open,pdf,n/a,8/23/21 16:38,8/23/21 16:38,1,2,n/a,No,n/a
686b18837401ef7bb82d6856,https://it.nc.gov/documents/billing-rates/it-business-application-billing-rates-2021-2022/download?attachment,pdf,n/a,8/23/21 17:09,8/23/21 17:09,1,2,n/a,No,n/a
68617f539ff1ad15158e13ce,https://it.nc.gov/documents/billing-rates/it-business-application-billing-rates-2021-2022/open,pdf,n/a,8/23/21 17:09,8/23/21 17:09,1,2,n/a,No,n/a
68612e6d9ff1ad15158e08ef,https://it.nc.gov/documents/gicc/gicc-smac-minutes-7142021/open,pdf,n/a,8/24/21 8:39,8/24/21 8:39,6,3,n/a,Yes,n/a
68612e659ff1ad15158e08ed,https://it.nc.gov/documents/gicc/smac-addressnc-update-20210714-0/open,pdf,n/a,8/24/21 8:40,8/24/21 8:40,11,3,n/a,Yes,n/a
68839dca7589602f3afbfb72,https://it.nc.gov/documents/gicc/smac-addressnc-update-20210714/open,pdf,n/a,8/24/21 8:40,8/24/21 8:40,11,3,n/a,Yes,n/a
68612e719ff1ad15158e08f3,https://it.nc.gov/documents/gicc/smac-municipal-boundary-update-7142021/open,pdf,n/a,8/24/21 8:40,8/24/21 8:40,7,3,n/a,Yes,n/a
68612e699ff1ad15158e08ee,https://it.nc.gov/documents/gicc/smac-geodetic-control-update-7142021/open,pdf,n/a,8/24/21 8:41,8/24/21 8:41,10,2,n/a,Yes,n/a
68612ec89ff1ad15158e08fd,https://it.nc.gov/documents/gicc/smac-ortho-program-update-7142021/open,pdf,n/a,8/24/21 8:41,8/24/21 8:41,11,3,n/a,Yes,n/a
68612eca9ff1ad15158e08fe,https://it.nc.gov/documents/gicc/smac-transportation-update-7142021/open,pdf,n/a,8/24/21 8:41,8/24/21 8:41,5,3,n/a,Yes,n/a
686b187e7401ef7bb82d6850,https://it.nc.gov/documents/billing-rates/center-geographic-information-analysis-billing-rates-2021-2022/download?attachment,pdf,n/a,8/25/21 11:04,8/25/21 11:04,1,2,n/a,No,n/a
686174229ff1ad15158e135c,https://it.nc.gov/documents/billing-rates/center-geographic-information-analysis-billing-rates-2021-2022/open,pdf,n/a,8/25/21 11:04,8/25/21 11:04,1,2,n/a,No,n/a
686b18817401ef7bb82d6855,https://it.nc.gov/documents/billing-rates/hosting-services-billing-rates-2021-2022/download?attachment,pdf,n/a,8/25/21 11:39,8/25/21 11:39,2,3,n/a,No,n/a
68617f1d9ff1ad15158e13ca,https://it.nc.gov/documents/billing-rates/hosting-services-billing-rates-2021-2022/open,pdf,n/a,8/25/21 11:39,8/25/21 11:39,2,3,n/a,No,n/a
686b18877401ef7bb82d6857,https://it.nc.gov/documents/billing-rates/multi-factor-authentication-services-billing-rates-2021-2022/download?attachment,pdf,n/a,8/25/21 12:02,8/25/21 12:02,1,2,n/a,No,n/a
68617f949ff1ad15158e13d3,https://it.nc.gov/documents/billing-rates/multi-factor-authentication-services-billing-rates-2021-2022/open,pdf,n/a,8/25/21 12:02,8/25/21 12:02,1,2,n/a,No,n/a
686122ea6b18002de4d6fec6,https://it.nc.gov/cjleads-user-administration-qa-minutes-june-2021/open,pdf,n/a,8/25/21 15:40,8/25/21 15:40,2,4,n/a,Yes,n/a
686122bb6b18002de4d6febd,https://it.nc.gov/cjleads-user-administration-qa-minutes-april-2021/open,pdf,n/a,8/25/21 15:42,8/25/21 15:42,2,4,n/a,Yes,n/a
685f9ba6c32907bcdbcb586a,https://it.nc.gov/documents/911-board/911-board-meeting-minutes-approved-july-23-2021/download?attachment,pdf,n/a,8/30/21 10:13,8/30/21 10:13,7,3,n/a,Yes,n/a
686142279ff1ad15158e0ff0,https://it.nc.gov/documents/911-board/911-board-meeting-minutes-approved-july-23-2021/open,pdf,n/a,8/30/21 10:13,8/30/21 10:13,7,3,n/a,Yes,n/a
686186e29ff1ad15158e1423,https://it.nc.gov/wan-service-sample-rates-2021-2022/open,pdf,n/a,8/30/21 10:44,8/30/21 10:44,1,2,n/a,No,n/a
686b1b527401ef7bb82d68ef,https://it.nc.gov/documents/files/sts-04-telecommunications-shared-service-agreement-0/open,pdf,n/a,8/30/21 16:50,8/30/21 16:50,1,3,n/a,Yes,n/a
686b1e037401ef7bb82d699d,https://it.nc.gov/documents/cybersecurity-newsletters/2021/esrmo-newsletter-september-2021/download?attachment,pdf,n/a,8/31/21 15:37,8/31/21 15:44,5,5,3,Yes,n/a
686164289ff1ad15158e128d,https://it.nc.gov/documents/cybersecurity-newsletters/2021/esrmo-newsletter-september-2021/open,pdf,n/a,8/31/21 15:37,8/31/21 15:44,5,5,3,Yes,n/a
686b1b3b7401ef7bb82d68eb,https://it.nc.gov/documents/files/sts-06-security-services-request-form-0/open,pdf,n/a,9/2/21 9:40,9/2/21 9:40,4,4,n/a,Yes,n/a
68610d246b18002de4d6fd6c,https://it.nc.gov/documents/gicc/gicc-goals-21-23/open,pdf,n/a,9/10/21 13:11,9/10/21 13:11,2,4,n/a,No,n/a
686b18757401ef7bb82d684e,https://it.nc.gov/documents/billing-rates/data-services-billing-rates-2021-2022/download?attachment,pdf,n/a,9/13/21 14:03,9/13/21 14:03,3,3,n/a,No,n/a
686174929ff1ad15158e1366,https://it.nc.gov/documents/billing-rates/data-services-billing-rates-2021-2022/open,pdf,n/a,9/13/21 14:03,9/13/21 14:03,3,3,n/a,No,n/a
686b188f7401ef7bb82d685c,https://it.nc.gov/documents/billing-rates/network-services-billing-rates-2021-2022/download?attachment,pdf,n/a,9/13/21 14:05,9/13/21 14:05,7,3,n/a,No,n/a
686185f79ff1ad15158e141b,https://it.nc.gov/documents/billing-rates/network-services-billing-rates-2021-2022/open,pdf,n/a,9/13/21 14:05,9/13/21 14:05,7,3,n/a,No,n/a
686b18957401ef7bb82d685d,https://it.nc.gov/documents/billing-rates/voice-services-billing-rates-2021-2022/download?attachment,pdf,n/a,9/13/21 14:07,9/13/21 14:07,4,3,n/a,No,n/a
686186c49ff1ad15158e1420,https://it.nc.gov/documents/billing-rates/voice-services-billing-rates-2021-2022/open,pdf,n/a,9/13/21 14:07,9/13/21 14:07,4,3,n/a,No,n/a
685fa0fec32907bcdbcb5938,https://it.nc.gov/documents/911-board/september-2021-funding-committee-meeting-packet/download?attachment,pdf,n/a,9/13/21 18:43,9/13/21 18:43,13,3,1,Yes,n/a
686198529ff1ad15158e14dd,https://it.nc.gov/documents/911-board/september-2021-funding-committee-meeting-packet/open,pdf,n/a,9/13/21 18:43,9/13/21 18:43,13,3,n/a,Yes,n/a
685faecec32907bcdbcb5ac0,https://it.nc.gov/sguc-workplan-2021-2022/open,pdf,n/a,9/14/21 13:21,9/14/21 13:21,5,3,n/a,Yes,n/a
686bc4d77648400b597547e4,https://it.nc.gov/documents/public-meetings/it-strategy/it-strategy-board-meeting-presentation-sept-17-2021/download?attachment,pdf,n/a,9/15/21 13:00,9/15/21 13:00,35,6,n/a,No,n/a
686136ea9ff1ad15158e0f0c,https://it.nc.gov/documents/public-meetings/it-strategy/it-strategy-board-meeting-presentation-sept-17-2021/open,pdf,n/a,9/15/21 13:00,9/15/21 13:00,35,6,7,No,n/a
686bc4cc7648400b597547e3,https://it.nc.gov/documents/public-meetings/it-strategy/it-strategy-board-agenda-sept-17-2021/download?attachment,pdf,n/a,9/16/21 15:51,9/16/21 15:51,1,2,n/a,Yes,n/a
686136aa9ff1ad15158e0f03,https://it.nc.gov/documents/public-meetings/it-strategy/it-strategy-board-agenda-sept-17-2021/open,pdf,n/a,9/16/21 15:51,9/16/21 15:51,1,2,n/a,Yes,n/a
685f9eccc32907bcdbcb58f4,https://it.nc.gov/nc-911-board-education-committee-minutes-august-19-2022/download?attachment,pdf,n/a,9/17/21 13:00,9/17/21 13:00,2,4,n/a,Yes,n/a
685f9ea0c32907bcdbcb58ee,https://it.nc.gov/documents/911-board/nc-911-education-committee-meeting-agenda-09-23-2021/download?attachment,pdf,n/a,9/17/21 13:20,9/17/21 13:20,1,3,n/a,Yes,n/a
6861981d9ff1ad15158e14d9,https://it.nc.gov/documents/911-board/nc-911-education-committee-meeting-agenda-09-23-2021/open,pdf,n/a,9/17/21 13:20,9/17/21 13:20,1,3,n/a,Yes,n/a
685f9ea6c32907bcdbcb58ef,https://it.nc.gov/documents/911-board/nc-911-board-education-committee-agenda-packet-september-23-2021/download?attachment,pdf,n/a,9/17/21 13:43,9/17/21 13:43,11,4,n/a,No,n/a
68617afd9ff1ad15158e13a4,https://it.nc.gov/documents/911-board/nc-911-board-education-committee-agenda-packet-september-23-2021/open,pdf,n/a,9/17/21 13:43,9/17/21 13:43,11,4,n/a,No,n/a
685f9adac32907bcdbcb585b,https://it.nc.gov/documents/public-meetings/911/911-board-meeting-agenda-sept-24-2021/download?attachment,pdf,n/a,9/20/21 11:27,9/20/21 11:52,2,2,n/a,Yes,n/a
686112326b18002de4d6fda9,https://it.nc.gov/documents/public-meetings/911/911-board-meeting-agenda-sept-24-2021/open,pdf,n/a,9/20/21 11:27,9/20/21 11:52,2,2,n/a,Yes,n/a
685f9ae2c32907bcdbcb585c,https://it.nc.gov/nc-911-board-meeting-packet-sept-24-2021/download?attachment,pdf,n/a,9/16/21 18:08,9/20/21 11:53,85,6,n/a,No,n/a
68618d399ff1ad15158e145c,https://it.nc.gov/nc-911-board-meeting-packet-sept-24-2021/open,pdf,n/a,9/16/21 18:08,9/20/21 11:53,85,6,1,No,n/a
686b1dfb7401ef7bb82d699b,https://it.nc.gov/documents/cybersecurity-newsletters/2021/esrmo-newsletter-october-2021/download?attachment,pdf,n/a,9/29/21 12:01,9/29/21 12:01,5,5,3,Yes,n/a
686152b69ff1ad15158e1188,https://it.nc.gov/documents/cybersecurity-newsletters/2021/esrmo-newsletter-october-2021/open,pdf,n/a,9/29/21 12:01,9/29/21 12:01,5,5,3,Yes,n/a
686b171b7401ef7bb82d67f0,https://it.nc.gov/documents/ncdit-it-strategic-plan/open,pdf,n/a,9/28/21 11:24,9/30/21 7:32,1,3,n/a,No,n/a
686b17187401ef7bb82d67ef,https://it.nc.gov/documents/statewide-it-strategic-plan/download?attachment,pdf,n/a,9/28/21 11:29,9/30/21 7:40,1,4,n/a,No,n/a
685fbb33c32907bcdbcb5c81,https://it.nc.gov/documents/statewide-it-strategic-plan/open,pdf,n/a,9/28/21 11:29,9/30/21 7:40,1,4,n/a,No,n/a
685f9bbec32907bcdbcb586d,https://it.nc.gov/documents/911-board/nc-911-board-meeting-minutes-june-25-2021/download?attachment,pdf,n/a,7/21/21 9:57,10/1/21 15:46,7,2,n/a,Yes,n/a
6861931c9ff1ad15158e149f,https://it.nc.gov/documents/911-board/nc-911-board-meeting-minutes-june-25-2021/open,pdf,n/a,7/21/21 9:57,10/1/21 15:46,7,2,n/a,Yes,n/a
685f9b0dc32907bcdbcb5861,https://it.nc.gov/documents/911-board/nc-911-board-minutes-aug-27-2021/download?attachment,pdf,n/a,10/1/21 17:10,10/4/21 8:29,11,4,n/a,Yes,n/a
686197489ff1ad15158e14cc,https://it.nc.gov/documents/911-board/nc-911-board-minutes-aug-27-2021/open,pdf,n/a,10/1/21 17:10,10/4/21 8:29,11,4,n/a,Yes,n/a
686bc4e37648400b597547e6,https://it.nc.gov/documents/public-meetings/it-strategy/it-strategy-board-meeting-presentation-june-18-2021/download?attachment,pdf,n/a,10/4/21 16:22,10/4/21 16:23,8,3,n/a,Yes,n/a
686136c79ff1ad15158e0f08,https://it.nc.gov/documents/public-meetings/it-strategy/it-strategy-board-meeting-presentation-june-18-2021/open,pdf,n/a,10/4/21 16:22,10/4/21 16:23,8,3,n/a,Yes,n/a
685fa268c32907bcdbcb595a,https://it.nc.gov/documents/911-board/standards-committee-meeting-agenda-october-7-2021/download?attachment,pdf,n/a,10/5/21 14:26,10/5/21 14:26,1,3,n/a,Yes,n/a
686199719ff1ad15158e14e6,https://it.nc.gov/documents/911-board/standards-committee-meeting-agenda-october-7-2021/open,pdf,n/a,10/5/21 14:26,10/5/21 14:26,1,3,n/a,Yes,n/a
685fa26ec32907bcdbcb595c,https://it.nc.gov/documents/911-board/standards-committee-meeting-agenda-packet-october-7-2021/download?attachment,pdf,n/a,10/5/21 14:40,10/5/21 14:40,7,3,n/a,Yes,n/a
6861997e9ff1ad15158e14e7,https://it.nc.gov/documents/911-board/standards-committee-meeting-agenda-packet-october-7-2021/open,pdf,n/a,10/5/21 14:40,10/5/21 14:40,7,3,n/a,Yes,n/a
685fa428c32907bcdbcb5983,https://it.nc.gov/documents/911-board/technology-committee-meeting-october-14-2021/download?attachment,pdf,n/a,10/11/21 8:46,10/11/21 8:46,14,4,n/a,No,n/a
686199869ff1ad15158e14e8,https://it.nc.gov/documents/911-board/technology-committee-meeting-october-14-2021/open,pdf,n/a,10/11/21 8:46,10/11/21 8:46,14,4,n/a,No,n/a
68612e429ff1ad15158e08df,https://it.nc.gov/gicc-smac-agenda-v2-20211013pdf/open,pdf,n/a,10/12/21 15:05,10/12/21 15:05,1,2,n/a,Yes,n/a
685fa0f2c32907bcdbcb5936,https://it.nc.gov/documents/911-board/funding-committee-meeting-october-2021/download?attachment,pdf,n/a,10/15/21 12:29,10/15/21 12:34,27,4,n/a,No,n/a
686158169ff1ad15158e11e1,https://it.nc.gov/documents/911-board/funding-committee-meeting-october-2021/open,pdf,n/a,10/15/21 12:29,10/15/21 12:34,27,4,n/a,No,n/a
685f9ac5c32907bcdbcb5857,https://it.nc.gov/documents/911-board/nc-911-board-agenda-oct-22-2021/download?attachment,pdf,n/a,10/15/21 16:34,10/15/21 16:51,2,3,n/a,Yes,n/a
68616ca79ff1ad15158e1306,https://it.nc.gov/documents/911-board/nc-911-board-agenda-oct-22-2021/open,pdf,n/a,10/15/21 16:34,10/15/21 16:51,2,3,n/a,Yes,n/a
685f9acbc32907bcdbcb5859,https://it.nc.gov/documents/public-meetings/911/nc-911-board-meeting-packet-oct-22-2021/download?attachment,pdf,n/a,10/14/21 14:05,10/15/21 16:56,77,6,1,No,n/a
686140389ff1ad15158e0fcd,https://it.nc.gov/documents/public-meetings/911/nc-911-board-meeting-packet-oct-22-2021/open,pdf,n/a,10/14/21 14:05,10/15/21 16:56,77,6,n/a,No,n/a
686084952e8395997daa338b,https://it.nc.gov/documents/911-board/nc-911-board-funding-committee-meeting-aug-19-2021/download?attachment,pdf,n/a,10/20/21 13:44,10/20/21 13:44,4,4,n/a,Yes,n/a
686181d09ff1ad15158e13ee,https://it.nc.gov/documents/911-board/nc-911-board-funding-committee-meeting-aug-19-2021/open,pdf,n/a,10/20/21 13:44,10/20/21 13:44,4,4,n/a,Yes,n/a
685fa4aac32907bcdbcb5992,https://it.nc.gov/documents/911-board/technology-committee-meeting-january-14-2021/download?attachment,pdf,n/a,10/20/21 13:57,10/20/21 13:57,3,4,n/a,No,n/a
686197899ff1ad15158e14d0,https://it.nc.gov/documents/911-board/technology-committee-meeting-january-14-2021/open,pdf,n/a,10/20/21 13:57,10/20/21 13:57,3,4,n/a,No,n/a
685fa48dc32907bcdbcb598f,https://it.nc.gov/documents/911-board/technology-committee-meeting-february-11-2021/download?attachment,pdf,n/a,10/20/21 14:03,10/20/21 14:03,3,4,n/a,No,n/a
686197789ff1ad15158e14cf,https://it.nc.gov/documents/911-board/technology-committee-meeting-february-11-2021/open,pdf,n/a,10/20/21 14:03,10/20/21 14:03,3,4,n/a,No,n/a
685fa473c32907bcdbcb598d,https://it.nc.gov/documents/911-board/technology-committee-meeting-march-11-2021/download?attachment,pdf,n/a,10/20/21 14:05,10/20/21 14:05,4,4,n/a,No,n/a
686197959ff1ad15158e14d1,https://it.nc.gov/documents/911-board/technology-committee-meeting-march-11-2021/open,pdf,n/a,10/20/21 14:05,10/20/21 14:05,4,4,n/a,No,n/a
685fa453c32907bcdbcb5989,https://it.nc.gov/documents/911-board/technology-committee-meeting-april-8th-2021/download?attachment,pdf,n/a,10/20/21 14:15,10/20/21 14:15,3,4,n/a,No,n/a
686197699ff1ad15158e14ce,https://it.nc.gov/documents/911-board/technology-committee-meeting-april-8th-2021/open,pdf,n/a,10/20/21 14:15,10/20/21 14:15,3,4,n/a,No,n/a
685fa445c32907bcdbcb5986,https://it.nc.gov/documents/911-board/nc-911-board-technology-committee-meeting-june-10-2021/download?attachment,pdf,n/a,10/20/21 14:19,10/20/21 14:19,5,4,n/a,No,n/a
686189bb9ff1ad15158e1443,https://it.nc.gov/documents/911-board/nc-911-board-technology-committee-meeting-june-10-2021/open,pdf,n/a,10/20/21 14:19,10/20/21 14:19,5,4,n/a,No,n/a
686189a69ff1ad15158e1442,https://it.nc.gov/documents/911-board/nc-911-board-technology-committee-meeting-july-29-2021/open,pdf,n/a,10/20/21 14:22,10/20/21 14:22,4,4,n/a,No,n/a
686188a79ff1ad15158e1433,https://it.nc.gov/documents/911-board/nc-911-board-meeting-approved-minutes-sept-24-2021/open,pdf,n/a,10/25/21 12:07,10/25/21 12:07,11,4,n/a,Yes,n/a
686b150b7401ef7bb82d6760,https://it.nc.gov/documents/government-data-analytics-center-legislative-report-august-2021/download?attachment,pdf,n/a,8/12/21 20:18,10/25/21 13:37,30,5,n/a,Yes,n/a
685fb3c6c32907bcdbcb5b92,https://it.nc.gov/documents/government-data-analytics-center-legislative-report-august-2021/open,pdf,n/a,8/12/21 20:18,10/25/21 13:37,30,5,n/a,Yes,n/a
68612e489ff1ad15158e08e1,https://it.nc.gov/gicc-smac-elevation-status-20211013pdf/open,pdf,n/a,10/25/21 14:40,10/25/21 14:40,18,2,n/a,Yes,n/a
68612e4d9ff1ad15158e08e2,https://it.nc.gov/gicc-smac-geodetic-control-20211013pdf/open,pdf,n/a,10/25/21 14:40,10/25/21 14:40,12,2,n/a,Yes,n/a
68612e469ff1ad15158e08e0,https://it.nc.gov/gicc-smac-county-state-boundaries-20211013pdf/open,pdf,n/a,10/25/21 14:42,10/25/21 14:42,3,2,n/a,Yes,n/a
68612e529ff1ad15158e08e4,https://it.nc.gov/gicc-smac-transportation-update-20211013pdf/open,pdf,n/a,10/25/21 14:42,10/25/21 14:42,8,3,n/a,Yes,n/a
68612e509ff1ad15158e08e3,https://it.nc.gov/gicc-smac-nc-metadata-working-group-status-20211013pdf/open,pdf,n/a,n/a,10/26/21 7:56,n/a,n/a,n/a,No,n/a
68612e349ff1ad15158e08d8,https://it.nc.gov/documents/gicc/draft-august-2021-gicc-quarterly-meeting-minutes/open,pdf,n/a,10/26/21 16:17,10/26/21 16:17,10,4,n/a,No,n/a
68612e389ff1ad15158e08d9,https://it.nc.gov/documents/gicc/gicc-quarterly-meeting-agenda-20211103/open,pdf,n/a,10/27/21 14:53,10/27/21 14:53,1,3,n/a,No,n/a
686b1ded7401ef7bb82d6999,https://it.nc.gov/documents/cybersecurity-newsletters/2021/esrmo-newsletter-november-2021/download?attachment,pdf,n/a,10/28/21 15:10,10/28/21 15:13,6,7,5,Yes,n/a
686152979ff1ad15158e1183,https://it.nc.gov/documents/cybersecurity-newsletters/2021/esrmo-newsletter-november-2021/open,pdf,n/a,10/28/21 15:10,10/28/21 15:13,6,7,4,Yes,n/a
685f9fb6c32907bcdbcb5909,https://it.nc.gov/documents/911-board/nc-911-board-education-committee-minutes-march-25-2021/download?attachment,pdf,n/a,10/29/21 11:14,10/29/21 11:14,2,4,n/a,Yes,n/a
686181b99ff1ad15158e13ec,https://it.nc.gov/documents/911-board/nc-911-board-education-committee-minutes-march-25-2021/open,pdf,n/a,10/29/21 11:14,10/29/21 11:14,2,4,n/a,Yes,n/a
685f9f03c32907bcdbcb58fc,https://it.nc.gov/documents/911-board/nc-911-board-education-committee-meeting-minutes-may-27-2021/download?attachment,pdf,n/a,10/29/21 11:16,10/29/21 11:16,2,4,n/a,Yes,n/a
68617b429ff1ad15158e13a9,https://it.nc.gov/documents/911-board/nc-911-board-education-committee-meeting-minutes-may-27-2021/open,pdf,n/a,10/29/21 11:16,10/29/21 11:16,2,4,n/a,Yes,n/a
685f9ee3c32907bcdbcb58f8,https://it.nc.gov/documents/911-board/nc-911-board-education-committee-minutes-july-22-2021/download?attachment,pdf,n/a,10/29/21 11:18,10/29/21 11:18,3,4,n/a,Yes,n/a
68617b7f9ff1ad15158e13ae,https://it.nc.gov/documents/911-board/nc-911-board-education-committee-minutes-july-22-2021/open,pdf,n/a,10/29/21 11:18,10/29/21 11:18,3,4,n/a,Yes,n/a
685fa412c32907bcdbcb5980,https://it.nc.gov/documents/911-board/nc-911-board-technology-committee-meeting-agendanov-4-2021/download?attachment,pdf,n/a,11/1/21 10:28,11/1/21 10:28,13,4,n/a,No,n/a
686195319ff1ad15158e14b9,https://it.nc.gov/documents/911-board/nc-911-board-technology-committee-meeting-agendanov-4-2021/open,pdf,n/a,11/1/21 10:28,11/1/21 10:28,13,4,n/a,No,n/a
6861954a9ff1ad15158e14ba,https://it.nc.gov/documents/911-board/nc-911-board-technology-committee-meeting-packet-nov-4-2021/open,pdf,n/a,11/1/21 10:31,11/1/21 10:31,1,3,n/a,No,n/a
685fa258c32907bcdbcb5958,https://it.nc.gov/documents/911-board/nc-911-board-standards-committee-meeting-agenda-nov-4-2021/download?attachment,pdf,n/a,11/1/21 12:30,11/1/21 13:11,5,4,n/a,Yes,n/a
68618ef19ff1ad15158e1474,https://it.nc.gov/documents/911-board/nc-911-board-standards-committee-meeting-agenda-nov-4-2021/open,pdf,n/a,11/1/21 12:30,11/1/21 13:11,5,4,n/a,Yes,n/a
685f87ecc32907bcdbcb5464,https://it.nc.gov/documents/gicc/gicc-2020-annual-report/download?attachment,pdf,n/a,11/2/21 13:59,11/3/21 9:12,31,3,n/a,Yes,n/a
685fc92ec32907bcdbcb606e,https://it.nc.gov/documents/gicc/gicc-2020-annual-report/open,pdf,n/a,11/2/21 13:59,11/3/21 9:12,31,3,n/a,Yes,n/a
685fa106c32907bcdbcb5939,https://it.nc.gov/documents/911-board/nc-911-board-funding-committee-meeting-approved-minutes-sept-16-2021/download?attachment,pdf,n/a,11/4/21 8:21,11/4/21 8:21,6,4,n/a,Yes,n/a
686181c59ff1ad15158e13ed,https://it.nc.gov/documents/911-board/nc-911-board-funding-committee-meeting-approved-minutes-sept-16-2021/open,pdf,n/a,11/4/21 8:21,11/4/21 8:21,6,4,n/a,Yes,n/a
68612e639ff1ad15158e08ec,https://it.nc.gov/documents/gicc/august-quarterly-gicc-meeting-minutes/open,pdf,n/a,11/10/21 15:46,11/10/21 15:46,10,4,n/a,No,n/a
685fa0e3c32907bcdbcb5933,https://it.nc.gov/documents/911-board/november-2021-funding-committee-meeting-packet/download?attachment,pdf,n/a,11/12/21 15:10,11/12/21 15:10,10,2,n/a,Yes,n/a
686198499ff1ad15158e14dc,https://it.nc.gov/documents/911-board/november-2021-funding-committee-meeting-packet/open,pdf,n/a,11/12/21 15:10,11/12/21 15:10,10,2,n/a,Yes,n/a
68612dc49ff1ad15158e08c4,https://it.nc.gov/documents/gicc/lgcagenda20211117pdf/open,pdf,n/a,11/17/21 9:39,11/17/21 9:39,2,3,n/a,No,n/a
685f9ab6c32907bcdbcb5855,https://it.nc.gov/documents/public-meetings/911/nc-911-board-meeting-packet-dec-3-2021/download?attachment,pdf,n/a,11/19/21 13:07,11/22/21 18:04,126,7,n/a,No,n/a
686140299ff1ad15158e0fc2,https://it.nc.gov/documents/public-meetings/911/nc-911-board-meeting-packet-dec-3-2021/open,pdf,n/a,11/19/21 13:07,11/22/21 18:04,126,7,n/a,No,n/a
685f9aadc32907bcdbcb5854,https://it.nc.gov/documents/public-meetings/911/nc-911-board-agenda-dec-3-2021/download?attachment,pdf,n/a,11/22/21 18:14,11/22/21 18:14,2,3,n/a,Yes,n/a
68616c9b9ff1ad15158e1305,https://it.nc.gov/documents/public-meetings/911/nc-911-board-agenda-dec-3-2021/open,pdf,n/a,11/22/21 18:14,11/22/21 18:14,2,3,n/a,Yes,n/a
685f9af0c32907bcdbcb585e,https://it.nc.gov/documents/public-meetings/911/nc-911-board-minutes-sept-24-2021/download?attachment,pdf,n/a,11/23/21 8:46,11/23/21 8:46,11,4,n/a,Yes,n/a
6861890c9ff1ad15158e1438,https://it.nc.gov/documents/public-meetings/911/nc-911-board-minutes-sept-24-2021/open,pdf,n/a,11/23/21 8:46,11/23/21 8:46,11,4,n/a,Yes,n/a
686b1de67401ef7bb82d6998,https://it.nc.gov/documents/cybersecurity-newsletters/2021/esrmo-newsletter-december-2021/download?attachment,pdf,n/a,12/1/21 15:46,12/1/21 15:46,5,5,1,Yes,n/a
6860fa686b18002de4d6fc3e,https://it.nc.gov/documents/cybersecurity-newsletters/2021/esrmo-newsletter-december-2021/open,pdf,n/a,12/1/21 15:46,12/1/21 15:46,5,5,1,Yes,n/a
685fadb8c32907bcdbcb5a9c,https://it.nc.gov/documents/gicc/2021-2022-smac-work-plan/download?attachment,pdf,n/a,12/3/21 11:14,12/3/21 11:14,3,3,n/a,Yes,n/a
685fb3d4c32907bcdbcb5b95,https://it.nc.gov/documents/gicc/2021-2022-smac-work-plan/open,pdf,n/a,12/3/21 11:14,12/3/21 11:14,3,3,n/a,Yes,n/a
685fadcac32907bcdbcb5a9e,https://it.nc.gov/documents/gicc/2020-2021-smac-work-plan/download?attachment,pdf,n/a,12/3/21 11:18,12/3/21 11:18,4,3,n/a,Yes,n/a
685fb3cfc32907bcdbcb5b93,https://it.nc.gov/documents/gicc/2020-2021-smac-work-plan/open,pdf,n/a,12/3/21 11:18,12/3/21 11:18,4,3,n/a,Yes,n/a
685fc91dc32907bcdbcb606b,https://it.nc.gov/documents/gicc/geographic-data-content-standard-municipal-boundary-annexation-data/open,pdf,n/a,12/3/21 11:37,12/3/21 11:37,7,4,n/a,No,n/a
685f886cc32907bcdbcb55c8,https://it.nc.gov/documents/gicc/geographic-data-content-standard-addressnc/download?attachment,pdf,n/a,12/3/21 11:41,12/3/21 11:41,14,4,n/a,No,n/a
685fc911c32907bcdbcb606a,https://it.nc.gov/documents/gicc/geographic-data-content-standard-addressnc/open,pdf,n/a,12/3/21 11:41,12/3/21 11:41,14,4,n/a,No,n/a
685f8857c32907bcdbcb547a,https://it.nc.gov/documents/gicc/geographic-data-content-standard-municipal-boundary-annexation-data/download?attachment,pdf,n/a,n/a,12/3/21 14:12,n/a,n/a,n/a,No,n/a
686bc4bd7648400b597547e1,https://it.nc.gov/documents/public-meetings/it-strategy/it-strategy-board-agenda-dec-10-2021/download?attachment,pdf,n/a,12/8/21 9:24,12/8/21 9:24,1,3,n/a,Yes,n/a
6860f4d76b18002de4d6fbca,https://it.nc.gov/documents/public-meetings/it-strategy/it-strategy-board-agenda-dec-10-2021/open,pdf,n/a,12/8/21 9:24,12/8/21 9:24,1,3,n/a,Yes,n/a
686bc4c57648400b597547e2,https://it.nc.gov/documents/public-meetings/it-strategy/it-strategy-board-meeting-presentation-dec-10-2021/download?attachment,pdf,n/a,12/10/21 12:57,12/10/21 12:58,40,3,n/a,Yes,n/a
686136bd9ff1ad15158e0f06,https://it.nc.gov/documents/public-meetings/it-strategy/it-strategy-board-meeting-presentation-dec-10-2021/open,pdf,n/a,12/10/21 12:57,12/10/21 12:58,40,3,n/a,Yes,n/a
685f9e8cc32907bcdbcb58eb,https://it.nc.gov/documents/911-board/education-committee-meeting-agenda-12162021/download?attachment,pdf,n/a,12/10/21 13:53,12/10/21 13:53,1,3,n/a,Yes,n/a
686158039ff1ad15158e11df,https://it.nc.gov/documents/911-board/education-committee-meeting-agenda-12162021/open,pdf,n/a,12/10/21 13:53,12/10/21 13:53,1,3,n/a,Yes,n/a
685f9e9ac32907bcdbcb58ec,https://it.nc.gov/documents/911-board/education-committee-meeting-agenda-packet-12162021/download?attachment,pdf,n/a,12/10/21 13:58,12/10/21 13:58,20,4,1,Yes,n/a
686158099ff1ad15158e11e0,https://it.nc.gov/documents/911-board/education-committee-meeting-agenda-packet-12162021/open,pdf,n/a,12/10/21 13:58,12/10/21 13:58,20,4,1,Yes,n/a
6846ef58bab6c57149336f8c,https://it.nc.gov/ng911-gisdatahub-user-guidepdf/open,pdf,n/a,1/6/22 14:50,1/6/22 14:50,39,6,n/a,Yes,n/a
685f70e5c32907bcdbcb5174,https://it.nc.gov/documents/911-board/nc-911-board-approved-laws-december-3-2021/download?attachment,pdf,n/a,1/6/22 19:50,1/6/22 19:50,6,1,n/a,Yes,n/a
68615f789ff1ad15158e1255,https://it.nc.gov/documents/911-board/nc-911-board-approved-laws-december-3-2021/open,pdf,n/a,1/6/22 19:50,1/6/22 19:50,6,1,n/a,Yes,n/a
68837a917589602f3afbf877,https://it.nc.gov/gicc-smac-agenda-20220112pdf-0/open,pdf,n/a,1/10/22 9:25,1/10/22 9:25,1,2,n/a,Yes,n/a
686b1de17401ef7bb82d6996,https://it.nc.gov/documents/cybersecurity-newsletters/2022/esrmo-newsletter-january-2022/download?attachment,pdf,n/a,1/11/22 17:43,1/11/22 17:43,6,5,2,Yes,n/a
686137bd9ff1ad15158e0f26,https://it.nc.gov/documents/cybersecurity-newsletters/2022/esrmo-newsletter-january-2022/open,pdf,n/a,1/11/22 17:43,1/11/22 17:43,6,5,2,Yes,n/a
685fa0d0c32907bcdbcb5931,https://it.nc.gov/documents/911-board/nc-911-board-funding-committee-meeting-agenda-packet-january-20-2022/download?attachment,pdf,n/a,1/14/22 17:57,1/14/22 17:57,13,5,n/a,No,n/a
686102f36b18002de4d6fcda,https://it.nc.gov/documents/911-board/nc-911-board-funding-committee-meeting-agenda-packet-january-20-2022/open,pdf,n/a,1/14/22 17:57,1/14/22 17:57,13,5,n/a,No,n/a
686b16287401ef7bb82d679f,https://it.nc.gov/documents/statewide-policies/nist-800-53-security-controls-crosswalk/download?attachment,pdf,n/a,1/19/22 12:44,1/19/22 12:44,29,3,n/a,Yes,n/a
686b1bde7401ef7bb82d6918,https://it.nc.gov/documents/statewide-policies/nist-800-53-security-controls-crosswalk/open,pdf,n/a,1/19/22 12:44,1/19/22 12:44,29,3,n/a,Yes,n/a
685f9a9fc32907bcdbcb5851,https://it.nc.gov/documents/911-board/nc-911-board-meeting-packet-jan-28-2022/download?attachment,pdf,n/a,1/23/22 0:05,1/23/22 16:54,125,6,n/a,No,n/a
686140359ff1ad15158e0fc3,https://it.nc.gov/documents/911-board/nc-911-board-meeting-packet-jan-28-2022/open,pdf,n/a,1/23/22 0:05,1/23/22 16:54,125,6,1,No,n/a
685f9a96c32907bcdbcb5850,https://it.nc.gov/documents/911-board/nc-911-board-agenda-jan-28-2022/download?attachment,pdf,n/a,1/23/22 16:57,1/23/22 16:57,2,3,n/a,Yes,n/a
686181509ff1ad15158e13e7,https://it.nc.gov/documents/911-board/nc-911-board-agenda-jan-28-2022/open,pdf,n/a,1/23/22 16:57,1/23/22 16:57,2,3,n/a,Yes,n/a
686122dc6b18002de4d6fec5,https://it.nc.gov/cjleads-user-administration-qa-minutes-august-2021/open,pdf,n/a,1/25/22 11:40,1/25/22 11:40,2,4,n/a,Yes,n/a
68837a927589602f3afbf87e,https://it.nc.gov/gicc-smac-ortho-program-update-20220112pdf/open,pdf,n/a,1/25/22 15:49,1/25/22 15:49,9,4,n/a,Yes,n/a
68837a927589602f3afbf87d,https://it.nc.gov/gicc-smac-addressnc-update-20220112pdf/open,pdf,n/a,1/25/22 15:52,1/25/22 15:52,5,4,n/a,Yes,n/a
68837a917589602f3afbf878,https://it.nc.gov/gicc-smac-hwg-20220112pdf/open,pdf,n/a,1/25/22 15:52,1/25/22 15:52,2,3,n/a,Yes,n/a
68837a927589602f3afbf87c,https://it.nc.gov/gicc-smac-county-state-boundaries-20220112pdf/open,pdf,n/a,1/25/22 15:54,1/25/22 15:54,4,2,n/a,Yes,n/a
68837a917589602f3afbf87a,https://it.nc.gov/gicc-smac-transportation-update-20220112pdf/open,pdf,n/a,1/25/22 15:54,1/25/22 15:54,9,3,1,Yes,n/a
68837a927589602f3afbf87b,https://it.nc.gov/gicc-smac-geodetic-control-20220112pdf/open,pdf,n/a,1/25/22 15:56,1/25/22 15:56,9,2,n/a,Yes,n/a
68837a917589602f3afbf879,https://it.nc.gov/gicc-smac-lidar-20220112pdf/open,pdf,n/a,1/25/22 15:56,1/25/22 15:56,2,2,n/a,Yes,n/a
686b1ddb7401ef7bb82d6994,https://it.nc.gov/documents/cybersecurity-newsletters/2022/esrmo-newsletter-february-2022/download?attachment,pdf,n/a,1/26/22 12:16,1/26/22 12:22,6,5,4,Yes,n/a
686137a79ff1ad15158e0f20,https://it.nc.gov/documents/cybersecurity-newsletters/2022/esrmo-newsletter-february-2022/open,pdf,n/a,1/26/22 12:16,1/26/22 12:22,6,5,4,Yes,n/a
685f9abdc32907bcdbcb5856,https://it.nc.gov/documents/911-board/nc-911-board-meeting-minutes-december-3-2021/download?attachment,pdf,n/a,1/28/22 12:11,1/28/22 17:42,12,4,n/a,Yes,n/a
686193099ff1ad15158e149d,https://it.nc.gov/documents/911-board/nc-911-board-meeting-minutes-december-3-2021/open,pdf,n/a,1/28/22 12:11,1/28/22 17:42,12,4,n/a,Yes,n/a
687cb2632bf8807ad055366f,https://it.nc.gov/documents/public-meetings/broadband-task-force/broadband-task-force-connecting-north-carolina-meeting-agenda-april-28-2020/open,pdf,n/a,n/a,1/31/22 8:06,1,3,n/a,No,n/a
686178d99ff1ad15158e138f,https://it.nc.gov/documents/gicc/gicc-quarterly-meeting-minutes-20211103-draftpdf/open,pdf,n/a,2/9/22 11:20,2/9/22 11:20,8,4,n/a,No,n/a
68612e3f9ff1ad15158e08de,https://it.nc.gov/documents/gicc/gicc-quarterly-meeting-minutes-20211103/open,pdf,n/a,2/9/22 11:20,2/9/22 11:20,8,4,n/a,No,n/a
686126b96b18002de4d6ff2d,https://it.nc.gov/documents/gicc/gicc-framework-dataset-update-20211103pdf/open,pdf,n/a,2/9/22 11:52,2/9/22 11:52,15,4,n/a,No,n/a
686127196b18002de4d6ff39,https://it.nc.gov/documents/gicc/gicc-nextgen911-update-20211103pdf/open,pdf,n/a,2/9/22 11:55,2/9/22 11:55,10,4,n/a,No,n/a
686126da6b18002de4d6ff2f,https://it.nc.gov/documents/gicc/gicc-geoenabled-elections-20211103pdf/open,pdf,n/a,2/9/22 11:56,2/9/22 11:56,5,4,n/a,No,n/a
68612e3d9ff1ad15158e08dd,https://it.nc.gov/documents/gicc/draft-smac-building-footprint-working-group-charterpdf/open,pdf,n/a,n/a,2/9/22 12:08,n/a,n/a,n/a,No,n/a
685fa3fac32907bcdbcb597e,https://it.nc.gov/911-board-technology-committee-agenda-02-10-2022/download?attachment,pdf,n/a,2/7/22 12:16,2/10/22 9:55,8,4,n/a,No,n/a
68611a156b18002de4d6fe06,https://it.nc.gov/911-board-technology-committee-agenda-02-10-2022/open,pdf,n/a,2/7/22 12:16,2/10/22 9:55,8,4,n/a,No,n/a
685fa0c5c32907bcdbcb592e,https://it.nc.gov/documents/911-board/nc-911-board-funding-committee-meeting-february-17-2022/download?attachment,pdf,n/a,2/14/22 10:03,2/14/22 10:03,22,4,n/a,No,n/a
686102c26b18002de4d6fcd6,https://it.nc.gov/documents/911-board/nc-911-board-funding-committee-meeting-february-17-2022/open,pdf,n/a,2/14/22 10:03,2/14/22 10:03,22,4,n/a,No,n/a
685f9e78c32907bcdbcb58e4,https://it.nc.gov/documents/911-board/nc-911-board-education-committee-agenda-february-17-2022/download?attachment,pdf,n/a,2/14/22 15:35,2/14/22 15:35,1,3,n/a,Yes,n/a
68616cd59ff1ad15158e130b,https://it.nc.gov/documents/911-board/nc-911-board-education-committee-agenda-february-17-2022/open,pdf,n/a,2/14/22 15:35,2/14/22 15:35,1,3,n/a,Yes,n/a
68612dbd9ff1ad15158e08c2,https://it.nc.gov/documents/gicc/gicc-smac-minutes-20220112pdf/open,pdf,n/a,2/22/22 11:58,2/22/22 11:58,9,4,1,Yes,n/a
685fa0d6c32907bcdbcb5932,https://it.nc.gov/documents/911-board/nc-911-board-funding-committee-meeting-minutes-january-20-2022/download?attachment,pdf,n/a,2/22/22 12:02,2/23/22 9:25,4,4,n/a,Yes,n/a
686102fc6b18002de4d6fcdb,https://it.nc.gov/documents/911-board/nc-911-board-funding-committee-meeting-minutes-january-20-2022/open,pdf,n/a,2/22/22 12:02,2/23/22 9:25,4,4,n/a,Yes,n/a
685fa0e9c32907bcdbcb5935,https://it.nc.gov/documents/911-board/nc-board-911-funding-committee-meeting-minutes-november-18-2021/download?attachment,pdf,n/a,2/22/22 11:57,2/23/22 9:33,6,4,n/a,Yes,n/a
686140469ff1ad15158e0fcf,https://it.nc.gov/documents/911-board/nc-board-911-funding-committee-meeting-minutes-november-18-2021/open,pdf,n/a,2/22/22 11:57,2/23/22 9:33,6,4,n/a,Yes,n/a
68837a827589602f3afbf876,https://it.nc.gov/documents/gicc/gicc-agenda-20220224pdf/open,pdf,n/a,2/23/22 11:19,2/23/22 11:20,5,4,n/a,No,n/a
686126f26b18002de4d6ff30,https://it.nc.gov/documents/gicc/gicc-infrastructure-preliminary-findingspdf/open,pdf,n/a,2/24/22 10:10,2/24/22 10:15,15,3,n/a,Yes,n/a
686126976b18002de4d6ff22,https://it.nc.gov/documents/gicc/gicc-census-challenge-processpdf/open,pdf,n/a,2/24/22 10:17,2/24/22 10:17,10,4,n/a,No,n/a
686126ad6b18002de4d6ff23,https://it.nc.gov/documents/gicc/gicc-elections20220223pdf/open,pdf,n/a,2/23/22 19:27,2/24/22 10:23,20,4,n/a,No,n/a
686126776b18002de4d6ff1f,https://it.nc.gov/documents/gicc/gicc-2021-gma-nsgicpdf/open,pdf,n/a,n/a,2/24/22 10:55,14,4,n/a,No,n/a
68612d9a9ff1ad15158e08b6,https://it.nc.gov/documents/gicc/lgcagenda20220303pdf/open,pdf,n/a,2/25/22 16:50,2/25/22 16:52,2,4,n/a,No,n/a
68612dc09ff1ad15158e08c3,https://it.nc.gov/documents/gicc/gicc-lgc-minutes-20211117pdf/open,pdf,n/a,2/25/22 16:59,2/25/22 16:59,5,3,n/a,No,n/a
686b1dce7401ef7bb82d6993,https://it.nc.gov/documents/cybersecurity-newsletters/2022/esrmo-newsletter-march-2022/download?attachment,pdf,n/a,3/1/22 14:37,3/1/22 16:04,7,5,5,Yes,n/a
685f9e81c32907bcdbcb58e8,https://it.nc.gov/documents/911-board/nc-911-board-education-committee-meeting-agenda-packet-february-17-2022/download?attachment,pdf,n/a,2/16/22 16:51,3/2/22 16:25,18,3,n/a,Yes,n/a
6861956a9ff1ad15158e14bd,https://it.nc.gov/documents/911-board/nc-911-board-education-committee-meeting-agenda-packet-february-17-2022/open,pdf,n/a,2/16/22 16:51,3/2/22 16:25,18,3,n/a,Yes,n/a
685fa22fc32907bcdbcb5954,https://it.nc.gov/documents/911-board/911-board-standards-committee-agenda-packet-03-03-2022/download?attachment,pdf,n/a,2/28/22 10:56,3/3/22 9:41,6,4,n/a,Yes,n/a
686141499ff1ad15158e0fe5,https://it.nc.gov/documents/911-board/911-board-standards-committee-agenda-packet-03-03-2022/open,pdf,n/a,2/28/22 10:56,3/3/22 9:41,6,4,n/a,Yes,n/a
685f70a0c32907bcdbcb5164,https://it.nc.gov/state-911-plan-2021/download?attachment,pdf,n/a,1/21/22 18:00,3/4/22 9:13,55,3,n/a,Yes,n/a
686157499ff1ad15158e11d0,https://it.nc.gov/state-911-plan-2021/open,pdf,n/a,1/21/22 18:00,3/4/22 9:13,55,3,n/a,Yes,n/a
686b172e7401ef7bb82d67f5,https://it.nc.gov/documents/files/2020-2021-annual-report/download?attachment,pdf,n/a,3/4/22 10:59,3/4/22 12:05,28,5,3,No,n/a
685f82ecc32907bcdbcb53de,https://it.nc.gov/documents/files/2020-2021-annual-report/open,pdf,n/a,3/4/22 10:59,3/4/22 12:05,28,5,3,No,n/a
685fa3e9c32907bcdbcb597b,https://it.nc.gov/documents/911-board/nc-911-board-technology-committee-agenda-3-10-2022/download?attachment,pdf,n/a,3/7/22 11:06,3/7/22 11:29,7,4,n/a,No,n/a
686197fc9ff1ad15158e14d6,https://it.nc.gov/documents/911-board/nc-911-board-technology-committee-agenda-3-10-2022/open,pdf,n/a,3/7/22 11:06,3/7/22 11:29,7,4,n/a,No,n/a
686b14717401ef7bb82d6728,https://it.nc.gov/documents/it-contracts/it-supplemental-staffing-associated-rate-cards/download?attachment,pdf,n/a,3/7/22 11:40,3/7/22 11:40,4,4,n/a,No,n/a
685fa400c32907bcdbcb597f,https://it.nc.gov/documents/911-board/911-board-technology-committee-minutes-february-10-2022/download?attachment,pdf,n/a,3/10/22 11:36,3/15/22 8:24,3,4,n/a,No,n/a
6861422c9ff1ad15158e0ff1,https://it.nc.gov/documents/911-board/911-board-technology-committee-minutes-february-10-2022/open,pdf,n/a,3/10/22 11:36,3/15/22 8:24,3,4,n/a,No,n/a
685fa0a5c32907bcdbcb592c,https://it.nc.gov/documents/911-board/911-board-funding-committee-agenda-packet-march-17-2022/download?attachment,pdf,n/a,3/11/22 13:42,3/15/22 12:47,54,5,n/a,No,n/a
685fcaebc32907bcdbcb60a9,https://it.nc.gov/documents/911-board/911-board-funding-committee-agenda-packet-march-17-2022/open,pdf,n/a,3/11/22 13:42,3/15/22 12:47,54,5,n/a,No,n/a
685f9a75c32907bcdbcb584c,https://it.nc.gov/documents/911-board/911-board-meeting-agenda-march-25-2022/download?attachment,pdf,n/a,3/21/22 16:25,3/21/22 16:52,2,3,n/a,Yes,n/a
6860f3ad6b18002de4d6fb9e,https://it.nc.gov/documents/911-board/911-board-meeting-agenda-march-25-2022/open,pdf,n/a,3/21/22 16:25,3/21/22 16:52,2,3,n/a,Yes,n/a
685fd664c32907bcdbcb61d4,https://it.nc.gov/documents/911-board/fy-2023-psap-grant-workshop-presentation/open,pdf,n/a,3/24/22 11:05,3/25/22 9:59,26,4,n/a,No,n/a
685f9aa8c32907bcdbcb5852,https://it.nc.gov/documents/911-board/nc-911-board-meeting-minutes-jan-28-2022/download?attachment,pdf,n/a,3/25/22 13:01,3/25/22 13:57,7,2,n/a,Yes,n/a
686193119ff1ad15158e149e,https://it.nc.gov/documents/911-board/nc-911-board-meeting-minutes-jan-28-2022/open,pdf,n/a,3/25/22 13:01,3/25/22 13:57,7,2,n/a,Yes,n/a
685f9a81c32907bcdbcb584d,https://it.nc.gov/documents/911-board/911-board-meeting-agenda-packet-march-25-2022/download?attachment,pdf,n/a,3/21/22 15:45,3/25/22 14:06,171,6,1,No,n/a
6860f3ca6b18002de4d6fb9f,https://it.nc.gov/documents/911-board/911-board-meeting-agenda-packet-march-25-2022/open,pdf,n/a,3/21/22 15:45,3/25/22 14:06,171,6,1,No,n/a
68837a817589602f3afbf875,https://it.nc.gov/gicc-minutes-20220222pdf/open,pdf,n/a,3/28/22 10:54,3/28/22 10:54,7,3,n/a,No,n/a
686bc4ad7648400b597547df,https://it.nc.gov/documents/public-meetings/it-strategy/it-strategy-board-agenda-april-1-2022/download?attachment,pdf,n/a,3/29/22 16:46,3/29/22 16:46,3,4,n/a,Yes,n/a
6860f4ba6b18002de4d6fbc4,https://it.nc.gov/documents/public-meetings/it-strategy/it-strategy-board-agenda-april-1-2022/open,pdf,n/a,3/29/22 16:46,3/29/22 16:46,3,4,n/a,Yes,n/a
68837a657589602f3afbf86e,https://it.nc.gov/gicc-smac-atlas-sample-hydrov220220420pdf/open,pdf,n/a,4/1/22 9:56,4/1/22 9:56,19,3,n/a,Yes,n/a
686b1dcb7401ef7bb82d6991,https://it.nc.gov/documents/cybersecurity-newsletters/2022/esrmo-newsletter-april-2022/download?attachment,pdf,n/a,4/4/22 10:31,4/4/22 10:31,6,5,7,Yes,n/a
6860f8ac6b18002de4d6fc28,https://it.nc.gov/documents/cybersecurity-newsletters/2022/esrmo-newsletter-april-2022/open,pdf,n/a,4/4/22 10:31,4/4/22 10:31,6,5,7,Yes,n/a
685fa0cbc32907bcdbcb5930,https://it.nc.gov/documents/911-board/nc-911-board-funding-committee-meeting-minutes-feb-17-2022/download?attachment,pdf,n/a,4/4/22 11:15,4/4/22 16:17,5,4,n/a,Yes,n/a
686102e96b18002de4d6fcd8,https://it.nc.gov/documents/911-board/nc-911-board-funding-committee-meeting-minutes-feb-17-2022/open,pdf,n/a,4/4/22 11:15,4/4/22 16:17,5,4,n/a,Yes,n/a
685fb87ec32907bcdbcb5c30,https://it.nc.gov/documents/gicc/draftncbuildingfootprintsbusinessplan13april2022/open,pdf,n/a,4/13/22 15:27,4/13/22 15:28,19,4,n/a,Yes,n/a
68612d6c9ff1ad15158e08a9,https://it.nc.gov/documents/gicc/gicc-smac-agenda-20220420/open,pdf,n/a,4/14/22 11:33,4/14/22 11:33,1,2,n/a,Yes,n/a
685fa091c32907bcdbcb592a,https://it.nc.gov/documents/public-meetings/911/911-board-funding-committee-agenda-packet-april-21-2022/download?attachment,pdf,n/a,4/14/22 17:23,4/18/22 8:28,69,5,n/a,No,n/a
685fcadfc32907bcdbcb60a8,https://it.nc.gov/documents/public-meetings/911/911-board-funding-committee-agenda-packet-april-21-2022/open,pdf,n/a,4/14/22 17:23,4/18/22 8:28,69,5,n/a,No,n/a
685f9e62c32907bcdbcb58dc,https://it.nc.gov/documents/911-board/nc-911-board-education-committee-agenda-april-21-2022/download?attachment,pdf,n/a,4/19/22 10:55,4/19/22 10:55,1,3,n/a,Yes,n/a
685f9e68c32907bcdbcb58de,https://it.nc.gov/documents/911-board/911-board-education-committee-agenda-packet-april-21-22/download?attachment,pdf,n/a,4/19/22 11:04,4/19/22 15:52,8,6,n/a,No,n/a
685fcaa5c32907bcdbcb60a0,https://it.nc.gov/documents/911-board/911-board-education-committee-agenda-packet-april-21-22/open,pdf,n/a,4/19/22 11:04,4/19/22 15:52,8,6,n/a,No,n/a
685f9e86c32907bcdbcb58ea,https://it.nc.gov/911-board-education-committee-minutes-february-17-2022/download?attachment,pdf,n/a,4/19/22 11:01,4/19/22 15:55,3,4,n/a,Yes,n/a
68837a657589602f3afbf871,https://it.nc.gov/gicc-smac-integration-north-carolina-hydrography-usgs-nhd-20220420pdf/open,pdf,n/a,4/20/22 14:08,4/20/22 14:08,2,3,n/a,Yes,n/a
686b16217401ef7bb82d679c,https://it.nc.gov/documents/statewide-policies/state-adoption-nist-risk-management-framework/download?attachment,pdf,n/a,4/20/22 19:24,4/21/22 7:40,1,3,n/a,No,n/a
68837a657589602f3afbf874,https://it.nc.gov/gicc-smac-county-state-boundaries-20220420pdf/open,pdf,n/a,4/21/22 10:52,4/21/22 10:52,3,2,n/a,Yes,n/a
68837a657589602f3afbf872,https://it.nc.gov/gicc-smac-parcel-update-20220420pdf/open,pdf,n/a,4/21/22 10:52,4/21/22 10:52,4,3,n/a,Yes,n/a
68837a657589602f3afbf86d,https://it.nc.gov/gicc-smac-wgbf-20220420pdf/open,pdf,n/a,4/21/22 10:52,4/21/22 10:52,9,3,n/a,Yes,n/a
68837a657589602f3afbf86c,https://it.nc.gov/gicc-smac-hwg-workplan-20220420pdf/open,pdf,n/a,4/21/22 10:53,4/21/22 10:53,1,1,n/a,Yes,n/a
68837a657589602f3afbf870,https://it.nc.gov/gicc-smac-geodetic-control-20220420pdf/open,pdf,n/a,4/21/22 10:54,4/21/22 10:54,10,2,n/a,Yes,n/a
68837a657589602f3afbf86f,https://it.nc.gov/gicc-smac-lidar-20220420pdf/open,pdf,n/a,4/21/22 10:54,4/21/22 10:54,5,2,n/a,Yes,n/a
68837a657589602f3afbf873,https://it.nc.gov/gicc-smac-orthoprogramupdate-20220420pdf/open,pdf,n/a,4/21/22 15:47,4/21/22 15:47,10,3,n/a,Yes,n/a
685f9a6ac32907bcdbcb5849,https://it.nc.gov/documents/911-board/nc-911-board-meeting-agenda-packet-april-29-2022/download?attachment,pdf,n/a,4/22/22 12:10,4/22/22 17:08,315,7,n/a,No,n/a
686197f39ff1ad15158e14d5,https://it.nc.gov/documents/911-board/nc-911-board-meeting-agenda-packet-april-29-2022/open,pdf,n/a,4/22/22 12:10,4/22/22 17:08,315,7,n/a,No,n/a
685f9a5ec32907bcdbcb5848,https://it.nc.gov/documents/911-board/nc-911-board-meeting-agenda-april-29-2022/download?attachment,pdf,n/a,4/22/22 16:18,4/22/22 17:11,2,3,n/a,Yes,n/a
686197e79ff1ad15158e14d4,https://it.nc.gov/documents/911-board/nc-911-board-meeting-agenda-april-29-2022/open,pdf,n/a,4/22/22 16:18,4/22/22 17:11,2,3,n/a,Yes,n/a
68612d0b9ff1ad15158e0892,https://it.nc.gov/documents/gicc/sguc-general-meeting-agenda-april-28-2022/open,pdf,n/a,4/26/22 9:09,4/26/22 9:09,1,3,n/a,Yes,n/a
685f9a89c32907bcdbcb584e,https://it.nc.gov/documents/911-board/nc-911-board-meeting-minutes-march-25-2022/download?attachment,pdf,n/a,5/1/22 14:31,5/2/22 8:43,7,3,n/a,Yes,n/a
686193249ff1ad15158e14a0,https://it.nc.gov/documents/911-board/nc-911-board-meeting-minutes-march-25-2022/open,pdf,n/a,5/1/22 14:31,5/2/22 8:43,7,3,n/a,Yes,n/a
68612d089ff1ad15158e0891,https://it.nc.gov/documents/gicc/gicc-agenda-20220511pdf/open,pdf,n/a,5/5/22 12:25,5/5/22 12:25,1,3,n/a,Yes,n/a
686b1dbb7401ef7bb82d698d,https://it.nc.gov/documents/cybersecurity-newsletters/2022/esrmo-newsletter-may-2022/download?attachment,pdf,n/a,5/6/22 10:12,5/6/22 10:12,6,5,6,Yes,n/a
686152789ff1ad15158e117f,https://it.nc.gov/documents/cybersecurity-newsletters/2022/esrmo-newsletter-may-2022/open,pdf,n/a,5/6/22 10:12,5/6/22 10:12,6,5,6,Yes,n/a
686126fd6b18002de4d6ff38,https://it.nc.gov/documents/gicc/gicc-nconemap-disclaimer-20220511pdf/open,pdf,n/a,5/12/22 12:47,5/12/22 12:47,18,2,n/a,Yes,n/a
686126866b18002de4d6ff21,https://it.nc.gov/documents/gicc/gicc-building-footprint-business-plan-20220511pdf/open,pdf,n/a,5/12/22 12:48,5/12/22 12:48,9,3,n/a,Yes,n/a
6861272d6b18002de4d6ff3b,https://it.nc.gov/documents/gicc/gicc-outreach-session-20220511pdf/open,pdf,n/a,n/a,5/12/22 12:54,18,5,n/a,No,n/a
686b16327401ef7bb82d67a2,https://it.nc.gov/documents/files/state-adoption-fair-information-practice-principles/download?attachment,pdf,n/a,5/18/22 15:44,5/19/22 15:29,2,5,n/a,Yes,n/a
68616fae9ff1ad15158e1329,https://it.nc.gov/documents/files/state-adoption-fair-information-practice-principles/open,pdf,n/a,5/18/22 15:44,5/19/22 15:29,2,5,n/a,Yes,n/a
686bc3747648400b597547c5,https://it.nc.gov/documents/statewide-policies/gsa-ordering-procedures/download?attachment,pdf,n/a,5/18/22 7:48,5/20/22 15:30,4,3,n/a,No,n/a
685fa0bdc32907bcdbcb592d,https://it.nc.gov/documents/911-board/nc-911-board-funding-committee-meeting-minutes-march-17-2022/download?attachment,pdf,n/a,5/23/22 11:09,5/23/22 12:32,5,4,n/a,Yes,n/a
686102b66b18002de4d6fcd5,https://it.nc.gov/documents/911-board/nc-911-board-funding-committee-meeting-minutes-march-17-2022/open,pdf,n/a,5/23/22 11:09,5/23/22 12:32,5,4,n/a,Yes,n/a
686b173c7401ef7bb82d67f9,https://it.nc.gov/documents/files/public-access-participation-plan/download?attachment,pdf,n/a,6/1/22 8:12,6/1/22 8:12,5,3,n/a,Yes,n/a
686b11937401ef7bb82d662e,https://it.nc.gov/documents/files/public-access-participation-plan/open,pdf,n/a,6/1/22 8:12,6/1/22 8:12,5,3,n/a,Yes,n/a
686b15747401ef7bb82d6785,https://it.nc.gov/documents/cybersecurenc/password-managers-cybersecurity-tip-sheet/open,pdf,n/a,5/31/22 15:21,6/1/22 12:10,1,4,n/a,No,n/a
686b15797401ef7bb82d6786,https://it.nc.gov/documents/cybersecurenc/software-updates-cybersecurity-tip-sheet/open,pdf,n/a,6/1/22 12:04,6/1/22 12:33,1,4,n/a,No,n/a
686b156e7401ef7bb82d6784,https://it.nc.gov/documents/cybersecurenc/multifactor-authentication-cybersecurity-tip-sheet/open,pdf,n/a,6/1/22 12:38,6/1/22 16:49,1,4,n/a,No,n/a
686b1dab7401ef7bb82d6988,https://it.nc.gov/documents/cybersecurity-newsletters/2022/esrmo-newsletter-june-2022/download?attachment,pdf,n/a,6/2/22 17:21,6/2/22 17:21,6,5,n/a,Yes,n/a
6861380b9ff1ad15158e0f31,https://it.nc.gov/documents/cybersecurity-newsletters/2022/esrmo-newsletter-june-2022/open,pdf,n/a,6/2/22 17:21,6/2/22 17:21,6,5,n/a,Yes,n/a
685fa07fc32907bcdbcb5927,https://it.nc.gov/documents/911-board/911-board-technology-committee-agenda-june-9-2022/download?attachment,pdf,n/a,6/7/22 8:30,6/9/22 8:42,8,4,n/a,No,n/a
68611a0b6b18002de4d6fe04,https://it.nc.gov/documents/911-board/911-board-technology-committee-agenda-june-9-2022/open,pdf,n/a,6/7/22 8:30,6/9/22 8:42,8,4,n/a,No,n/a
686bc49f7648400b597547dd,https://it.nc.gov/documents/public-meetings/it-strategy/it-strategy-board-agenda-june-17-2022/download?attachment,pdf,n/a,6/13/22 16:26,6/13/22 16:26,1,4,n/a,Yes,n/a
6860f5456b18002de4d6fbd7,https://it.nc.gov/documents/public-meetings/it-strategy/it-strategy-board-agenda-june-17-2022/open,pdf,n/a,6/13/22 16:26,6/13/22 16:26,1,4,n/a,Yes,n/a
68612d059ff1ad15158e0890,https://it.nc.gov/documents/gicc/summer-management-and-operations-committee-meeting-agenda-20220620/open,pdf,n/a,6/13/22 17:32,6/13/22 17:32,1,2,n/a,Yes,n/a
685fcafdc32907bcdbcb60ab,https://it.nc.gov/documents/public-meetings/911/911-board-funding-committee-meeting-packet-june-23-2022/open,pdf,n/a,6/15/22 14:49,6/15/22 16:13,15,4,n/a,No,n/a
68cdfee670627bcb9b428a48,https://it.nc.gov/documents/gicc/ncbuildingfootprintsbusinessplan/download?attachment=,pdf,n/a,6/17/22 16:48,6/17/22 16:49,24,4,n/a,Yes,n/a
68612c899ff1ad15158e085b,https://it.nc.gov/documents/gicc/ncbuildingfootprintsbusinessplan/open,pdf,n/a,6/17/22 16:48,6/17/22 16:49,24,4,n/a,Yes,n/a
68837a2d7589602f3afbf86a,https://it.nc.gov/nc-building-footprints-business-plan-20220713pdf/open,pdf,n/a,6/17/22 16:48,6/17/22 16:49,24,4,n/a,Yes,n/a
685f9a48c32907bcdbcb5844,https://it.nc.gov/documents/public-meetings/911/nc-911-board-meeting-agenda-june-24-2022/download?attachment,pdf,n/a,6/22/22 12:24,6/22/22 13:52,2,2,n/a,Yes,n/a
686184419ff1ad15158e1409,https://it.nc.gov/documents/public-meetings/911/nc-911-board-meeting-agenda-june-24-2022/open,pdf,n/a,6/22/22 12:24,6/22/22 13:52,2,2,n/a,Yes,n/a
685f9a4fc32907bcdbcb5846,https://it.nc.gov/documents/public-meetings/911/nc-911-board-meeting-agenda-packet-june-24-2022/download?attachment,pdf,n/a,6/16/22 17:28,6/22/22 13:53,156,6,n/a,No,n/a
686140249ff1ad15158e0fc1,https://it.nc.gov/documents/public-meetings/911/nc-911-board-meeting-agenda-packet-june-24-2022/open,pdf,n/a,6/16/22 17:28,6/22/22 13:53,156,6,n/a,No,n/a
686155549ff1ad15158e11ae,https://it.nc.gov/documents/open-budget/it-contracts-report-help-documentation/open,pdf,n/a,6/28/22 10:50,6/28/22 10:50,2,2,n/a,Yes,n/a
685f9ad3c32907bcdbcb585a,https://it.nc.gov/documents/911-board/october-22-2021-nc-911-board-meeting-approved-minutes/download?attachment,pdf,n/a,6/28/22 10:57,6/28/22 14:10,15,4,n/a,Yes,n/a
6861975a9ff1ad15158e14cd,https://it.nc.gov/documents/911-board/october-22-2021-nc-911-board-meeting-approved-minutes/open,pdf,n/a,6/28/22 10:57,6/28/22 14:10,15,4,n/a,Yes,n/a
685f9a71c32907bcdbcb584b,https://it.nc.gov/documents/911-board/nc-911-board-minutes-april-29-2022/download?attachment,pdf,n/a,6/28/22 12:13,6/28/22 14:13,8,3,n/a,Yes,n/a
6861973d9ff1ad15158e14cb,https://it.nc.gov/documents/911-board/nc-911-board-minutes-april-29-2022/open,pdf,n/a,6/28/22 12:13,6/28/22 14:13,8,3,n/a,Yes,n/a
685fa09bc32907bcdbcb592b,https://it.nc.gov/documents/911-board/nc-911-board-funding-committee-meeting-minutes-april-212022/download?attachment,pdf,n/a,6/28/22 12:31,6/28/22 14:20,9,4,n/a,Yes,n/a
686102aa6b18002de4d6fcd3,https://it.nc.gov/documents/911-board/nc-911-board-funding-committee-meeting-minutes-april-212022/open,pdf,n/a,6/28/22 12:31,6/28/22 14:20,9,4,n/a,Yes,n/a
686b1d907401ef7bb82d6987,https://it.nc.gov/documents/cybersecurity-newsletters/2022/esrmo-newsletter-july-2022/download?attachment,pdf,n/a,6/30/22 17:11,6/30/22 17:11,6,5,4,Yes,n/a
686137d99ff1ad15158e0f2b,https://it.nc.gov/documents/cybersecurity-newsletters/2022/esrmo-newsletter-july-2022/open,pdf,n/a,6/30/22 17:11,6/30/22 17:11,6,5,4,Yes,n/a
68612cf59ff1ad15158e0887,https://it.nc.gov/documents/gicc/gicc-smac-agenda-20220713pdf/open,pdf,n/a,7/6/22 16:41,7/6/22 16:41,1,2,n/a,Yes,n/a
685fa3cfc32907bcdbcb5977,https://it.nc.gov/documents/911-board/nc-911-board-technology-committee-meeting-agenda-july-14-2022/download?attachment,pdf,n/a,7/10/22 18:09,7/11/22 14:28,9,4,n/a,No,n/a
6861980e9ff1ad15158e14d7,https://it.nc.gov/documents/911-board/nc-911-board-technology-committee-meeting-agenda-july-14-2022/open,pdf,n/a,7/10/22 18:09,7/11/22 14:28,9,4,n/a,No,n/a
685fa073c32907bcdbcb5925,https://it.nc.gov/documents/911-board/nc-911-board-funding-committee-meeting-packet-july-21-2022/download?attachment,pdf,n/a,7/15/22 16:00,7/15/22 17:29,12,2,n/a,Yes,n/a
6861026d6b18002de4d6fcce,https://it.nc.gov/documents/911-board/nc-911-board-funding-committee-meeting-packet-july-21-2022/open,pdf,n/a,7/15/22 16:00,7/15/22 17:29,12,2,n/a,Yes,n/a
685f9e4ec32907bcdbcb58da,https://it.nc.gov/documents/911-board/nc-911-board-education-committee-agenda-july-21-2022/download?attachment,pdf,n/a,7/18/22 15:57,7/19/22 11:58,1,3,n/a,Yes,n/a
68616cea9ff1ad15158e130d,https://it.nc.gov/documents/911-board/nc-911-board-education-committee-agenda-july-21-2022/open,pdf,n/a,7/18/22 15:57,7/19/22 11:58,1,3,n/a,Yes,n/a
686b1d017401ef7bb82d6969,https://it.nc.gov/documents/cybersecurity-newsletters/2022/esrmo-newsletter-august-2022/download?attachment,pdf,n/a,7/29/22 9:59,7/29/22 9:59,5,5,2,Yes,n/a
6860fa266b18002de4d6fc39,https://it.nc.gov/documents/cybersecurity-newsletters/2022/esrmo-newsletter-august-2022/open,pdf,n/a,7/29/22 9:59,7/29/22 9:59,5,5,2,Yes,n/a
68837a2d7589602f3afbf86b,https://it.nc.gov/gicc-smac-geodetic-control-20220713pdf/open,pdf,n/a,8/2/22 13:03,8/2/22 13:03,10,2,n/a,Yes,n/a
68837a2d7589602f3afbf869,https://it.nc.gov/gicc-smac-county-state-boundaries-20220713pdf/open,pdf,n/a,8/2/22 13:04,8/2/22 13:04,3,2,n/a,Yes,n/a
68837a2d7589602f3afbf868,https://it.nc.gov/gicc-smac-parcel-update-20220713pdf/open,pdf,n/a,8/2/22 13:05,8/2/22 13:05,4,3,n/a,Yes,n/a
68612c869ff1ad15158e0853,https://it.nc.gov/documents/gicc/gicc-agenda-20220817/open,pdf,n/a,8/4/22 15:23,8/4/22 15:23,1,3,n/a,Yes,n/a
6860e29e6b18002de4d6f946,https://it.nc.gov/documents/gicc/gicc-outreach-meeting-flyer/open,pdf,n/a,7/28/22 11:46,8/8/22 16:18,1,3,n/a,No,n/a
68f2715d7a02fb080d450bf8,https://it.nc.gov/documents/gicc-annual-report-fy20-21/download?attachment,pdf,n/a,8/9/22 14:56,8/9/22 14:57,25,3,n/a,Yes,n/a
68610a896b18002de4d6fd3f,https://it.nc.gov/documents/gicc-annual-report-fy20-21/open,pdf,n/a,8/9/22 14:56,8/9/22 14:57,25,3,n/a,Yes,n/a
685f9e6dc32907bcdbcb58df,https://it.nc.gov/documents/911-board/911-board-education-committee-meeting-minutes-april-21-2022/download?attachment,pdf,n/a,8/5/22 8:23,8/10/22 9:33,3,3,n/a,No,n/a
685fcac2c32907bcdbcb60a4,https://it.nc.gov/documents/911-board/911-board-education-committee-meeting-minutes-april-21-2022/open,pdf,n/a,8/5/22 8:23,8/10/22 9:33,3,3,n/a,No,n/a
685fa3b1c32907bcdbcb5974,https://it.nc.gov/documents/911-board/nc-911-board-technology-committee-agenda-august-11-2022/download?attachment,pdf,n/a,8/5/22 12:44,8/10/22 16:54,5,4,n/a,No,n/a
686194729ff1ad15158e14ac,https://it.nc.gov/documents/911-board/nc-911-board-technology-committee-agenda-august-11-2022/open,pdf,n/a,8/5/22 12:44,8/10/22 16:54,5,4,n/a,No,n/a
685f9e54c32907bcdbcb58db,https://it.nc.gov/documents/911-board/nc-911-board-education-committee-minutes-july-21-2022/download?attachment,pdf,n/a,8/15/22 11:08,8/15/22 11:08,3,4,n/a,Yes,n/a
68617b779ff1ad15158e13ad,https://it.nc.gov/documents/911-board/nc-911-board-education-committee-minutes-july-21-2022/open,pdf,n/a,8/15/22 11:08,8/15/22 11:08,3,4,n/a,Yes,n/a
685f9e3ac32907bcdbcb58d0,https://it.nc.gov/documents/911-board/911-board-education-committee-agenda-packet-aug-18-2022/download?attachment,pdf,n/a,8/15/22 11:10,8/15/22 16:08,1,4,n/a,Yes,n/a
685fcab0c32907bcdbcb60a1,https://it.nc.gov/documents/911-board/911-board-education-committee-agenda-packet-aug-18-2022/open,pdf,n/a,8/15/22 11:10,8/15/22 16:08,1,4,n/a,Yes,n/a
685f9e34c32907bcdbcb58cf,https://it.nc.gov/documents/911-board/nc-911-board-education-committee-agenda-august-18-2022/download?attachment,pdf,n/a,8/18/22 8:42,8/18/22 8:42,1,3,n/a,Yes,n/a
686181599ff1ad15158e13e8,https://it.nc.gov/documents/911-board/nc-911-board-education-committee-agenda-august-18-2022/open,pdf,n/a,8/18/22 8:42,8/18/22 8:42,1,3,n/a,Yes,n/a
685f9a31c32907bcdbcb5841,https://it.nc.gov/documents/911-board/nc-911-board-meeting-agenda-aug-26-2022/download?attachment,pdf,n/a,8/18/22 12:40,8/19/22 14:53,2,2,n/a,Yes,n/a
686186f39ff1ad15158e1425,https://it.nc.gov/documents/911-board/nc-911-board-meeting-agenda-aug-26-2022/open,pdf,n/a,8/18/22 12:40,8/19/22 14:53,2,2,n/a,Yes,n/a
685f9a3ac32907bcdbcb5842,https://it.nc.gov/documents/911-board/nc-911-board-meeting-agenda-packet-aug-26-2022/download?attachment,pdf,n/a,8/17/22 14:13,8/19/22 14:53,153,6,n/a,No,n/a
68618e709ff1ad15158e146a,https://it.nc.gov/documents/911-board/nc-911-board-meeting-agenda-packet-aug-26-2022/open,pdf,n/a,8/17/22 14:13,8/19/22 14:53,153,6,n/a,No,n/a
6861275a6b18002de4d6ff3f,https://it.nc.gov/documents/gicc/gicc-presentation-building-footprint-business-plan/open,pdf,n/a,8/25/22 10:06,8/25/22 10:06,9,4,n/a,No,n/a
6861276a6b18002de4d6ff40,https://it.nc.gov/documents/gicc/gicc-presentation-fy2021-annual-report/open,pdf,n/a,8/25/22 10:07,8/25/22 10:07,13,4,n/a,No,n/a
68612c8b9ff1ad15158e085c,https://it.nc.gov/documents/gicc/gicc-presentation-nc-onemap-disclaimer/open,pdf,n/a,8/25/22 10:07,8/25/22 10:07,9,4,n/a,No,n/a
68612c8e9ff1ad15158e085d,https://it.nc.gov/documents/gicc/gicc-presentation-gis-broadband/open,pdf,n/a,8/25/22 10:09,8/25/22 10:09,24,4,n/a,No,n/a
685f9a58c32907bcdbcb5847,https://it.nc.gov/documents/911-board/nc-911-board-minutes-june-24-2022/download?attachment,pdf,n/a,8/29/22 9:45,8/30/22 13:00,10,3,n/a,Yes,n/a
686188f29ff1ad15158e1437,https://it.nc.gov/documents/911-board/nc-911-board-minutes-june-24-2022/open,pdf,n/a,8/29/22 9:45,8/30/22 13:00,10,3,n/a,Yes,n/a
685fa219c32907bcdbcb5951,https://it.nc.gov/documents/911-board/911-board-standards-committee-agenda-packet-sept-1-2022/download?attachment,pdf,n/a,7/1/22 10:33,8/31/22 10:24,7,4,n/a,Yes,n/a
686119d76b18002de4d6fe02,https://it.nc.gov/documents/911-board/911-board-standards-committee-agenda-packet-sept-1-2022/open,pdf,n/a,7/1/22 10:33,8/31/22 10:24,7,4,n/a,Yes,n/a
686b1cfc7401ef7bb82d6966,https://it.nc.gov/documents/cybersecurity-newsletters/2022/esrmo-newsletter-september-2022/download?attachment,pdf,n/a,9/6/22 11:01,9/6/22 11:01,6,5,4,Yes,n/a
686164319ff1ad15158e128e,https://it.nc.gov/documents/cybersecurity-newsletters/2022/esrmo-newsletter-september-2022/open,pdf,n/a,9/6/22 11:01,9/6/22 11:01,6,5,4,Yes,n/a
686bc4937648400b597547db,https://it.nc.gov/documents/public-meetings/it-strategy/it-strategy-board-agenda-sept-16-2022/download?attachment,pdf,n/a,9/13/22 19:05,9/13/22 19:05,1,4,n/a,Yes,n/a
686136a49ff1ad15158e0f02,https://it.nc.gov/documents/public-meetings/it-strategy/it-strategy-board-agenda-sept-16-2022/open,pdf,n/a,9/13/22 19:05,9/13/22 19:05,1,4,n/a,Yes,n/a
687caa052bf8807ad055363c,https://it.nc.gov/documents/gdac-criminal-justice-report-legislature-march-2022/open,pdf,n/a,3/16/22 9:37,9/14/22 14:17,20,4,n/a,No,n/a
686bc4b77648400b597547e0,https://it.nc.gov/documents/public-meetings/it-strategy/it-strategy-board-meeting-presentation-april-1-2022/download?attachment,pdf,n/a,9/16/22 15:10,9/16/22 15:10,26,3,n/a,Yes,n/a
686136b69ff1ad15158e0f05,https://it.nc.gov/documents/public-meetings/it-strategy/it-strategy-board-meeting-presentation-april-1-2022/open,pdf,n/a,9/16/22 15:10,9/16/22 15:10,26,3,n/a,Yes,n/a
686bc4a67648400b597547de,https://it.nc.gov/documents/public-meetings/it-strategy/it-strategy-board-meeting-presentation-june-17-2022/download?attachment,pdf,n/a,9/16/22 15:11,9/16/22 15:11,17,3,n/a,Yes,n/a
686136c39ff1ad15158e0f07,https://it.nc.gov/documents/public-meetings/it-strategy/it-strategy-board-meeting-presentation-june-17-2022/open,pdf,n/a,9/16/22 15:11,9/16/22 15:11,17,3,n/a,Yes,n/a
686bc49a7648400b597547dc,https://it.nc.gov/documents/public-meetings/it-strategy/it-strategy-board-meeting-presentation-sept-16-2022/download?attachment,pdf,n/a,9/16/22 15:45,9/16/22 16:06,25,6,n/a,No,n/a
686136e39ff1ad15158e0f0b,https://it.nc.gov/documents/public-meetings/it-strategy/it-strategy-board-meeting-presentation-sept-16-2022/open,pdf,n/a,9/16/22 15:45,9/16/22 16:06,25,6,n/a,No,n/a
685fa058c32907bcdbcb5922,https://it.nc.gov/documents/911-board/911-board-funding-commitee-agenda-packet-september-9-2022/download?attachment,pdf,n/a,9/16/22 16:03,9/19/22 9:37,88,6,n/a,No,n/a
685fcac9c32907bcdbcb60a5,https://it.nc.gov/documents/911-board/911-board-funding-commitee-agenda-packet-september-9-2022/open,pdf,n/a,9/16/22 16:03,9/19/22 9:37,88,6,n/a,No,n/a
68837a2d7589602f3afbf867,https://it.nc.gov/gicc-smac-minutes-20220713pdf/open,pdf,n/a,9/19/22 14:36,9/19/22 14:36,7,3,n/a,Yes,n/a
685f9e27c32907bcdbcb58cc,https://it.nc.gov/documents/911-board/911-board-education-committee-agenda-packet-september-22-2022/download?attachment,pdf,n/a,9/20/22 19:16,9/21/22 8:52,35,6,n/a,Yes,n/a
685fcabcc32907bcdbcb60a2,https://it.nc.gov/documents/911-board/911-board-education-committee-agenda-packet-september-22-2022/open,pdf,n/a,9/20/22 19:16,9/21/22 8:52,35,6,n/a,Yes,n/a
685f9a17c32907bcdbcb583d,https://it.nc.gov/documents/911-board/nc-911-board-meeting-agenda-september-30-2022/download?attachment,pdf,n/a,9/23/22 10:02,9/23/22 15:48,2,3,n/a,Yes,n/a
6861844b9ff1ad15158e140a,https://it.nc.gov/documents/911-board/nc-911-board-meeting-agenda-september-30-2022/open,pdf,n/a,9/23/22 10:02,9/23/22 15:48,2,3,n/a,Yes,n/a
685f9a21c32907bcdbcb583e,https://it.nc.gov/documents/911-board/nc-911-board-meeting-agenda-packet-september-30-2022/download?attachment,pdf,n/a,9/22/22 17:35,9/23/22 15:49,174,6,n/a,No,n/a
68618d1c9ff1ad15158e145b,https://it.nc.gov/documents/911-board/nc-911-board-meeting-agenda-packet-september-30-2022/open,pdf,n/a,9/22/22 17:35,9/23/22 15:49,174,6,n/a,No,n/a
685fa078c32907bcdbcb5926,https://it.nc.gov/documents/911-board/nc-911-board-funding-committee-meeting-minutes-july-21-2022/download?attachment,pdf,n/a,9/28/22 10:53,9/28/22 16:50,5,4,n/a,Yes,n/a
686102876b18002de4d6fcd0,https://it.nc.gov/documents/911-board/nc-911-board-funding-committee-meeting-minutes-july-21-2022/open,pdf,n/a,9/28/22 10:53,9/28/22 16:50,5,4,n/a,Yes,n/a
686b1cf57401ef7bb82d6964,https://it.nc.gov/documents/cybersecurity-newsletters/2022/esrmo-newsletter-october-2022/download?attachment,pdf,n/a,10/3/22 9:17,10/3/22 9:17,7,5,1,Yes,n/a
686152bd9ff1ad15158e1189,https://it.nc.gov/documents/cybersecurity-newsletters/2022/esrmo-newsletter-october-2022/open,pdf,n/a,10/3/22 9:17,10/3/22 9:17,7,5,1,Yes,n/a
685f9a40c32907bcdbcb5843,https://it.nc.gov/documents/911-board/nc-911-board-meeting-minutes-august-26-2022/download?attachment,pdf,n/a,9/30/22 13:01,10/4/22 11:16,12,3,n/a,Yes,n/a
686188bb9ff1ad15158e1434,https://it.nc.gov/documents/911-board/nc-911-board-meeting-minutes-august-26-2022/open,pdf,n/a,9/30/22 13:01,10/4/22 11:16,12,3,n/a,Yes,n/a
686b186e7401ef7bb82d684b,https://it.nc.gov/documents/billing-rates/voice-services-billing-rates-2022-2023/download?attachment,pdf,n/a,10/4/22 19:43,10/4/22 19:43,3,4,n/a,Yes,n/a
686186ce9ff1ad15158e1421,https://it.nc.gov/documents/billing-rates/voice-services-billing-rates-2022-2023/open,pdf,n/a,10/4/22 19:43,10/4/22 19:43,3,4,n/a,Yes,n/a
685f9e48c32907bcdbcb58d8,https://it.nc.gov/documents/911-board/nc-911-board-education-committee-minutes-august-18-2022/download?attachment,pdf,n/a,10/5/22 14:01,10/5/22 14:01,4,3,n/a,No,n/a
68617b669ff1ad15158e13ac,https://it.nc.gov/documents/911-board/nc-911-board-education-committee-minutes-august-18-2022/open,pdf,n/a,10/5/22 14:01,10/5/22 14:01,4,3,n/a,No,n/a
685f9eb2c32907bcdbcb58f0,https://it.nc.gov/documents/911-board/nc-911-board-education-committee-minutes-september-23-2021/download?attachment,pdf,n/a,10/5/22 14:34,10/5/22 14:34,3,4,n/a,Yes,n/a
68617b9f9ff1ad15158e13b0,https://it.nc.gov/documents/911-board/nc-911-board-education-committee-minutes-september-23-2021/open,pdf,n/a,10/5/22 14:34,10/5/22 14:34,3,4,n/a,Yes,n/a
686b185f7401ef7bb82d6848,https://it.nc.gov/documents/billing-rates/it-business-application-billing-rates-2022-2023/download?attachment,pdf,n/a,10/5/22 16:15,10/5/22 16:15,1,3,n/a,Yes,n/a
68617f629ff1ad15158e13cf,https://it.nc.gov/documents/billing-rates/it-business-application-billing-rates-2022-2023/open,pdf,n/a,10/5/22 16:15,10/5/22 16:15,1,3,n/a,Yes,n/a
686b18577401ef7bb82d6845,https://it.nc.gov/documents/billing-rates/enterprise-directory-services-billing-rates-2022-2023/download?attachment,pdf,n/a,10/5/22 16:18,10/5/22 16:18,1,3,n/a,Yes,n/a
686b185a7401ef7bb82d6846,https://it.nc.gov/documents/billing-rates/center-geographic-information-analysis-billing-rates-2022-2023/download?attachment,pdf,n/a,10/5/22 16:19,10/5/22 16:19,1,3,n/a,Yes,n/a
686174339ff1ad15158e135d,https://it.nc.gov/documents/billing-rates/center-geographic-information-analysis-billing-rates-2022-2023/open,pdf,n/a,10/5/22 16:19,10/5/22 16:19,1,3,n/a,Yes,n/a
686b184f7401ef7bb82d6842,https://it.nc.gov/documents/billing-rates/client-computing-billing-rates-2022-2023/download?attachment,pdf,n/a,10/5/22 16:19,10/5/22 16:19,1,3,n/a,Yes,n/a
686174749ff1ad15158e1363,https://it.nc.gov/documents/billing-rates/client-computing-billing-rates-2022-2023/open,pdf,n/a,10/5/22 16:19,10/5/22 16:19,1,3,n/a,Yes,n/a
686b18547401ef7bb82d6843,https://it.nc.gov/documents/billing-rates/data-services-billing-rates-2022-2023/download?attachment,pdf,n/a,10/5/22 16:18,10/5/22 16:19,3,3,n/a,Yes,n/a
6861749f9ff1ad15158e1367,https://it.nc.gov/documents/billing-rates/data-services-billing-rates-2022-2023/open,pdf,n/a,10/5/22 16:18,10/5/22 16:19,3,3,n/a,Yes,n/a
686b18697401ef7bb82d684a,https://it.nc.gov/documents/billing-rates/network-services-billing-rates-2022-2023/download?attachment,pdf,n/a,10/5/22 16:20,10/5/22 16:20,5,4,n/a,Yes,n/a
686186019ff1ad15158e141c,https://it.nc.gov/documents/billing-rates/network-services-billing-rates-2022-2023/open,pdf,n/a,10/5/22 16:20,10/5/22 16:20,5,4,n/a,Yes,n/a
686174d49ff1ad15158e136b,https://it.nc.gov/documents/billing-rates/enterprise-directory-services-billing-rates-2022-2023/open,pdf,n/a,n/a,10/5/22 16:29,n/a,n/a,n/a,No,n/a
686b18f67401ef7bb82d687e,https://it.nc.gov/documents/it-contracts/amendment-and-extension-920s-it-specialty-services-contract-ncdit-401105/open,pdf,n/a,10/5/22 15:57,10/7/22 9:32,4,3,n/a,No,n/a
686b18f27401ef7bb82d687d,https://it.nc.gov/documents/files/920s-ifb/open,pdf,n/a,10/7/22 10:02,10/7/22 10:22,72,6,n/a,No,n/a
68612c6c9ff1ad15158e0845,https://it.nc.gov/gicc-smac-agenda-20221012pdf/open,pdf,n/a,10/7/22 13:02,10/7/22 13:02,1,2,n/a,Yes,n/a
685fa3a1c32907bcdbcb5972,https://it.nc.gov/documents/911-board/nc-911-board-technology-committee-meeting-agenda-october-13-2022/download?attachment,pdf,n/a,10/7/22 13:40,10/10/22 16:41,5,4,n/a,No,n/a
686195019ff1ad15158e14b5,https://it.nc.gov/documents/911-board/nc-911-board-technology-committee-meeting-agenda-october-13-2022/open,pdf,n/a,10/7/22 13:40,10/10/22 16:41,5,4,n/a,No,n/a
686189cf9ff1ad15158e1444,https://it.nc.gov/documents/911-board/nc-911-board-technology-committee-meeting-minutes-august-11-2022/open,pdf,n/a,10/7/22 13:28,10/10/22 16:42,4,4,n/a,No,n/a
685fa3c0c32907bcdbcb5975,https://it.nc.gov/documents/911-board/firstnet-brief-nc-911-board-technology-committee-meeting-minutes-august-11-2022/download?attachment,pdf,n/a,8/11/22 11:43,10/10/22 16:43,19,5,n/a,No,n/a
68610d086b18002de4d6fd69,https://it.nc.gov/documents/911-board/firstnet-brief-nc-911-board-technology-committee-meeting-minutes-august-11-2022/open,pdf,n/a,8/11/22 11:43,10/10/22 16:43,19,5,n/a,No,n/a
685fa3d7c32907bcdbcb5979,https://it.nc.gov/documents/911-board/nc-911-board-technology-committee-minutes-july-14-2022/download?attachment,pdf,n/a,10/7/22 10:08,10/10/22 17:02,5,4,n/a,No,n/a
686192969ff1ad15158e1494,https://it.nc.gov/documents/911-board/nc-911-board-technology-committee-minutes-july-14-2022/open,pdf,n/a,10/7/22 10:08,10/10/22 17:02,5,4,n/a,No,n/a
685fa3ddc32907bcdbcb597a,https://it.nc.gov/documents/911-board/nc-911-board-technology-committee-minutes-june-09-2022/download?attachment,pdf,n/a,10/7/22 11:16,10/10/22 17:04,4,4,n/a,No,n/a
6861929f9ff1ad15158e1495,https://it.nc.gov/documents/911-board/nc-911-board-technology-committee-minutes-june-09-2022/open,pdf,n/a,10/7/22 11:16,10/10/22 17:04,4,4,n/a,No,n/a
685fa3f3c32907bcdbcb597c,https://it.nc.gov/documents/911-board/911-board-technology-committee-minutes-march-10-2022/download?attachment,pdf,n/a,6/9/22 15:36,10/10/22 17:07,3,4,n/a,No,n/a
68611a446b18002de4d6fe09,https://it.nc.gov/documents/911-board/911-board-technology-committee-minutes-march-10-2022/open,pdf,n/a,6/9/22 15:36,10/10/22 17:07,3,4,n/a,No,n/a
685fa08bc32907bcdbcb5928,https://it.nc.gov/documents/911-board/nc-911-board-funding-committee-meeting-minutes-june-23-2022/download?attachment,pdf,n/a,7/26/22 10:21,10/18/22 10:25,9,4,n/a,Yes,n/a
686102966b18002de4d6fcd2,https://it.nc.gov/documents/911-board/nc-911-board-funding-committee-meeting-minutes-june-23-2022/open,pdf,n/a,7/26/22 10:21,10/18/22 10:25,9,4,n/a,Yes,n/a
68612c759ff1ad15158e084a,https://it.nc.gov/gicc-smac-building-footprints-20221012pdf/open,pdf,n/a,10/20/22 11:23,10/20/22 11:23,15,2,n/a,Yes,n/a
685fa41dc32907bcdbcb5982,https://it.nc.gov/nc-911-board-technology-committee-minutes-nov-4-2021/download?attachment,pdf,n/a,10/21/22 15:41,10/24/22 13:38,4,4,n/a,No,n/a
686192b79ff1ad15158e1497,https://it.nc.gov/nc-911-board-technology-committee-minutes-nov-4-2021/open,pdf,n/a,10/21/22 15:41,10/24/22 13:38,4,4,n/a,No,n/a
685fa42ec32907bcdbcb5984,https://it.nc.gov/nc-911-board-technology-committee-minutes-october-14-2021/download?attachment,pdf,n/a,11/1/21 10:28,10/24/22 13:40,4,4,n/a,No,n/a
686192df9ff1ad15158e149a,https://it.nc.gov/nc-911-board-technology-committee-minutes-october-14-2021/open,pdf,n/a,11/1/21 10:28,10/24/22 13:40,4,4,n/a,No,n/a
685fa3c7c32907bcdbcb5976,https://it.nc.gov/documents/911-board/nc-911-board-technology-committee-minutes-august-11-2022/download?attachment,pdf,n/a,10/21/22 16:25,10/24/22 13:43,23,4,n/a,No,n/a
686192819ff1ad15158e1493,https://it.nc.gov/documents/911-board/nc-911-board-technology-committee-minutes-august-11-2022/open,pdf,n/a,10/21/22 16:25,10/24/22 13:43,23,4,n/a,No,n/a
686b1cea7401ef7bb82d6962,https://it.nc.gov/documents/cybersecurity-newsletters/2022/esrmo-newsletter-november-2022/download?attachment,pdf,n/a,10/31/22 16:14,10/31/22 16:14,6,5,2,Yes,n/a
686152a39ff1ad15158e1184,https://it.nc.gov/documents/cybersecurity-newsletters/2022/esrmo-newsletter-november-2022/open,pdf,n/a,10/31/22 16:14,10/31/22 16:14,6,5,3,Yes,n/a
685fa15dc32907bcdbcb593a,https://it.nc.gov/documents/911-board/nc-911-board-funding-committee-minutes-october-22-2020/download?attachment,pdf,n/a,10/21/21 10:39,11/1/22 10:59,5,4,n/a,Yes,n/a
68613ddd9ff1ad15158e0f96,https://it.nc.gov/documents/911-board/nc-911-board-funding-committee-minutes-october-22-2020/open,pdf,n/a,n/a,11/1/22 11:00,n/a,n/a,n/a,No,n/a
6860849e2e8395997daa338d,https://it.nc.gov/documents/911-board/nc-911-board-funding-committee-meeting-minutes-june-17-2021/download?attachment,pdf,n/a,10/20/21 13:40,11/1/22 11:03,6,4,n/a,Yes,n/a
68613da69ff1ad15158e0f8e,https://it.nc.gov/documents/911-board/nc-911-board-funding-committee-meeting-minutes-june-17-2021/open,pdf,n/a,10/20/21 13:40,11/1/22 11:03,6,4,n/a,Yes,n/a
685fa0f7c32907bcdbcb5937,https://it.nc.gov/documents/911-board/nc-911-board-funding-committee-minutes-october-21-2021/download?attachment,pdf,n/a,11/24/21 8:42,11/1/22 11:07,5,4,n/a,Yes,n/a
686184159ff1ad15158e1405,https://it.nc.gov/documents/911-board/nc-911-board-funding-committee-minutes-october-21-2021/open,pdf,n/a,11/24/21 8:42,11/1/22 11:07,5,4,n/a,Yes,n/a
685fa1fec32907bcdbcb594d,https://it.nc.gov/documents/911-board/nc-911-board-standards-committee-agenda-november-3-2022/download?attachment,pdf,n/a,11/1/22 20:33,11/2/22 9:45,1,3,n/a,Yes,n/a
68618e7e9ff1ad15158e146c,https://it.nc.gov/documents/911-board/nc-911-board-standards-committee-agenda-november-3-2022/open,pdf,n/a,11/1/22 20:33,11/2/22 9:45,1,3,n/a,Yes,n/a
685fa204c32907bcdbcb594e,https://it.nc.gov/documents/911-board/nc-911-board-standards-committee-agenda-packet-november-3-2022/download?attachment,pdf,n/a,11/1/22 20:33,11/2/22 9:45,29,6,n/a,Yes,n/a
68618ee29ff1ad15158e1473,https://it.nc.gov/documents/911-board/nc-911-board-standards-committee-agenda-packet-november-3-2022/open,pdf,n/a,11/1/22 20:33,11/2/22 9:45,29,6,n/a,Yes,n/a
686195529ff1ad15158e14bb,https://it.nc.gov/documents/nc-longitudinal-data-system-governance-board-meeting-agenda-november-7-2022/open,pdf,n/a,10/27/22 11:07,11/3/22 8:34,1,2,n/a,Yes,n/a
6872894588bfb90a859c06f2,https://it.nc.gov/documents/nc-longitudinal-data-system-governance-board-meeting-agenda-november-7-2022/download?attachment,pdf,n/a,n/a,11/3/22 8:36,n/a,n/a,n/a,No,n/a
6872894588bfb90a859c06e9,https://it.nc.gov/documents/nc-longitudinal-data-system-governance-board-recommendations-committees-and-workgroups-november-7/download?attachment,pdf,n/a,11/2/22 14:30,11/3/22 8:36,3,4,n/a,Yes,n/a
686140429ff1ad15158e0fce,https://it.nc.gov/documents/nc-longitudinal-data-system-governance-board-recommendations-committees-and-workgroups-november-7/open,pdf,n/a,11/2/22 14:30,11/3/22 8:36,3,4,n/a,Yes,n/a
68607a8e2e8395997daa31e3,https://it.nc.gov/ncid-updating-email-addresscjleads/download?attachment,pdf,n/a,11/3/22 12:25,11/3/22 12:25,4,4,n/a,Yes,n/a
685fa383c32907bcdbcb596e,https://it.nc.gov/documents/911-board/nc-911-board-technology-committee-meeting-agenda-november-10-2022/download?attachment,pdf,n/a,11/3/22 14:04,11/7/22 12:33,1,4,n/a,No,n/a
686194f59ff1ad15158e14b4,https://it.nc.gov/documents/911-board/nc-911-board-technology-committee-meeting-agenda-november-10-2022/open,pdf,n/a,11/3/22 14:04,11/7/22 12:33,1,4,n/a,No,n/a
685fa38bc32907bcdbcb596f,https://it.nc.gov/documents/911-board/nc-911-board-technology-committee-meeting-agenda-packet-november-10-2022/download?attachment,pdf,n/a,11/3/22 14:03,11/7/22 12:34,5,3,n/a,No,n/a
686195189ff1ad15158e14b7,https://it.nc.gov/documents/911-board/nc-911-board-technology-committee-meeting-agenda-packet-november-10-2022/open,pdf,n/a,11/3/22 14:03,11/7/22 12:34,5,3,n/a,No,n/a
6860e2c66b18002de4d6f949,https://it.nc.gov/documents/gicc/gicc-agenda-20221116pdf/open,pdf,n/a,11/8/22 14:54,11/8/22 14:54,1,3,n/a,Yes,n/a
6860e2cf6b18002de4d6f94b,https://it.nc.gov/documents/gicc/gicc-minutes-20220816pdf/open,pdf,n/a,11/9/22 9:15,11/9/22 9:15,6,4,n/a,Yes,n/a
68612c839ff1ad15158e0852,https://it.nc.gov/gicc-smac-parcel-update-20221012pdf/open,pdf,n/a,11/10/22 10:52,11/10/22 10:52,4,2,n/a,Yes,n/a
68612c719ff1ad15158e0849,https://it.nc.gov/gicc-smac-addressncupdate-20221012pdf/open,pdf,n/a,11/10/22 10:53,11/10/22 10:53,6,3,n/a,Yes,n/a
68612c7a9ff1ad15158e084b,https://it.nc.gov/gicc-smac-county-state-boundaries-20221012pdf/open,pdf,n/a,11/10/22 10:53,11/10/22 10:53,3,2,n/a,Yes,n/a
68612c7c9ff1ad15158e084f,https://it.nc.gov/gicc-smac-geodetic-control-20221012pdf/open,pdf,n/a,11/10/22 10:53,11/10/22 10:53,12,3,n/a,Yes,n/a
68612c809ff1ad15158e0851,https://it.nc.gov/gicc-smac-orthoprogramupdate-20221012pdf/open,pdf,n/a,11/10/22 10:54,11/10/22 10:54,8,3,n/a,Yes,n/a
6861945d9ff1ad15158e14aa,https://it.nc.gov/documents/911-board/nc-911-board-standards-committee-meeting-agenda-book-november-15-2022/open,pdf,n/a,11/10/22 15:12,11/10/22 15:13,2,4,n/a,Yes,n/a
68618efe9ff1ad15158e1475,https://it.nc.gov/documents/911-board/nc-911-board-standards-committee-meeting-agenda-november-15-2022/open,pdf,n/a,11/10/22 15:12,11/10/22 15:37,1,3,n/a,Yes,n/a
685fa048c32907bcdbcb5920,https://it.nc.gov/documents/911-board/nc-911-board-funding-committee-meeting-agenda-packet-november-15-2022/download?attachment,pdf,n/a,11/10/22 13:59,11/10/22 15:43,15,4,n/a,No,n/a
6861024f6b18002de4d6fccc,https://it.nc.gov/documents/911-board/nc-911-board-funding-committee-meeting-agenda-packet-november-15-2022/open,pdf,n/a,11/10/22 13:59,11/10/22 15:43,15,4,n/a,No,n/a
685fa042c32907bcdbcb591e,https://it.nc.gov/documents/911-board/nc-911-board-funding-committee-meeting-agenda-november-15-2022/download?attachment,pdf,n/a,11/10/22 13:04,11/10/22 15:44,1,1,n/a,Yes,n/a
686102446b18002de4d6fccb,https://it.nc.gov/documents/911-board/nc-911-board-funding-committee-meeting-agenda-november-15-2022/open,pdf,n/a,11/10/22 13:04,11/10/22 15:44,1,1,n/a,Yes,n/a
68616cc59ff1ad15158e1309,https://it.nc.gov/documents/911-board/nc-911-board-education-committee-agenda-april-21-2022/open,pdf,n/a,n/a,11/10/22 22:16,n/a,n/a,n/a,No,n/a
68616d1c9ff1ad15158e1312,https://it.nc.gov/documents/911-board/nc-911-board-education-committee-agenda-packet-july-21-2022/open,pdf,n/a,7/18/22 15:57,11/10/22 22:23,1,3,n/a,Yes,n/a
685f9e06c32907bcdbcb58c7,https://it.nc.gov/documents/911-board/nc-911-board-education-committee-agenda-november-17-2022/download?attachment,pdf,n/a,11/11/22 9:27,11/14/22 8:50,1,3,n/a,Yes,n/a
685f9e11c32907bcdbcb58c8,https://it.nc.gov/documents/911-board/nc-911-board-education-committee-agenda-packet-november-17-2022/download?attachment,pdf,n/a,11/11/22 9:51,11/14/22 8:50,38,5,n/a,No,n/a
68617af19ff1ad15158e13a3,https://it.nc.gov/documents/911-board/nc-911-board-education-committee-agenda-packet-november-17-2022/open,pdf,n/a,11/11/22 9:51,11/14/22 8:50,38,5,n/a,No,n/a
68616cff9ff1ad15158e130f,https://it.nc.gov/documents/911-board/nc-911-board-education-committee-agenda-november-17-2022/open,pdf,n/a,n/a,11/14/22 8:53,n/a,n/a,n/a,No,n/a
685f9e20c32907bcdbcb58cb,https://it.nc.gov/documents/911-board/911-board-education-committee-agenda-september-22-2022/download?attachment,pdf,n/a,9/21/22 7:34,11/14/22 8:55,1,3,n/a,Yes,n/a
685fca9dc32907bcdbcb609f,https://it.nc.gov/documents/911-board/911-board-education-committee-agenda-september-22-2022/open,pdf,n/a,9/21/22 7:34,11/14/22 8:55,1,3,n/a,Yes,n/a
685fa248c32907bcdbcb5955,https://it.nc.gov/documents/911-board/nc-911-board-standards-committee-minutes-march-3-2022/download?attachment,pdf,n/a,7/1/22 10:33,11/15/22 13:16,5,4,n/a,Yes,n/a
685fa2aec32907bcdbcb5962,https://it.nc.gov/documents/911-board/nc-911-board-standards-committee-agenda-november-5-2020/download?attachment,pdf,n/a,11/2/20 15:02,11/15/22 13:17,1,3,n/a,Yes,n/a
68618e9f9ff1ad15158e146e,https://it.nc.gov/documents/911-board/nc-911-board-standards-committee-agenda-november-5-2020/open,pdf,n/a,11/2/20 15:02,11/15/22 13:17,1,3,n/a,Yes,n/a
685fa2b4c32907bcdbcb5963,https://it.nc.gov/documents/911-board/nc-911-board-standards-committee-minutes-november-5-2020/download?attachment,pdf,n/a,1/5/21 8:33,11/15/22 13:18,6,4,n/a,Yes,n/a
686189699ff1ad15158e143e,https://it.nc.gov/documents/911-board/nc-911-board-standards-committee-minutes-november-5-2020/open,pdf,n/a,1/5/21 8:33,11/15/22 13:18,6,4,n/a,Yes,n/a
685fa2cec32907bcdbcb5967,https://it.nc.gov/documents/911-board/nc-911-board-standards-committee-minutes-october-1-2020/download?attachment,pdf,n/a,11/2/20 15:02,11/15/22 13:18,5,3,n/a,Yes,n/a
686189799ff1ad15158e143f,https://it.nc.gov/documents/911-board/nc-911-board-standards-committee-minutes-october-1-2020/open,pdf,n/a,11/2/20 15:02,11/15/22 13:18,5,3,n/a,Yes,n/a
685fa2bbc32907bcdbcb5964,https://it.nc.gov/documents/911-board/nc-911-board-standards-committee-agenda-october-1-2020/download?attachment,pdf,n/a,9/28/20 10:48,11/15/22 13:19,1,5,n/a,No,n/a
68618eab9ff1ad15158e146f,https://it.nc.gov/documents/911-board/nc-911-board-standards-committee-agenda-october-1-2020/open,pdf,n/a,9/28/20 10:48,11/15/22 13:19,1,5,n/a,No,n/a
685fa378c32907bcdbcb596d,https://it.nc.gov/documents/911-board/nc-911-board-standards-committee-minutes-june-4-2020/download?attachment,pdf,n/a,9/28/20 10:48,11/15/22 13:19,5,5,n/a,No,n/a
6861893b9ff1ad15158e143b,https://it.nc.gov/documents/911-board/nc-911-board-standards-committee-minutes-june-4-2020/open,pdf,n/a,9/28/20 10:48,11/15/22 13:19,5,5,n/a,No,n/a
685fa27fc32907bcdbcb595e,https://it.nc.gov/documents/911-board/nc-911-board-standards-committee-agenda-january-7-2021/download?attachment,pdf,n/a,1/5/21 8:33,11/15/22 13:20,1,3,n/a,Yes,n/a
68618d7a9ff1ad15158e1461,https://it.nc.gov/documents/911-board/nc-911-board-standards-committee-agenda-january-7-2021/open,pdf,n/a,1/5/21 8:33,11/15/22 13:20,1,3,n/a,Yes,n/a
685fa288c32907bcdbcb595f,https://it.nc.gov/documents/911-board/nc-911-board-standards-committee-agenda-packet-january-7-2021/download?attachment,pdf,n/a,1/5/21 8:33,11/15/22 13:21,7,4,n/a,Yes,n/a
68618ece9ff1ad15158e1472,https://it.nc.gov/documents/911-board/nc-911-board-standards-committee-agenda-packet-january-7-2021/open,pdf,n/a,1/5/21 8:33,11/15/22 13:21,7,4,n/a,Yes,n/a
685fa2a4c32907bcdbcb5960,https://it.nc.gov/documents/911-board/nc-911-board-standards-committee-minutes-january-7-2021/download?attachment,pdf,n/a,10/5/21 14:40,11/15/22 13:21,4,2,n/a,Yes,n/a
6861892b9ff1ad15158e143a,https://it.nc.gov/documents/911-board/nc-911-board-standards-committee-minutes-january-7-2021/open,pdf,n/a,10/5/21 14:40,11/15/22 13:21,4,2,n/a,Yes,n/a
685fa227c32907bcdbcb5953,https://it.nc.gov/documents/911-board/nc-911-board-standards-committee-agenda-march-3-2022/download?attachment,pdf,n/a,11/14/22 10:33,11/15/22 13:22,1,3,n/a,No,n/a
68618e769ff1ad15158e146b,https://it.nc.gov/documents/911-board/nc-911-board-standards-committee-agenda-march-3-2022/open,pdf,n/a,11/14/22 10:33,11/15/22 13:22,1,3,n/a,No,n/a
685fa24ec32907bcdbcb5957,https://it.nc.gov/documents/911-board/nc-911-board-standards-committee-agenda-november-4-2021/download?attachment,pdf,n/a,11/1/21 12:30,11/15/22 13:22,1,3,n/a,Yes,n/a
68618e979ff1ad15158e146d,https://it.nc.gov/documents/911-board/nc-911-board-standards-committee-agenda-november-4-2021/open,pdf,n/a,11/1/21 12:30,11/15/22 13:22,1,3,n/a,Yes,n/a
685fa25fc32907bcdbcb5959,https://it.nc.gov/documents/911-board/nc-911-board-standards-committee-minutes-november-4-2021/download?attachment,pdf,n/a,2/28/22 10:56,11/15/22 13:23,5,4,n/a,Yes,n/a
6861895e9ff1ad15158e143d,https://it.nc.gov/documents/911-board/nc-911-board-standards-committee-minutes-november-4-2021/open,pdf,n/a,2/28/22 10:56,11/15/22 13:23,5,4,n/a,Yes,n/a
6861894f9ff1ad15158e143c,https://it.nc.gov/documents/911-board/nc-911-board-standards-committee-minutes-march-3-2022/open,pdf,n/a,n/a,11/15/22 13:25,n/a,n/a,n/a,No,n/a
685fa277c32907bcdbcb595d,https://it.nc.gov/documents/911-board/nc-911-board-standards-committee-minutes-october-7-2021/download?attachment,pdf,n/a,11/1/21 12:30,11/17/22 10:56,3,4,n/a,Yes,n/a
686189889ff1ad15158e1440,https://it.nc.gov/documents/911-board/nc-911-board-standards-committee-minutes-october-7-2021/open,pdf,n/a,11/1/21 12:30,11/17/22 10:56,3,4,n/a,Yes,n/a
685fa20bc32907bcdbcb594f,https://it.nc.gov/documents/911-board/nc-911-board-standards-committee-agenda-september-1-2022/download?attachment,pdf,n/a,7/1/22 10:33,11/17/22 11:00,1,3,n/a,Yes,n/a
68618eba9ff1ad15158e1470,https://it.nc.gov/documents/911-board/nc-911-board-standards-committee-agenda-september-1-2022/open,pdf,n/a,7/1/22 10:33,11/17/22 11:00,1,3,n/a,Yes,n/a
685fa21ec32907bcdbcb5952,https://it.nc.gov/documents/911-board/nc-911-board-standards-committee-minutes-september-1-2022/download?attachment,pdf,n/a,11/1/22 20:33,11/17/22 11:00,4,3,n/a,Yes,n/a
6861899c9ff1ad15158e1441,https://it.nc.gov/documents/911-board/nc-911-board-standards-committee-minutes-september-1-2022/open,pdf,n/a,11/1/22 20:33,11/17/22 11:00,4,3,n/a,Yes,n/a
6860e2db6b18002de4d6f94c,https://it.nc.gov/documents/gicc/municipal-boundary-and-annexation-update-tool/open,pdf,n/a,11/17/22 14:06,11/17/22 14:06,15,2,n/a,Yes,n/a
6860e2f56b18002de4d6f94d,https://it.nc.gov/documents/gicc/giccprelimfindingsdiscussionpdf/open,pdf,n/a,11/17/22 14:17,11/17/22 14:17,23,2,n/a,Yes,n/a
6860e2b06b18002de4d6f947,https://it.nc.gov/lgcagenda20221130pdf/open,pdf,n/a,11/18/22 15:22,11/18/22 15:22,2,5,n/a,Yes,n/a
685fa3a8c32907bcdbcb5973,https://it.nc.gov/documents/911-board/nc-911-board-technology-committee-minutes-october-13-2022/download?attachment,pdf,n/a,11/17/22 9:20,11/21/22 13:11,4,4,n/a,No,n/a
686192d79ff1ad15158e1499,https://it.nc.gov/documents/911-board/nc-911-board-technology-committee-minutes-october-13-2022/open,pdf,n/a,11/17/22 9:20,11/21/22 13:11,4,4,n/a,No,n/a
685f99fdc32907bcdbcb5839,https://it.nc.gov/documents/public-meetings/911/nc-911-board-meeting-agenda-dec-2-2022/download?attachment,pdf,n/a,11/22/22 16:16,11/22/22 16:16,3,4,n/a,No,n/a
685f9a04c32907bcdbcb583a,https://it.nc.gov/documents/public-meetings/911/nc-911-board-meeting-agenda-packet-dec-2-2022/download?attachment,pdf,n/a,11/22/22 13:09,11/22/22 16:56,185,7,1,No,n/a
686140219ff1ad15158e0fc0,https://it.nc.gov/documents/public-meetings/911/nc-911-board-meeting-agenda-packet-dec-2-2022/open,pdf,n/a,11/22/22 13:09,11/22/22 16:56,185,7,n/a,No,n/a
6861841b9ff1ad15158e1406,https://it.nc.gov/documents/public-meetings/911/nc-911-board-meeting-agenda-dec-2-2022/open,pdf,n/a,n/a,11/22/22 17:01,n/a,n/a,n/a,No,n/a
685fa06dc32907bcdbcb5923,https://it.nc.gov/911-board-funding-committee-meeting-minutes-september-22-2022/download?attachment,pdf,n/a,11/17/22 8:53,12/1/22 9:06,5,4,n/a,No,n/a
685f9e2fc32907bcdbcb58cd,https://it.nc.gov/documents/911-board/nc-911-board-education-committee-meeting-minutes-september-22-2022/download?attachment,pdf,n/a,12/6/22 8:41,12/6/22 15:41,4,4,n/a,Yes,n/a
68617b4e9ff1ad15158e13aa,https://it.nc.gov/documents/911-board/nc-911-board-education-committee-meeting-minutes-september-22-2022/open,pdf,n/a,12/6/22 8:41,12/6/22 15:41,4,4,n/a,Yes,n/a
686b1ce47401ef7bb82d6960,https://it.nc.gov/documents/cybersecurenc/esrmo-newsletter-december-2022/download?attachment,pdf,n/a,12/6/22 15:58,12/6/22 15:58,5,5,2,Yes,n/a
6860fa7a6b18002de4d6fc3f,https://it.nc.gov/documents/cybersecurenc/esrmo-newsletter-december-2022/open,pdf,n/a,12/6/22 15:58,12/6/22 15:58,5,5,2,Yes,n/a
686bc4827648400b597547d9,https://it.nc.gov/documents/public-meetings/it-strategy/it-strategy-board-agenda-dec-16-2022/download?attachment,pdf,n/a,12/15/22 4:06,12/15/22 4:06,1,3,n/a,Yes,n/a
6860f4fe6b18002de4d6fbcf,https://it.nc.gov/documents/public-meetings/it-strategy/it-strategy-board-agenda-dec-16-2022/open,pdf,n/a,12/15/22 4:06,12/15/22 4:06,1,3,n/a,Yes,n/a
686bc48c7648400b597547da,https://it.nc.gov/documents/public-meetings/it-strategy/it-strategy-board-meeting-presentation-dec-16-2022/download?attachment,pdf,n/a,12/19/22 15:28,12/19/22 15:28,14,1,n/a,Yes,n/a
68610d9a6b18002de4d6fd75,https://it.nc.gov/documents/public-meetings/it-strategy/it-strategy-board-meeting-presentation-dec-16-2022/open,pdf,n/a,12/19/22 15:28,12/19/22 15:28,14,1,n/a,Yes,n/a
685fa49cc32907bcdbcb5991,https://it.nc.gov/documents/911-board/nc-911-board-technology-committee-agenda-january-14-2021/download?attachment,pdf,n/a,1/8/21 17:47,12/20/22 9:04,10,5,n/a,Yes,n/a
686194a39ff1ad15158e14ae,https://it.nc.gov/documents/911-board/nc-911-board-technology-committee-agenda-january-14-2021/open,pdf,n/a,1/8/21 17:47,12/20/22 9:04,10,5,n/a,Yes,n/a
685fa4ccc32907bcdbcb5997,https://it.nc.gov/documents/911-board/nc-911-board-technology-committee-minutes-october-8-2022/download?attachment,pdf,n/a,2/15/21 14:13,12/20/22 9:35,3,3,n/a,Yes,n/a
686192ec9ff1ad15158e149b,https://it.nc.gov/documents/911-board/nc-911-board-technology-committee-minutes-october-8-2022/open,pdf,n/a,2/15/21 14:13,12/20/22 9:35,3,3,n/a,Yes,n/a
685fa4bbc32907bcdbcb5994,https://it.nc.gov/documents/911-board/nc-911-board-technology-committee-minutes-november-12-2022/download?attachment,pdf,n/a,12/19/22 14:52,12/20/22 9:56,4,4,n/a,No,n/a
686192ca9ff1ad15158e1498,https://it.nc.gov/documents/911-board/nc-911-board-technology-committee-minutes-november-12-2022/open,pdf,n/a,12/19/22 14:52,12/20/22 9:56,4,4,n/a,No,n/a
6872894588bfb90a859c06e7,https://it.nc.gov/documents/files/nclds-data-governance-committee-meeting-agenda-january-18-2023/download?attachment,pdf,n/a,12/20/22 13:56,12/20/22 13:56,1,2,n/a,Yes,n/a
6861406f9ff1ad15158e0fd4,https://it.nc.gov/documents/files/nclds-data-governance-committee-meeting-agenda-january-18-2023/open,pdf,n/a,12/20/22 13:56,12/20/22 13:56,1,2,n/a,Yes,n/a
6872894588bfb90a859c06eb,https://it.nc.gov/documents/files/nclds-data-quality-committee-meeting-agenda-january-17-2023/download?attachment,pdf,n/a,12/20/22 13:56,12/20/22 13:56,1,2,n/a,Yes,n/a
686157c99ff1ad15158e11d7,https://it.nc.gov/documents/files/nclds-data-quality-committee-meeting-agenda-january-17-2023/open,pdf,n/a,12/20/22 13:56,12/20/22 13:56,1,2,n/a,Yes,n/a
685f9a2bc32907bcdbcb583f,https://it.nc.gov/documents/911-board/nc-911-board-minutes-september-30-2022/download?attachment,pdf,n/a,12/14/22 9:37,12/21/22 8:38,10,4,n/a,No,n/a
6861891c9ff1ad15158e1439,https://it.nc.gov/documents/911-board/nc-911-board-minutes-september-30-2022/open,pdf,n/a,12/14/22 9:37,12/21/22 8:38,10,4,n/a,No,n/a
68612c6f9ff1ad15158e0846,https://it.nc.gov/documents/public-meetings/gicc/gicc-smac-minutes-20221012pdf/open,pdf,n/a,1/4/23 13:17,1/4/23 13:17,6,4,n/a,Yes,n/a
68618ec69ff1ad15158e1471,https://it.nc.gov/documents/911-board/nc-911-board-standards-committee-agenda-book-january-5-2023/open,pdf,n/a,12/30/22 15:12,1/5/23 9:13,20,4,n/a,Yes,n/a
68618d6b9ff1ad15158e1460,https://it.nc.gov/documents/911-board/nc-911-board-standards-committee-agenda-january-5-2023/open,pdf,n/a,12/30/22 15:12,1/5/23 9:13,1,3,n/a,Yes,n/a
68607a812e8395997daa31dc,https://it.nc.gov/documents/files/importing-blockedsafe-sender-lists-proofpoint-microsoft-defender/download?attachment,pdf,n/a,1/5/23 14:49,1/5/23 14:49,7,4,n/a,Yes,n/a
6861549e9ff1ad15158e11a1,https://it.nc.gov/documents/files/importing-blockedsafe-sender-lists-proofpoint-microsoft-defender/open,pdf,n/a,1/5/23 14:49,1/5/23 14:49,7,4,n/a,Yes,n/a
6860e0c06b18002de4d6f901,https://it.nc.gov/documents/public-meetings/gicc/gicc-smac-agenda-20230111pdf/open,pdf,n/a,1/6/23 11:12,1/6/23 11:12,1,2,n/a,Yes,n/a
6872850488bfb90a859c0668,https://it.nc.gov/documents/files/ncid-citizen-id-project-directory-sync-integration/download?attachment,pdf,n/a,1/6/23 12:33,1/6/23 12:33,3,3,n/a,Yes,n/a
6872850488bfb90a859c066c,https://it.nc.gov/documents/files/ncid-citizen-id-project-http-proxy-integration/download?attachment,pdf,n/a,1/6/23 12:34,1/6/23 12:34,4,3,n/a,Yes,n/a
6872850488bfb90a859c066a,https://it.nc.gov/documents/files/ncid-citizen-id-project-saml-integration/download?attachment,pdf,n/a,1/6/23 12:37,1/6/23 12:37,4,3,n/a,Yes,n/a
6872850488bfb90a859c0669,https://it.nc.gov/documents/files/ncid-citizen-id-project-shared-ldap-integration/download?attachment,pdf,n/a,n/a,1/6/23 14:45,n/a,n/a,n/a,No,n/a
686b1cdb7401ef7bb82d695d,https://it.nc.gov/documents/cybersecurity-newsletters/2023/esrmo-newsletter-january-2023/download?attachment,pdf,n/a,1/17/23 18:13,1/17/23 18:13,5,5,4,Yes,n/a
686137c49ff1ad15158e0f27,https://it.nc.gov/documents/cybersecurity-newsletters/2023/esrmo-newsletter-january-2023/open,pdf,n/a,1/17/23 18:13,1/17/23 18:13,5,5,4,Yes,n/a
685fc8b5c32907bcdbcb6057,https://it.nc.gov/documents/gicc/draft-november-2022-quarterly-meeting-minutes/open,pdf,n/a,1/30/23 10:37,1/30/23 10:37,4,5,n/a,Yes,n/a
686b17297401ef7bb82d67f3,https://it.nc.gov/documents/2021-2022-annual-report/download?attachment,pdf,n/a,1/30/23 10:48,1/30/23 14:07,43,6,n/a,No,n/a
685f8302c32907bcdbcb53e1,https://it.nc.gov/documents/2021-2022-annual-report/open,pdf,n/a,1/30/23 10:48,1/30/23 14:07,43,6,n/a,No,n/a
686b172c7401ef7bb82d67f4,https://it.nc.gov/documents/2021-2022-ncdit-annual-report-glance/download?attachment,pdf,n/a,1/27/23 10:28,2/3/23 10:36,2,5,n/a,No,n/a
685f8309c32907bcdbcb53e2,https://it.nc.gov/documents/2021-2022-ncdit-annual-report-glance/open,pdf,n/a,1/27/23 10:28,2/3/23 10:36,2,5,n/a,No,n/a
6861950b9ff1ad15158e14b6,https://it.nc.gov/documents/911-board/nc-911-board-technology-committee-meeting-agenda-book-february-9-2023/open,pdf,n/a,2/6/23 8:33,2/6/23 12:19,4,3,n/a,No,n/a
686194eb9ff1ad15158e14b3,https://it.nc.gov/documents/911-board/nc-911-board-technology-committee-meeting-agenda-february-9-2023/open,pdf,n/a,2/6/23 8:24,2/6/23 12:19,1,3,n/a,No,n/a
685fa39bc32907bcdbcb5970,https://it.nc.gov/documents/911-board/nc-911-board-technology-committee-meeting-minutes-november-10-2022/download?attachment,pdf,n/a,2/6/23 8:48,2/6/23 12:28,6,4,n/a,No,n/a
686192729ff1ad15158e1492,https://it.nc.gov/documents/911-board/nc-911-board-technology-committee-meeting-minutes-november-10-2022/open,pdf,n/a,2/6/23 8:48,2/6/23 12:28,6,4,n/a,No,n/a
686b1cd37401ef7bb82d695a,https://it.nc.gov/documents/cybersecurity-newsletters/2023/esrmo-newsletter-february-2023/download?attachment,pdf,n/a,2/6/23 15:40,2/6/23 15:40,8,5,1,Yes,n/a
686137ac9ff1ad15158e0f21,https://it.nc.gov/documents/cybersecurity-newsletters/2023/esrmo-newsletter-february-2023/open,pdf,n/a,2/6/23 15:40,2/6/23 15:40,8,5,1,Yes,n/a
685fb408c32907bcdbcb5b9d,https://it.nc.gov/documents/gicc/agenda-feb-2023/open,pdf,n/a,2/7/23 14:56,2/7/23 14:56,1,3,n/a,Yes,n/a
686148ab9ff1ad15158e1060,https://it.nc.gov/documents/gicc/gicc-presentations-20230208/open,pdf,n/a,2/9/23 11:43,2/9/23 11:43,40,6,n/a,No,n/a
68616ccb9ff1ad15158e130a,https://it.nc.gov/documents/911-board/nc-911-board-education-committee-agenda-february-16-2023/open,pdf,n/a,2/10/23 20:18,2/13/23 8:52,1,4,n/a,Yes,n/a
68616d129ff1ad15158e1311,https://it.nc.gov/documents/911-board/nc-911-board-education-committee-agenda-packet-february-16-2023/open,pdf,n/a,2/10/23 20:22,2/13/23 8:53,14,6,n/a,No,n/a
685f6f85c32907bcdbcb5126,https://it.nc.gov/documents/911-board/911-telecommunicator-resolution-davie-county/download?attachment,pdf,n/a,2/7/23 8:16,2/13/23 9:17,1,2,n/a,Yes,n/a
686144a79ff1ad15158e101a,https://it.nc.gov/documents/911-board/911-telecommunicator-resolution-davie-county/open,pdf,n/a,2/7/23 8:16,2/13/23 9:17,1,2,n/a,Yes,n/a
685f6febc32907bcdbcb5140,https://it.nc.gov/documents/911-board/911-telecommunicator-resolution-randolph-county/download?attachment,pdf,n/a,1/18/23 16:36,2/13/23 9:17,2,5,n/a,No,n/a
686144c19ff1ad15158e101e,https://it.nc.gov/documents/911-board/911-telecommunicator-resolution-randolph-county/open,pdf,n/a,1/18/23 16:36,2/13/23 9:17,2,5,n/a,No,n/a
685f7001c32907bcdbcb5145,https://it.nc.gov/documents/911-board/911-telecommunicator-resolution-scotland-county/download?attachment,pdf,n/a,2/9/23 15:36,2/13/23 9:17,1,5,n/a,No,n/a
686144c59ff1ad15158e101f,https://it.nc.gov/documents/911-board/911-telecommunicator-resolution-scotland-county/open,pdf,n/a,2/9/23 15:36,2/13/23 9:17,1,5,n/a,No,n/a
685f6f98c32907bcdbcb512b,https://it.nc.gov/documents/911-board/911-telecommunicator-resolution-greensboro/download?attachment,pdf,n/a,1/6/23 13:59,2/13/23 9:18,1,5,n/a,No,n/a
686144ac9ff1ad15158e101b,https://it.nc.gov/documents/911-board/911-telecommunicator-resolution-greensboro/open,pdf,n/a,1/6/23 13:59,2/13/23 9:18,1,5,n/a,No,n/a
685f6fefc32907bcdbcb5142,https://it.nc.gov/documents/911-board/911-telecommunicators-resolution-robeson-county/download?attachment,pdf,n/a,2/13/23 12:55,2/13/23 12:55,1,4,n/a,No,n/a
68615d709ff1ad15158e122e,https://it.nc.gov/documents/911-board/911-telecommunicators-resolution-robeson-county/open,pdf,n/a,2/13/23 12:55,2/13/23 12:55,1,4,n/a,No,n/a
685f7005c32907bcdbcb5147,https://it.nc.gov/documents/911-board/911-telecommunicators-resolution-stanly-county/download?attachment,pdf,n/a,1/18/23 15:15,2/13/23 12:56,1,5,n/a,No,n/a
68615d7e9ff1ad15158e1230,https://it.nc.gov/documents/911-board/911-telecommunicators-resolution-stanly-county/open,pdf,n/a,n/a,2/13/23 13:01,n/a,n/a,n/a,No,n/a
68617bad9ff1ad15158e13b1,https://it.nc.gov/documents/911-board/nc-911-board-funding-committee-meeting-agenda-february-16-2023/open,pdf,n/a,2/10/23 13:28,2/15/23 11:33,1,1,n/a,Yes,n/a
68617bbb9ff1ad15158e13b2,https://it.nc.gov/documents/911-board/nc-911-board-funding-committee-meeting-agenda-packet-february-16-2023/open,pdf,n/a,2/10/23 13:32,2/15/23 11:34,11,3,n/a,No,n/a
68618d159ff1ad15158e145a,https://it.nc.gov/documents/911-board/nc-911-board-meeting-agenda-packet-february-24-2023/open,pdf,n/a,2/17/23 10:59,2/17/23 17:23,206,6,2,No,n/a
6872850488bfb90a859c0666,https://it.nc.gov/documents/files/ncid-citizen-id-project-web-service-integration/download?attachment,pdf,n/a,2/18/23 9:46,2/18/23 9:46,3,5,1,Yes,n/a
686184359ff1ad15158e1408,https://it.nc.gov/documents/911-board/nc-911-board-meeting-agenda-february-24-2023/open,pdf,n/a,2/17/23 14:29,2/19/23 20:42,3,5,n/a,No,n/a
6860e0d96b18002de4d6f905,https://it.nc.gov/documents/gicc/gicc-smac-building-footprints-20230111pdf/open,pdf,n/a,2/20/23 8:54,2/20/23 8:54,5,1,n/a,Yes,n/a
6860e0e86b18002de4d6f906,https://it.nc.gov/documents/gicc/gicc-smac-county-boundaries-20230111pdf/open,pdf,n/a,2/20/23 8:55,2/20/23 8:55,3,1,n/a,Yes,n/a
6860e0f96b18002de4d6f908,https://it.nc.gov/documents/gicc/gicc-smac-geodetic-control-20230111pdf/open,pdf,n/a,2/20/23 8:55,2/20/23 8:55,12,1,n/a,Yes,n/a
6860e1086b18002de4d6f90a,https://it.nc.gov/documents/gicc/gicc-smac-parcel-update-20230111pdf/open,pdf,n/a,2/20/23 8:55,2/20/23 8:55,4,2,n/a,Yes,n/a
685f6f70c32907bcdbcb5121,https://it.nc.gov/documents/911-board/911-telecommunicators-resolution-cherokee-county/download?attachment,pdf,n/a,2/21/23 8:23,2/21/23 12:03,1,4,n/a,No,n/a
686144f49ff1ad15158e1026,https://it.nc.gov/documents/911-board/911-telecommunicators-resolution-cherokee-county/open,pdf,n/a,2/21/23 8:23,2/21/23 12:03,1,4,n/a,No,n/a
685fa051c32907bcdbcb5921,https://it.nc.gov/documents/911-board/nc-911-board-funding-committee-meeting-minutes-november-15-2022/download?attachment,pdf,n/a,2/22/23 10:59,2/22/23 12:18,6,4,n/a,Yes,n/a
686102606b18002de4d6fccd,https://it.nc.gov/documents/911-board/nc-911-board-funding-committee-meeting-minutes-november-15-2022/open,pdf,n/a,2/22/23 10:59,2/22/23 12:18,6,4,n/a,Yes,n/a
685f6fe0c32907bcdbcb513d,https://it.nc.gov/documents/911-board/911-telecommunicator-resolution-polk-county/download?attachment,pdf,n/a,2/21/23 16:35,2/22/23 12:33,1,4,n/a,No,n/a
686144bc9ff1ad15158e101d,https://it.nc.gov/documents/911-board/911-telecommunicator-resolution-polk-county/open,pdf,n/a,2/21/23 16:35,2/22/23 12:33,1,4,n/a,No,n/a
6861274f6b18002de4d6ff3d,https://it.nc.gov/documents/gicc/gicc-planningsession-20230208pdf/open,pdf,n/a,2/23/23 12:54,2/23/23 12:56,20,5,n/a,No,n/a
686bc34e7648400b597547be,https://it.nc.gov/documents/procurement/what-it-procurement/download?attachment,pdf,n/a,2/23/23 14:14,2/23/23 14:14,8,2,n/a,Yes,n/a
68839def7589602f3afbfb74,https://it.nc.gov/documents/procurement/what-it-procurement/open,pdf,n/a,2/23/23 14:14,2/23/23 14:14,8,2,n/a,Yes,n/a
685f6f54c32907bcdbcb511d,https://it.nc.gov/documents/911-board/911-telecommunicators-resolution-burke-county/download?attachment,pdf,n/a,2/22/23 13:33,2/24/23 10:58,1,5,n/a,No,n/a
686144de9ff1ad15158e1023,https://it.nc.gov/documents/911-board/911-telecommunicators-resolution-burke-county/open,pdf,n/a,2/22/23 13:33,2/24/23 10:58,1,5,n/a,No,n/a
685f6fd1c32907bcdbcb5139,https://it.nc.gov/documents/911-board/911-telecommunicators-resolution-mitchell-county/download?attachment,pdf,n/a,2/22/23 9:40,2/24/23 11:00,1,4,n/a,No,n/a
68615d609ff1ad15158e122c,https://it.nc.gov/documents/911-board/911-telecommunicators-resolution-mitchell-county/open,pdf,n/a,2/22/23 9:40,2/24/23 11:00,1,4,n/a,No,n/a
685f6f46c32907bcdbcb511b,https://it.nc.gov/documents/911-board/911-telecommunicators-resolution-bladen-county/download?attachment,pdf,n/a,2/22/23 10:28,2/24/23 11:01,4,6,n/a,No,n/a
686144d59ff1ad15158e1021,https://it.nc.gov/documents/911-board/911-telecommunicators-resolution-bladen-county/open,pdf,n/a,2/22/23 10:28,2/24/23 11:01,4,6,n/a,No,n/a
685f6f3dc32907bcdbcb5118,https://it.nc.gov/documents/911-board/911-telecommunicators-statement-nc-house/download?attachment,pdf,n/a,2/27/23 16:38,2/28/23 8:57,1,4,n/a,No,n/a
68615d879ff1ad15158e1231,https://it.nc.gov/documents/911-board/911-telecommunicators-statement-nc-house/open,pdf,n/a,2/27/23 16:38,2/28/23 8:57,1,4,n/a,No,n/a
685f6f34c32907bcdbcb5117,https://it.nc.gov/documents/911-board/911-telecommunicators-statement-nc-senate/download?attachment,pdf,n/a,2/27/23 16:38,2/28/23 8:57,1,4,n/a,No,n/a
68615d8e9ff1ad15158e1232,https://it.nc.gov/documents/911-board/911-telecommunicators-statement-nc-senate/open,pdf,n/a,2/27/23 16:38,2/28/23 8:57,1,4,n/a,No,n/a
685f6f80c32907bcdbcb5125,https://it.nc.gov/documents/911-board/911-telecommunicator-resolution-davidson-county/download?attachment,pdf,n/a,3/1/23 13:19,3/1/23 13:19,2,5,n/a,No,n/a
686144a19ff1ad15158e1019,https://it.nc.gov/documents/911-board/911-telecommunicator-resolution-davidson-county/open,pdf,n/a,3/1/23 13:19,3/1/23 13:19,2,5,n/a,No,n/a
686b1cc47401ef7bb82d6957,https://it.nc.gov/documents/cybersecurity-newsletters/2023/esrmo-newsletter-march-2023/download?attachment,pdf,n/a,3/6/23 15:56,3/6/23 15:56,8,5,n/a,Yes,n/a
686152569ff1ad15158e117a,https://it.nc.gov/documents/cybersecurity-newsletters/2023/esrmo-newsletter-march-2023/open,pdf,n/a,3/6/23 15:56,3/6/23 15:56,8,5,n/a,Yes,n/a
686b15087401ef7bb82d675f,https://it.nc.gov/documents/2021-gdac-legislative-report/download?attachment,pdf,n/a,3/6/23 17:24,3/6/23 17:25,31,5,n/a,Yes,n/a
685f82f0c32907bcdbcb53df,https://it.nc.gov/documents/2021-gdac-legislative-report/open,pdf,n/a,3/6/23 17:24,3/6/23 17:25,31,5,n/a,Yes,n/a
685f6fb9c32907bcdbcb5132,https://it.nc.gov/documents/911-board/911-telecommunicators-resolution-johnston-county/download?attachment,pdf,n/a,3/7/23 15:03,3/7/23 15:03,1,4,n/a,No,n/a
68615d439ff1ad15158e1229,https://it.nc.gov/documents/911-board/911-telecommunicators-resolution-johnston-county/open,pdf,n/a,3/7/23 15:03,3/7/23 15:03,1,4,n/a,No,n/a
685f6f41c32907bcdbcb511a,https://it.nc.gov/documents/911-board/911-telecommunicators-resolution-alexander-county/download?attachment,pdf,n/a,3/7/23 11:08,3/8/23 9:25,1,5,n/a,No,n/a
686144cc9ff1ad15158e1020,https://it.nc.gov/documents/911-board/911-telecommunicators-resolution-alexander-county/open,pdf,n/a,3/7/23 11:08,3/8/23 9:25,1,5,n/a,No,n/a
686bc41c7648400b597547cc,https://it.nc.gov/documents/it-strategy-board-2023-annual-report/download?attachment,pdf,n/a,2/23/23 12:31,3/8/23 13:00,14,6,n/a,Yes,n/a
6860f4a86b18002de4d6fbc3,https://it.nc.gov/documents/it-strategy-board-2023-annual-report/open,pdf,n/a,2/23/23 12:31,3/8/23 13:00,14,6,n/a,Yes,n/a
6872894588bfb90a859c06e1,https://it.nc.gov/documents/other/nclds-data-governance-committee-meeting-agenda-march-16-2023/download?attachment,pdf,n/a,3/8/23 16:31,3/8/23 16:31,1,2,n/a,Yes,n/a
6861409f9ff1ad15158e0fda,https://it.nc.gov/documents/other/nclds-data-governance-committee-meeting-agenda-march-16-2023/open,pdf,n/a,3/8/23 16:31,3/8/23 16:31,1,2,n/a,Yes,n/a
685f6fc0c32907bcdbcb5134,https://it.nc.gov/documents/911-board/911-telecommunicators-resolution-martin-county/download?attachment,pdf,n/a,3/9/23 18:24,3/10/23 13:18,1,5,n/a,No,n/a
68615d4c9ff1ad15158e122a,https://it.nc.gov/documents/911-board/911-telecommunicators-resolution-martin-county/open,pdf,n/a,3/9/23 18:24,3/10/23 13:18,1,5,n/a,No,n/a
685f6f4ec32907bcdbcb511c,https://it.nc.gov/documents/911-board/911-telecommunicators-resolution-brunswick-county/download?attachment,pdf,n/a,3/8/23 7:33,3/10/23 13:20,1,5,n/a,No,n/a
686144da9ff1ad15158e1022,https://it.nc.gov/documents/911-board/911-telecommunicators-resolution-brunswick-county/open,pdf,n/a,3/8/23 7:33,3/10/23 13:20,1,5,n/a,No,n/a
685f6ff5c32907bcdbcb5143,https://it.nc.gov/documents/911-board/911-telecommunicators-resolution-rockingham-county/download?attachment,pdf,n/a,3/8/23 12:06,3/10/23 13:20,1,5,n/a,No,n/a
68615d769ff1ad15158e122f,https://it.nc.gov/documents/911-board/911-telecommunicators-resolution-rockingham-county/open,pdf,n/a,3/8/23 12:06,3/10/23 13:20,1,5,n/a,No,n/a
685f9a11c32907bcdbcb583b,https://it.nc.gov/documents/911-board/nc-911-board-meeting-minutes-dec-2-2022/download?attachment,pdf,n/a,2/24/23 13:58,3/10/23 13:33,15,5,n/a,No,n/a
686188d49ff1ad15158e1435,https://it.nc.gov/documents/911-board/nc-911-board-meeting-minutes-dec-2-2022/open,pdf,n/a,2/24/23 13:58,3/10/23 13:33,15,5,n/a,No,n/a
68607a7f2e8395997daa31db,https://it.nc.gov/documents/training-docs-images/steps-verifying-inbox-rules/download?attachment,pdf,n/a,3/10/23 15:38,3/10/23 15:38,2,3,n/a,Yes,n/a
686154e39ff1ad15158e11a5,https://it.nc.gov/documents/training-docs-images/steps-verifying-inbox-rules/open,pdf,n/a,3/10/23 15:38,3/10/23 15:38,2,3,n/a,Yes,n/a
686157e59ff1ad15158e11db,https://it.nc.gov/documents/other/nclds-data-quality-committee-meeting-agenda-march-21-2023/open,pdf,n/a,3/13/23 15:58,3/13/23 15:58,1,2,n/a,Yes,n/a
68616cf49ff1ad15158e130e,https://it.nc.gov/documents/911-board/nc-911-board-education-committee-agenda-march-16-2023/open,pdf,n/a,3/9/23 20:59,3/14/23 9:03,1,3,n/a,Yes,n/a
68616d259ff1ad15158e1313,https://it.nc.gov/documents/911-board/nc-911-board-education-committee-agenda-packet-march-16-2023/open,pdf,n/a,3/9/23 21:07,3/14/23 9:15,35,6,n/a,No,n/a
685f6f94c32907bcdbcb512a,https://it.nc.gov/documents/911-board/911-telecommunicators-resolution-durham-city/download?attachment,pdf,n/a,3/8/23 10:53,3/14/23 9:22,2,5,n/a,No,n/a
686145129ff1ad15158e102a,https://it.nc.gov/documents/911-board/911-telecommunicators-resolution-durham-city/open,pdf,n/a,3/8/23 10:53,3/14/23 9:22,2,5,n/a,No,n/a
685f6fdac32907bcdbcb513b,https://it.nc.gov/documents/911-board/911-telecommunicators-resolution-perquimans-county/download?attachment,pdf,n/a,3/13/23 4:15,3/14/23 9:23,1,5,n/a,No,n/a
68615d689ff1ad15158e122d,https://it.nc.gov/documents/911-board/911-telecommunicators-resolution-perquimans-county/open,pdf,n/a,3/13/23 4:15,3/14/23 9:23,1,5,n/a,No,n/a
685f6f9fc32907bcdbcb512c,https://it.nc.gov/documents/911-board/911-telecommunicator-resolution-guilford-county/download?attachment,pdf,n/a,1/18/23 14:35,3/14/23 13:43,1,5,n/a,No,n/a
686144b29ff1ad15158e101c,https://it.nc.gov/documents/911-board/911-telecommunicator-resolution-guilford-county/open,pdf,n/a,1/18/23 14:35,3/14/23 13:43,1,5,n/a,No,n/a
686bc4747648400b597547d7,https://it.nc.gov/documents/it-strategy-board-agenda-march-17-2023/download?attachment,pdf,n/a,3/14/23 20:42,3/14/23 20:42,1,3,n/a,Yes,n/a
6860f5906b18002de4d6fbde,https://it.nc.gov/documents/it-strategy-board-agenda-march-17-2023/open,pdf,n/a,3/14/23 20:42,3/14/23 20:42,1,3,n/a,Yes,n/a
6872894588bfb90a859c06f5,https://it.nc.gov/documents/other/nclds-data-quality-committee-meeting-agenda-march-21-2023/download?attachment,pdf,n/a,n/a,3/17/23 9:38,n/a,n/a,n/a,No,n/a
686bc47c7648400b597547d8,https://it.nc.gov/documents/it-strategy-board-meeting-presentation-march-17-2023/download?attachment,pdf,n/a,3/20/23 14:50,3/20/23 14:50,39,3,n/a,Yes,n/a
68610da56b18002de4d6fd76,https://it.nc.gov/documents/it-strategy-board-meeting-presentation-march-17-2023/open,pdf,n/a,3/20/23 14:50,3/20/23 14:50,39,3,n/a,Yes,n/a
685fb145c32907bcdbcb5b23,https://it.nc.gov/documents/gicc/gicc-fic-workplan2022-2023/open,pdf,n/a,3/23/23 15:20,3/23/23 15:20,3,3,n/a,Yes,n/a
686b1cb97401ef7bb82d6955,https://it.nc.gov/documents/esrmo-newsletter-april-2023/download?attachment,pdf,n/a,4/3/23 8:31,4/3/23 8:31,8,5,n/a,Yes,n/a
6860f8c66b18002de4d6fc29,https://it.nc.gov/documents/esrmo-newsletter-april-2023/open,pdf,n/a,4/3/23 8:31,4/3/23 8:31,8,5,n/a,Yes,n/a
685f6faac32907bcdbcb512f,https://it.nc.gov/documents/911-board/911-telecommunicators-resolution-halifax-county/download?attachment,pdf,n/a,4/3/23 16:20,4/3/23 19:30,1,5,n/a,No,n/a
686145169ff1ad15158e102b,https://it.nc.gov/documents/911-board/911-telecommunicators-resolution-halifax-county/open,pdf,n/a,4/3/23 16:20,4/3/23 19:30,1,5,n/a,No,n/a
685f6fb1c32907bcdbcb5130,https://it.nc.gov/documents/911-board/911-telecommunicators-resolution-iredell-county/download?attachment,pdf,n/a,3/23/23 20:39,4/6/23 15:50,1,4,n/a,No,n/a
6861451d9ff1ad15158e102c,https://it.nc.gov/documents/911-board/911-telecommunicators-resolution-iredell-county/open,pdf,n/a,3/23/23 20:39,4/6/23 15:50,1,4,n/a,No,n/a
685f6f75c32907bcdbcb5122,https://it.nc.gov/documents/911-board/911-telecommunicators-resolution-craven-county/download?attachment,pdf,n/a,4/4/23 8:13,4/6/23 15:51,1,4,n/a,No,n/a
686144fd9ff1ad15158e1027,https://it.nc.gov/documents/911-board/911-telecommunicators-resolution-craven-county/open,pdf,n/a,4/4/23 8:13,4/6/23 15:51,1,4,n/a,No,n/a
6860e0cf6b18002de4d6f903,https://it.nc.gov/gicc-smac-minutes-20230111pdf/open,pdf,n/a,4/10/23 12:56,4/10/23 12:56,6,3,n/a,Yes,n/a
686192649ff1ad15158e1491,https://it.nc.gov/documents/911-board/nc-911-board-technology-committee-meeting-minutes-february-9-2023/open,pdf,n/a,4/12/23 15:07,4/12/23 15:07,4,4,n/a,No,n/a
685fcad9c32907bcdbcb60a6,https://it.nc.gov/documents/911-board/911-board-funding-committee-agenda-april-20-2023/open,pdf,n/a,4/14/23 14:07,4/14/23 14:07,1,3,n/a,No,n/a
685fcaf3c32907bcdbcb60aa,https://it.nc.gov/documents/911-board/911-board-funding-committee-meeting-packet-april-20-2023/open,pdf,n/a,4/14/23 13:57,4/14/23 14:48,114,4,n/a,No,n/a
6861946a9ff1ad15158e14ab,https://it.nc.gov/documents/911-board/nc-911-board-technology-committee-agenda-april-19-2023/open,pdf,n/a,4/14/23 15:33,4/17/23 8:29,1,3,n/a,No,n/a
686194d99ff1ad15158e14b2,https://it.nc.gov/documents/911-board/nc-911-board-technology-committee-agenda-book-april-19-2023/open,pdf,n/a,4/14/23 16:01,4/17/23 8:29,21,4,n/a,No,n/a
68616cb49ff1ad15158e1308,https://it.nc.gov/documents/911-board/nc-911-board-education-committee-agenda-april-20-2023/open,pdf,n/a,4/18/23 13:19,4/18/23 13:19,1,3,n/a,Yes,n/a
68616d099ff1ad15158e1310,https://it.nc.gov/documents/911-board/nc-911-board-education-committee-agenda-packet-april-20-2023/open,pdf,n/a,4/18/23 13:41,4/18/23 13:41,13,5,n/a,No,n/a
685fadb2c32907bcdbcb5a9b,https://it.nc.gov/documents/gicc/2022-23-smac-work-plan/open,pdf,n/a,4/18/23 15:02,4/18/23 15:02,3,4,n/a,Yes,n/a
6860dec96b18002de4d6f8dc,https://it.nc.gov/gicc-smac-agenda-20230419pdf/open,pdf,n/a,4/18/23 15:05,4/18/23 15:05,1,2,n/a,Yes,n/a
685f6f67c32907bcdbcb5120,https://it.nc.gov/documents/911-board/911-telecommunicators-resolution-caswell-county/download?attachment,pdf,n/a,4/19/23 14:03,4/19/23 14:03,1,5,n/a,No,n/a
686144ee9ff1ad15158e1025,https://it.nc.gov/documents/911-board/911-telecommunicators-resolution-caswell-county/open,pdf,n/a,4/19/23 14:03,4/19/23 14:03,1,5,n/a,No,n/a
685f6fcac32907bcdbcb5137,https://it.nc.gov/documents/911-board/911-telecommunicators-resolution-mcdowell-county/download?attachment,pdf,n/a,4/17/23 16:54,4/25/23 12:42,1,5,n/a,No,n/a
68615d529ff1ad15158e122b,https://it.nc.gov/documents/911-board/911-telecommunicators-resolution-mcdowell-county/open,pdf,n/a,4/17/23 16:54,4/25/23 12:42,1,5,n/a,No,n/a
6860debd6b18002de4d6f8db,https://it.nc.gov/documents/gicc/sguc-general-meeting-agenda-april-26-2023/open,pdf,n/a,4/26/23 15:25,4/26/23 15:25,1,2,n/a,Yes,n/a
686b1cb57401ef7bb82d6954,https://it.nc.gov/documents/911-board/esrmo-newsletter-may-2023/download?attachment,pdf,n/a,5/1/23 7:42,5/1/23 8:21,7,5,6,Yes,n/a
68615d9d9ff1ad15158e1234,https://it.nc.gov/documents/911-board/esrmo-newsletter-may-2023/open,pdf,n/a,5/1/23 7:42,5/1/23 8:21,7,5,6,Yes,n/a
6872894588bfb90a859c06f1,https://it.nc.gov/documents/other/nclds-advisory-board-meeting-agenda-may-17-2023/download?attachment,pdf,n/a,5/3/23 8:05,5/3/23 8:09,1,2,n/a,Yes,n/a
6861405f9ff1ad15158e0fd1,https://it.nc.gov/documents/other/nclds-advisory-board-meeting-agenda-may-17-2023/open,pdf,n/a,5/3/23 8:05,5/3/23 8:09,1,2,n/a,Yes,n/a
685fc940c32907bcdbcb6070,https://it.nc.gov/documents/gicc/gicc-agenda-may-2023/open,pdf,n/a,5/10/23 19:47,5/10/23 19:47,1,3,n/a,Yes,n/a
685fc8e0c32907bcdbcb6062,https://it.nc.gov/documents/gicc/february-2023-quarterly-meeting-minutes/open,pdf,n/a,5/10/23 19:48,5/10/23 19:48,5,5,n/a,Yes,n/a
686116986b18002de4d6fddb,https://it.nc.gov/documents/gicc/gicc-meeting-minutes-feb-2023/open,pdf,n/a,5/10/23 19:48,5/10/23 19:48,5,5,n/a,Yes,n/a
68d0a6082ab2c6cb9c649b00,https://it.nc.gov/documents/government-data-analytics-center-legislative-report-2022/download?attachment,pdf,n/a,5/17/23 13:10,5/17/23 13:10,30,3,n/a,Yes,n/a
68607a5a2e8395997daa31c8,https://it.nc.gov/documents/government-data-analytics-center-legislative-report-2022/open,pdf,n/a,5/17/23 13:10,5/17/23 13:10,30,3,n/a,Yes,n/a
686b15047401ef7bb82d675e,https://it.nc.gov/government-data-analytics-center-legislative-report-2022/download?attachment,pdf,n/a,5/17/23 13:10,5/17/23 13:10,30,3,n/a,Yes,n/a
68610ab86b18002de4d6fd44,https://it.nc.gov/government-data-analytics-center-legislative-report-2022/open,pdf,n/a,5/17/23 13:10,5/17/23 13:10,30,3,n/a,Yes,n/a
68610d536b18002de4d6fd6f,https://it.nc.gov/documents/gicc/gicc-presentation-conference-recap-20230517pdf/open,pdf,n/a,5/17/23 15:29,5/17/23 15:29,30,3,n/a,No,n/a
685fb3e8c32907bcdbcb5b98,https://it.nc.gov/documents/gicc/2023-conference-update-presentation/open,pdf,n/a,5/17/23 15:31,5/17/23 15:31,9,3,n/a,No,n/a
685fc8b0c32907bcdbcb6056,https://it.nc.gov/documents/gicc/draft-fy23-25-goals-and-priorities/open,pdf,n/a,5/17/23 15:31,5/17/23 15:31,3,3,n/a,No,n/a
685fc8efc32907bcdbcb6065,https://it.nc.gov/documents/gicc/flood-blueprint-update-presentation/open,pdf,n/a,5/17/23 15:36,5/17/23 15:36,33,3,2,Yes,n/a
68615bb69ff1ad15158e121d,https://it.nc.gov/documents/gicc/lgc-agenda-may-2023/open,pdf,n/a,5/23/23 11:40,5/23/23 11:40,2,5,n/a,Yes,n/a
686188e89ff1ad15158e1436,https://it.nc.gov/documents/911-board/nc-911-board-meeting-minutes-february-24-2023/open,pdf,n/a,5/4/23 13:08,5/24/23 10:53,11,5,n/a,No,n/a
685fc8e9c32907bcdbcb6063,https://it.nc.gov/documents/gicc/fic-june-meeting-agenda-2023/open,pdf,n/a,n/a,5/24/23 16:10,n/a,n/a,n/a,No,n/a
6860df166b18002de4d6f8e1,https://it.nc.gov/gicc-smac-geodetic-control-update-20230419pdf/open,pdf,n/a,5/31/23 11:25,5/31/23 11:25,15,3,n/a,Yes,n/a
6860df276b18002de4d6f8e5,https://it.nc.gov/gicc-smac-ortho-program-update-20230419pdf/open,pdf,n/a,5/31/23 11:26,5/31/23 11:26,7,2,n/a,Yes,n/a
6860df1e6b18002de4d6f8e4,https://it.nc.gov/gicc-smac-lidar-update-20230419pdf/open,pdf,n/a,5/31/23 11:27,5/31/23 11:27,1,1,n/a,Yes,n/a
6860def66b18002de4d6f8df,https://it.nc.gov/gicc-smac-addressnc-update-20230419pdf/open,pdf,n/a,5/31/23 11:28,5/31/23 11:28,4,1,n/a,Yes,n/a
6860df006b18002de4d6f8e0,https://it.nc.gov/gicc-smac-county-boundaries-update-20230419pdf/open,pdf,n/a,5/31/23 11:28,5/31/23 11:28,3,2,n/a,Yes,n/a
6860dee66b18002de4d6f8dd,https://it.nc.gov/gicc-smac-minutes-20230419pdf/open,pdf,n/a,5/31/23 12:50,5/31/23 12:50,7,4,n/a,Yes,n/a
685f6f8cc32907bcdbcb5127,https://it.nc.gov/documents/911-board/911-telecommunicators-resolution-duplin-county/download?attachment,pdf,n/a,6/1/23 10:23,6/2/23 11:54,2,6,n/a,No,n/a
686145089ff1ad15158e1029,https://it.nc.gov/documents/911-board/911-telecommunicators-resolution-duplin-county/open,pdf,n/a,6/1/23 10:23,6/2/23 11:54,2,6,n/a,No,n/a
686b1cab7401ef7bb82d6951,https://it.nc.gov/documents/cybersecurity-newsletters/2023/esrmo-newsletter-june-2023/download?attachment,pdf,n/a,6/5/23 9:37,6/5/23 9:37,6,5,1,Yes,n/a
6861381e9ff1ad15158e0f32,https://it.nc.gov/documents/cybersecurity-newsletters/2023/esrmo-newsletter-june-2023/open,pdf,n/a,6/5/23 9:37,6/5/23 9:37,6,5,1,Yes,n/a
6861408d9ff1ad15158e0fd7,https://it.nc.gov/documents/other/nclds-data-governance-committee-meeting-agenda-june-15-2023/open,pdf,n/a,6/7/23 15:24,6/7/23 15:24,1,2,n/a,Yes,n/a
6872894588bfb90a859c06e2,https://it.nc.gov/documents/public-meetings/nclds-data-quality-committee-meeting-agenda-june-19-2023/download?attachment,pdf,n/a,6/9/23 16:43,6/9/23 16:43,2,4,n/a,Yes,n/a
686157ce9ff1ad15158e11d8,https://it.nc.gov/documents/public-meetings/nclds-data-quality-committee-meeting-agenda-june-19-2023/open,pdf,n/a,6/9/23 16:43,6/9/23 16:43,2,4,n/a,Yes,n/a
685f9e16c32907bcdbcb58ca,https://it.nc.gov/documents/911-board/nc-911-board-education-committee-minutes-november-17-2022/download?attachment,pdf,n/a,4/18/23 14:00,6/12/23 9:35,5,4,n/a,Yes,n/a
68617b8c9ff1ad15158e13af,https://it.nc.gov/documents/911-board/nc-911-board-education-committee-minutes-november-17-2022/open,pdf,n/a,4/18/23 14:00,6/12/23 9:35,5,4,n/a,Yes,n/a
686b14557401ef7bb82d6716,https://it.nc.gov/documents/other/nc-longitudinal-data-system-annual-report-2022-2023/download?attachment,pdf,n/a,6/9/23 12:05,6/12/23 13:38,12,4,n/a,Yes,n/a
68607a5e2e8395997daa31c9,https://it.nc.gov/documents/other/nc-longitudinal-data-system-annual-report-2022-2023/open,pdf,n/a,6/9/23 12:05,6/12/23 13:38,12,4,n/a,Yes,n/a
686b13367401ef7bb82d66e5,https://it.nc.gov/documents/gicc/infrastructure-working-group-findings/open,pdf,n/a,6/13/23 16:59,6/13/23 17:00,121,4,n/a,Yes,n/a
685f704cc32907bcdbcb5157,https://it.nc.gov/documents/911-board/psap-assessment-document/download?attachment,pdf,n/a,10/26/22 9:36,6/16/23 9:44,17,5,n/a,Yes,n/a
68612a756b18002de4d6ff7f,https://it.nc.gov/documents/911-board/psap-assessment-document/open,pdf,n/a,10/26/22 9:36,6/16/23 9:44,17,5,n/a,Yes,n/a
686b18c47401ef7bb82d686e,https://it.nc.gov/documents/files/apple-naspo-valuepoint-master-agreement-23003/open,pdf,n/a,6/8/23 16:17,6/20/23 16:48,40,4,n/a,Yes,n/a
68610d486b18002de4d6fd6d,https://it.nc.gov/documents/gicc/gicc-may-meeting-summary/open,pdf,n/a,6/21/23 10:24,6/21/23 10:24,5,6,n/a,No,n/a
686b1aef7401ef7bb82d68d8,https://it.nc.gov/documents/procurement/ncdit-exceptions-request-process/download?attachment,pdf,n/a,6/26/23 11:07,6/26/23 11:07,13,2,n/a,Yes,n/a
68607a402e8395997daa31be,https://it.nc.gov/documents/procurement/ncdit-exceptions-request-process/open,pdf,n/a,6/26/23 11:07,6/26/23 11:07,13,2,n/a,Yes,n/a
685fb339c32907bcdbcb5b86,https://it.nc.gov/documents/gicc-annual-report-fy21-22/download?attachment,pdf,n/a,6/26/23 12:18,6/27/23 18:42,31,4,n/a,Yes,n/a
68607a602e8395997daa31ca,https://it.nc.gov/documents/gicc-annual-report-fy21-22/open,pdf,n/a,n/a,6/27/23 18:44,n/a,n/a,n/a,No,n/a
686b1ca37401ef7bb82d694f,https://it.nc.gov/documents/cybersecurity-newsletters/2023/esrmo-newsletter-july-2023/download?attachment,pdf,n/a,7/6/23 13:26,7/6/23 13:42,9,4,n/a,No,n/a
686137e09ff1ad15158e0f2d,https://it.nc.gov/documents/cybersecurity-newsletters/2023/esrmo-newsletter-july-2023/open,pdf,n/a,7/6/23 13:26,7/6/23 13:42,9,4,n/a,No,n/a
6860dde46b18002de4d6f8c6,https://it.nc.gov/documents/gicc/smac-agenda-july-12-2023/open,pdf,n/a,7/7/23 12:00,7/7/23 12:00,1,1,n/a,Yes,n/a
685fbbf3c32907bcdbcb5c98,https://it.nc.gov/cjleads-update-agency-form-2022/open,pdf,n/a,3/18/22 10:01,7/10/23 10:33,2,4,n/a,Yes,n/a
685fbb6ec32907bcdbcb5c8b,https://it.nc.gov/documents/forms/cjleads-agency-contact-removal-sheet-2022/open,pdf,n/a,3/17/22 13:49,7/10/23 10:37,1,5,n/a,Yes,n/a
68607a8c2e8395997daa31e2,https://it.nc.gov/policy-access-cjleads/download?attachment,pdf,n/a,5/27/21 10:10,7/10/23 10:41,12,4,n/a,No,n/a
68607a852e8395997daa31dd,https://it.nc.gov/policy-access-cjleads/open,pdf,n/a,5/27/21 10:10,7/10/23 10:41,12,4,n/a,No,n/a
686b202e7401ef7bb82d6a44,https://it.nc.gov/cjleads-audit-request-form-user-activity-detail-cf-7/download?attachment,pdf,n/a,2/1/18 16:00,7/10/23 10:44,1,3,n/a,Yes,n/a
685fbbe6c32907bcdbcb5c95,https://it.nc.gov/cjleads-audit-request-form-user-activity-detail-cf-7/open,pdf,n/a,2/1/18 16:00,7/10/23 10:44,1,3,n/a,Yes,n/a
686b20357401ef7bb82d6a48,https://it.nc.gov/cjleads-audit-request-form-dmv-access-cf-8/download?attachment,pdf,n/a,2/6/18 15:58,7/10/23 10:46,1,2,n/a,Yes,n/a
685fbb78c32907bcdbcb5c8d,https://it.nc.gov/cjleads-audit-request-form-dmv-access-cf-8/open,pdf,n/a,2/6/18 15:58,7/10/23 10:46,1,2,n/a,Yes,n/a
686b203b7401ef7bb82d6a49,https://it.nc.gov/cjleads-audit-request-form-offender-access-cf-9/download?attachment,pdf,n/a,2/6/18 14:53,7/10/23 10:47,1,2,n/a,Yes,n/a
685fbbdfc32907bcdbcb5c94,https://it.nc.gov/cjleads-audit-request-form-offender-access-cf-9/open,pdf,n/a,2/6/18 14:53,7/10/23 10:47,1,2,n/a,Yes,n/a
686b20417401ef7bb82d6a4b,https://it.nc.gov/cjleads-audit-request-form-chp-access-summary-cf-10/download?attachment,pdf,n/a,2/6/18 16:26,7/10/23 10:49,1,2,n/a,Yes,n/a
685fbb73c32907bcdbcb5c8c,https://it.nc.gov/cjleads-audit-request-form-chp-access-summary-cf-10/open,pdf,n/a,2/6/18 16:26,7/10/23 10:49,1,2,n/a,Yes,n/a
686b204c7401ef7bb82d6a4f,https://it.nc.gov/documents/cjleads-audit-request-forms-reporting-misuse-cf-11/download?attachment,pdf,n/a,11/3/22 15:47,7/10/23 10:50,1,3,n/a,Yes,n/a
685fbbefc32907bcdbcb5c97,https://it.nc.gov/documents/cjleads-audit-request-forms-reporting-misuse-cf-11/open,pdf,n/a,11/3/22 15:47,7/10/23 10:50,1,3,n/a,Yes,n/a
686b18067401ef7bb82d682d,https://it.nc.gov/documents/ncid-citizen-id-project-frequently-asked-questions/download?attachment,pdf,n/a,7/20/23 13:47,7/20/23 13:47,14,4,n/a,Yes,n/a
685fbb1bc32907bcdbcb5c7d,https://it.nc.gov/documents/ncid-citizen-id-project-frequently-asked-questions/open,pdf,n/a,7/20/23 13:47,7/20/23 13:47,14,4,n/a,Yes,n/a
6860fe7a6b18002de4d6fc85,https://it.nc.gov/documents/ncdit-citizen-id-project-cutover-prep-web-service-saml-http-proxy-integrations/open,pdf,n/a,7/20/23 14:15,7/20/23 14:15,12,2,n/a,Yes,n/a
6872850488bfb90a859c0667,https://it.nc.gov/documents/ncid-citizen-id-project-cutover-prep-shared-ldap-directory-sync-integrations/download?attachment,pdf,n/a,7/20/23 14:16,7/20/23 14:16,11,2,n/a,Yes,n/a
6860feef6b18002de4d6fc8c,https://it.nc.gov/documents/ncid-citizen-id-project-cutover-prep-shared-ldap-directory-sync-integrations/open,pdf,n/a,7/20/23 14:16,7/20/23 14:16,11,2,n/a,Yes,n/a
6872850488bfb90a859c066b,https://it.nc.gov/documents/ncdit-citizen-id-project-cutover-prep-web-service-saml-http-proxy-integrations/download?attachment,pdf,n/a,n/a,7/20/23 14:25,n/a,n/a,n/a,No,n/a
685f701fc32907bcdbcb514d,https://it.nc.gov/documents/911-board/psap-cybersecurity-tabletop-exercise-presentation/download?attachment,pdf,n/a,7/19/23 17:41,7/20/23 15:45,123,3,1,Yes,n/a
686170969ff1ad15158e1336,https://it.nc.gov/documents/911-board/psap-cybersecurity-tabletop-exercise-presentation/open,pdf,n/a,7/19/23 17:41,7/20/23 15:45,123,3,1,Yes,n/a
685fbb10c32907bcdbcb5c7b,https://it.nc.gov/documents/911-board/nc-911-board-portable-radio-grant-flyer/open,pdf,n/a,7/28/23 12:43,7/31/23 11:21,1,3,n/a,No,n/a
686b1c9c7401ef7bb82d694e,https://it.nc.gov/documents/cybersecurity-newsletters/2023/esrmo-newsletter-august-2023/download?attachment,pdf,n/a,8/2/23 8:10,8/2/23 8:16,8,5,1,Yes,n/a
6860fa306b18002de4d6fc3a,https://it.nc.gov/documents/cybersecurity-newsletters/2023/esrmo-newsletter-august-2023/open,pdf,n/a,8/2/23 8:10,8/2/23 8:16,8,5,1,Yes,n/a
685fc938c32907bcdbcb606f,https://it.nc.gov/documents/gicc/gicc-agenda-aug-2023/open,pdf,n/a,8/3/23 15:26,8/3/23 15:26,2,3,n/a,Yes,n/a
686b18637401ef7bb82d6849,https://it.nc.gov/documents/billing-rates/nc-identity-management-billing-rates-2022-2023/download?attachment,pdf,n/a,8/4/23 9:11,8/4/23 9:11,1,3,n/a,Yes,n/a
68617fc59ff1ad15158e13d7,https://it.nc.gov/documents/billing-rates/nc-identity-management-billing-rates-2022-2023/open,pdf,n/a,8/4/23 9:11,8/4/23 9:11,1,3,n/a,Yes,n/a
686b185d7401ef7bb82d6847,https://it.nc.gov/documents/billing-rates/hosting-services-billing-rates-2022-2023/download?attachment,pdf,n/a,8/9/23 8:02,8/9/23 10:37,1,3,n/a,Yes,n/a
68617f319ff1ad15158e13cb,https://it.nc.gov/documents/billing-rates/hosting-services-billing-rates-2022-2023/open,pdf,n/a,8/9/23 8:02,8/9/23 10:37,1,3,n/a,Yes,n/a
686b1ade7401ef7bb82d68d3,https://it.nc.gov/documents/files/epmo-quality-manual/download?attachment,pdf,n/a,8/10/23 13:50,8/10/23 13:50,13,4,n/a,Yes,n/a
686b150e7401ef7bb82d6761,https://it.nc.gov/documents/files/epmo-quality-manual/open,pdf,n/a,8/10/23 13:50,8/10/23 13:50,13,4,n/a,Yes,n/a
686b17087401ef7bb82d67ec,https://it.nc.gov/documents/files/quality-assurance-process/download?attachment,pdf,n/a,8/10/23 14:02,8/10/23 14:02,4,4,n/a,Yes,n/a
686109756b18002de4d6fd2a,https://it.nc.gov/documents/files/quality-assurance-process/open,pdf,n/a,8/10/23 14:02,8/10/23 14:02,4,4,n/a,Yes,n/a
686b17137401ef7bb82d67ee,https://it.nc.gov/documents/files/quality-control-process/download?attachment,pdf,n/a,8/10/23 14:06,8/10/23 14:06,10,3,n/a,Yes,n/a
686109936b18002de4d6fd2d,https://it.nc.gov/documents/files/quality-control-process/open,pdf,n/a,8/10/23 14:06,8/10/23 14:06,10,3,n/a,Yes,n/a
685fbaf4c32907bcdbcb5c76,https://it.nc.gov/documents/gicc/gicc-goals-23-25/open,pdf,n/a,8/14/23 9:41,8/14/23 9:41,3,3,n/a,No,n/a
686116ad6b18002de4d6fddc,https://it.nc.gov/documents/gicc/gicc-meeting-minutes-may-2023/open,pdf,n/a,8/14/23 9:51,8/14/23 9:51,9,3,n/a,No,n/a
686b16dc7401ef7bb82d67e2,https://it.nc.gov/documents/files/project-management-roles-responsibilities-authorities/download?attachment,pdf,n/a,8/15/23 8:17,8/15/23 8:17,4,4,n/a,Yes,n/a
68607a4d2e8395997daa31c5,https://it.nc.gov/documents/files/project-management-roles-responsibilities-authorities/open,pdf,n/a,8/15/23 8:17,8/15/23 8:17,4,4,n/a,Yes,n/a
6860ddf46b18002de4d6f8d0,https://it.nc.gov/documents/gicc/smac-minutes-july-12-2023/open,pdf,n/a,8/21/23 8:40,8/21/23 8:40,7,4,n/a,Yes,n/a
68615bad9ff1ad15158e121c,https://it.nc.gov/documents/gicc/lgc-agenda-august-2023/open,pdf,n/a,8/22/23 15:58,8/22/23 15:58,2,3,n/a,No,n/a
685fa878c32907bcdbcb59e8,https://it.nc.gov/documents/gicc/august-gicc-committee-reports/open,pdf,n/a,8/22/23 16:28,8/22/23 16:28,3,3,n/a,Yes,n/a
685f7052c32907bcdbcb5158,https://it.nc.gov/documents/911-board/psap-assessment-companion-document/download?attachment,pdf,n/a,8/22/23 18:31,8/22/23 18:31,9,5,n/a,No,n/a
6861999b9ff1ad15158e14ea,https://it.nc.gov/documents/911-board/psap-assessment-companion-document/open,pdf,n/a,8/22/23 18:31,8/22/23 18:31,9,5,n/a,No,n/a
685f8481c32907bcdbcb5402,https://it.nc.gov/documents/procurement/submitting-it-procurement-intake-form/open,pdf,n/a,8/24/23 9:28,8/24/23 9:28,9,2,n/a,Yes,n/a
6872894588bfb90a859c06ee,https://it.nc.gov/documents/public-meetings/nclds-data-governance-committee-meeting-agenda-september-26-2023/download?attachment,pdf,n/a,8/31/23 12:30,8/31/23 12:30,2,4,n/a,Yes,n/a
686140a69ff1ad15158e0fdb,https://it.nc.gov/documents/public-meetings/nclds-data-governance-committee-meeting-agenda-september-26-2023/open,pdf,n/a,8/31/23 12:30,8/31/23 12:30,2,4,n/a,Yes,n/a
6872894588bfb90a859c06e4,https://it.nc.gov/documents/public-meetings/nclds-data-quality-committee-meeting-agenda-september-20-2023/download?attachment,pdf,n/a,8/31/23 14:35,9/1/23 11:08,2,4,n/a,Yes,n/a
686157ea9ff1ad15158e11dc,https://it.nc.gov/documents/public-meetings/nclds-data-quality-committee-meeting-agenda-september-20-2023/open,pdf,n/a,8/31/23 14:35,9/1/23 11:08,2,4,n/a,Yes,n/a
686b17657401ef7bb82d6815,https://it.nc.gov/documents/ncid-guide-application-administrators/download?attachment,pdf,n/a,9/1/23 14:32,9/1/23 14:36,27,4,n/a,Yes,n/a
6860ff4a6b18002de4d6fc91,https://it.nc.gov/documents/ncid-guide-application-administrators/open,pdf,n/a,9/1/23 14:32,9/1/23 14:36,27,4,n/a,Yes,n/a
686b17757401ef7bb82d6819,https://it.nc.gov/documents/ncid-guide-service-desk-staff/download?attachment,pdf,n/a,9/1/23 14:31,9/1/23 14:36,24,3,n/a,Yes,n/a
6860ff9a6b18002de4d6fc96,https://it.nc.gov/documents/ncid-guide-service-desk-staff/open,pdf,n/a,9/1/23 14:31,9/1/23 14:36,24,3,n/a,Yes,n/a
685fadadc32907bcdbcb5a9a,https://it.nc.gov/smac-workplan-fy2324/open,pdf,n/a,9/6/23 10:57,9/6/23 10:57,2,4,n/a,Yes,n/a
686b1c977401ef7bb82d694c,https://it.nc.gov/documents/cybersecurity-newsletters/2023/esrmo-newsletter-september-2023/download?attachment,pdf,n/a,9/6/23 15:30,9/6/23 15:30,8,4,n/a,Yes,n/a
686164379ff1ad15158e128f,https://it.nc.gov/documents/cybersecurity-newsletters/2023/esrmo-newsletter-september-2023/open,pdf,n/a,9/6/23 15:30,9/6/23 15:30,8,4,n/a,Yes,n/a
686b18e27401ef7bb82d6878,https://it.nc.gov/documents/it-contracts/esri-mpa-pricing/open,pdf,n/a,n/a,9/12/23 11:28,50,6,n/a,No,n/a
686bc4647648400b597547d5,https://it.nc.gov/documents/other/it-strategy-board-agenda-sept-15-2023/download?attachment,pdf,n/a,9/12/23 12:02,9/12/23 12:02,1,3,n/a,Yes,n/a
686136a09ff1ad15158e0f01,https://it.nc.gov/documents/other/it-strategy-board-agenda-sept-15-2023/open,pdf,n/a,n/a,9/12/23 12:09,n/a,n/a,n/a,No,n/a
686b17567401ef7bb82d680a,https://it.nc.gov/documents/ncid-user-guide-state-local-government-users/download?attachment,pdf,n/a,9/17/23 15:24,9/17/23 15:25,36,3,n/a,Yes,n/a
6861001c6b18002de4d6fca2,https://it.nc.gov/documents/ncid-user-guide-state-local-government-users/open,pdf,n/a,9/17/23 15:24,9/17/23 15:25,36,3,1,Yes,n/a
686b17717401ef7bb82d6818,https://it.nc.gov/documents/ncid-quick-start-guide-ncdit-service-desk/download?attachment,pdf,n/a,9/17/23 15:29,9/17/23 15:29,26,1,n/a,Yes,n/a
6860ffe06b18002de4d6fc9c,https://it.nc.gov/documents/ncid-quick-start-guide-ncdit-service-desk/open,pdf,n/a,9/17/23 15:29,9/17/23 15:29,26,1,n/a,Yes,n/a
686157fc9ff1ad15158e11de,https://it.nc.gov/documents/gicc/seamless-parcels-fields-november-2023/open,pdf,n/a,9/18/23 16:37,9/18/23 16:37,2,3,n/a,Yes,n/a
686157399ff1ad15158e11cf,https://it.nc.gov/documents/gicc/smac-hydrography-working-group-gap-analysis-and-draft-specifications/open,pdf,n/a,9/19/23 11:40,9/19/23 11:41,46,4,n/a,Yes,n/a
686bc3447648400b597547bd,https://it.nc.gov/documents/procurement/determining-it-project/download?attachment,pdf,n/a,9/21/23 18:31,9/21/23 18:31,12,2,n/a,Yes,n/a
685fb9a0c32907bcdbcb5c59,https://it.nc.gov/documents/procurement/determining-it-project/open,pdf,n/a,9/21/23 18:31,9/21/23 18:31,12,2,n/a,Yes,n/a
686b1c907401ef7bb82d694a,https://it.nc.gov/documents/cybersecurity-newsletters/2023/esrmo-newsletter-october-2023/download?attachment,pdf,n/a,10/2/23 7:15,10/2/23 7:15,7,5,n/a,Yes,n/a
686152ca9ff1ad15158e118a,https://it.nc.gov/documents/cybersecurity-newsletters/2023/esrmo-newsletter-october-2023/open,pdf,n/a,10/2/23 7:15,10/2/23 7:15,7,5,n/a,Yes,n/a
685fbaf0c32907bcdbcb5c75,https://it.nc.gov/documents/cyberstart-america-information-sheet/open,pdf,n/a,2/15/23 19:32,10/2/23 13:47,1,4,n/a,No,n/a
685fb0cfc32907bcdbcb5b19,https://it.nc.gov/documents/cyberstart-america-poster/open,pdf,n/a,10/2/23 14:16,10/2/23 14:16,1,3,n/a,No,n/a
6860988d6b18002de4d6f0a5,https://it.nc.gov/documents/cyberstart-america-recruitment-email-template/open,pdf,n/a,10/25/21 5:06,10/2/23 16:15,1,2,n/a,Yes,n/a
685f7095c32907bcdbcb5161,https://it.nc.gov/documents/911-board/fy2024-fy2025-portable-radio-grant-timeline/download?attachment,pdf,n/a,10/4/23 9:32,10/4/23 9:32,1,4,n/a,No,n/a
68616c699ff1ad15158e1302,https://it.nc.gov/documents/911-board/fy2024-fy2025-portable-radio-grant-timeline/open,pdf,n/a,10/4/23 9:32,10/4/23 9:32,1,4,n/a,No,n/a
685fb411c32907bcdbcb5b9f,https://it.nc.gov/documents/gicc/agenda-oct-11-2023/open,pdf,n/a,10/11/23 10:19,10/11/23 10:19,1,1,n/a,Yes,n/a
685f6f60c32907bcdbcb511f,https://it.nc.gov/documents/911-board/911-telecommunicators-resolution-carteret-county/download?attachment,pdf,n/a,10/17/23 15:16,10/19/23 10:33,1,2,n/a,No,n/a
686144e79ff1ad15158e1024,https://it.nc.gov/documents/911-board/911-telecommunicators-resolution-carteret-county/open,pdf,n/a,10/17/23 15:16,10/19/23 10:33,1,2,n/a,No,n/a
686157f29ff1ad15158e11dd,https://it.nc.gov/documents/nclds-governance-board-meeting-agenda-november-21-2023/open,pdf,n/a,10/20/23 14:48,10/20/23 14:49,1,2,n/a,Yes,n/a
68610d5e6b18002de4d6fd70,https://it.nc.gov/documents/gicc/hydrography-gap-analysis-unfunded-needs-november-2023/open,pdf,n/a,10/24/23 14:11,10/24/23 14:11,8,4,n/a,No,n/a
685fc88dc32907bcdbcb604c,https://it.nc.gov/documents/gicc/draft-august-2023-gicc-meeting-minutes/open,pdf,n/a,10/26/23 11:13,10/26/23 11:13,5,5,n/a,Yes,n/a
686143ed9ff1ad15158e100f,https://it.nc.gov/documents/gicc/gicc-quarterly-meeting-minutes-november-2023/open,pdf,n/a,10/26/23 11:13,10/26/23 11:13,5,5,n/a,Yes,n/a
686116636b18002de4d6fdd8,https://it.nc.gov/documents/gicc/gicc-agenda-nov-1-2023/open,pdf,n/a,10/26/23 11:14,10/26/23 11:14,2,3,n/a,Yes,n/a
686b1c8a7401ef7bb82d6947,https://it.nc.gov/documents/cybersecurity-newsletters/2023/esrmo-newsletter-november-2023/download?attachment,pdf,n/a,11/2/23 11:03,11/2/23 11:03,7,3,n/a,Yes,n/a
686152a79ff1ad15158e1186,https://it.nc.gov/documents/cybersecurity-newsletters/2023/esrmo-newsletter-november-2023/open,pdf,n/a,11/2/23 11:03,11/2/23 11:03,7,3,n/a,Yes,n/a
686bc3557648400b597547bf,https://it.nc.gov/documents/procurement/it-procurement-dashboard-training/open,pdf,n/a,11/8/23 13:17,11/8/23 13:17,21,3,n/a,Yes,n/a
68613e689ff1ad15158e0fa3,https://it.nc.gov/documents/files/enterprise-collaboration-services-service-level-agreement/open,pdf,n/a,11/8/23 15:06,11/8/23 15:21,21,5,1,Yes,n/a
6860dc266b18002de4d6f863,https://it.nc.gov/documents/gicc/minutes-oct-11-2023/open,pdf,n/a,11/8/23 15:42,11/8/23 15:42,5,3,n/a,Yes,n/a
685fa85ac32907bcdbcb59e3,https://it.nc.gov/documents/gicc/addressnc-update-oct-11-2023/open,pdf,n/a,11/8/23 15:44,11/8/23 15:44,5,2,n/a,Yes,n/a
685fb41dc32907bcdbcb5ba1,https://it.nc.gov/documents/gicc/building-footprints-oct-11-2023/open,pdf,n/a,11/8/23 15:44,11/8/23 15:44,1,1,n/a,Yes,n/a
6860dc546b18002de4d6f866,https://it.nc.gov/documents/gicc/parcel-update-oct-11-2023/open,pdf,n/a,11/8/23 15:44,11/8/23 15:44,6,1,n/a,Yes,n/a
685fb873c32907bcdbcb5c2e,https://it.nc.gov/documents/gicc/county-boundaries-oct-11-2023/open,pdf,n/a,11/8/23 15:44,11/8/23 15:45,3,2,n/a,Yes,n/a
685fc904c32907bcdbcb6067,https://it.nc.gov/documents/gicc/geodetic-control-oct-11-2023/open,pdf,n/a,11/8/23 15:45,11/8/23 15:45,7,2,n/a,Yes,n/a
6860dc3a6b18002de4d6f864,https://it.nc.gov/documents/gicc/lidar-oct-11-2023/open,pdf,n/a,11/8/23 15:45,11/8/23 15:45,2,2,n/a,Yes,n/a
6860dc436b18002de4d6f865,https://it.nc.gov/documents/gicc/ortho-program-update-oct-11-2023/open,pdf,n/a,11/8/23 15:45,11/8/23 15:45,7,2,n/a,Yes,n/a
686b15137401ef7bb82d6768,https://it.nc.gov/documents/other/notice-funding-opportunity-expanding-mobile-broadband-firstnet/download?attachment,pdf,n/a,11/9/23 10:43,11/15/23 10:30,4,4,n/a,No,n/a
685fb184c32907bcdbcb5b2c,https://it.nc.gov/documents/other/notice-funding-opportunity-expanding-mobile-broadband-firstnet/open,pdf,n/a,11/9/23 10:43,11/15/23 10:30,4,4,n/a,No,n/a
685f6f2bc32907bcdbcb5114,https://it.nc.gov/documents/files/signing-out-webex-resolve-issues/download?attachment,pdf,n/a,12/4/23 14:22,12/4/23 14:22,2,2,n/a,Yes,n/a
6861623c9ff1ad15158e127c,https://it.nc.gov/documents/files/signing-out-webex-resolve-issues/open,pdf,n/a,12/4/23 14:22,12/4/23 14:22,2,2,n/a,Yes,n/a
686b1c7d7401ef7bb82d6945,https://it.nc.gov/documents/cybersecurity-newsletters/2023/esrmo-newsletter-december-2023/download?attachment,pdf,n/a,12/11/23 9:07,12/11/23 9:07,6,5,n/a,Yes,n/a
6860fa866b18002de4d6fc41,https://it.nc.gov/documents/cybersecurity-newsletters/2023/esrmo-newsletter-december-2023/open,pdf,n/a,12/11/23 9:07,12/11/23 9:07,6,5,n/a,Yes,n/a
686b18337401ef7bb82d6839,https://it.nc.gov/documents/center-geographic-information-analysis-billing-rates-2023-2024/download?attachment,pdf,n/a,12/11/23 12:24,12/11/23 12:24,1,2,n/a,No,n/a
6860882a6b18002de4d6ed95,https://it.nc.gov/documents/center-geographic-information-analysis-billing-rates-2023-2024/open,pdf,n/a,12/11/23 12:24,12/11/23 12:24,1,2,n/a,No,n/a
686b18317401ef7bb82d6838,https://it.nc.gov/documents/enterprise-directory-services-billing-rates-2023-2024/download?attachment,pdf,n/a,12/11/23 12:30,12/11/23 12:30,1,2,n/a,No,n/a
686174e29ff1ad15158e136c,https://it.nc.gov/documents/enterprise-directory-services-billing-rates-2023-2024/open,pdf,n/a,12/11/23 12:30,12/11/23 12:30,1,2,n/a,No,n/a
686b18377401ef7bb82d683b,https://it.nc.gov/documents/hosting-services-billing-rates-2023-2024/download?attachment,pdf,n/a,12/11/23 12:34,12/11/23 12:34,2,3,n/a,No,n/a
68617f3d9ff1ad15158e13cc,https://it.nc.gov/documents/hosting-services-billing-rates-2023-2024/open,pdf,n/a,12/11/23 12:34,12/11/23 12:34,2,3,n/a,No,n/a
686b18407401ef7bb82d683d,https://it.nc.gov/documents/nc-identity-management-billing-rates-2023-2024/download?attachment,pdf,n/a,12/11/23 12:40,12/11/23 12:40,1,2,n/a,No,n/a
68617fcd9ff1ad15158e13d8,https://it.nc.gov/documents/nc-identity-management-billing-rates-2023-2024/open,pdf,n/a,12/11/23 12:40,12/11/23 12:40,1,2,n/a,No,n/a
686bc45b7648400b597547d4,https://it.nc.gov/documents/it-strategy-board-agenda-dec-15-2023/download?attachment,pdf,n/a,12/12/23 7:23,12/12/23 7:23,1,2,n/a,Yes,n/a
6860f4f46b18002de4d6fbcb,https://it.nc.gov/documents/it-strategy-board-agenda-dec-15-2023/open,pdf,n/a,12/12/23 7:23,12/12/23 7:23,1,2,n/a,Yes,n/a
686b18497401ef7bb82d6840,https://it.nc.gov/documents/billing-rates/wan-service-sample-rates/download?attachment,pdf,n/a,12/12/23 8:41,12/12/23 8:41,1,2,n/a,No,n/a
686186e89ff1ad15158e1424,https://it.nc.gov/documents/billing-rates/wan-service-sample-rates/open,pdf,n/a,12/12/23 8:41,12/12/23 8:41,1,2,n/a,No,n/a
6872894588bfb90a859c06f3,https://it.nc.gov/documents/nclds-data-governance-committee-meeting-agenda-january-9-2024/download?attachment,pdf,n/a,12/13/23 16:47,12/13/23 16:47,1,2,n/a,Yes,n/a
686140749ff1ad15158e0fd5,https://it.nc.gov/documents/nclds-data-governance-committee-meeting-agenda-january-9-2024/open,pdf,n/a,12/13/23 16:47,12/13/23 16:47,1,2,n/a,Yes,n/a
686140ac9ff1ad15158e0fdc,https://it.nc.gov/documents/nclds-data-quality-committee-meeting-agenda-january-10-2024/open,pdf,n/a,12/13/23 16:47,12/13/23 16:47,1,2,n/a,Yes,n/a
686b184b7401ef7bb82d6841,https://it.nc.gov/documents/voice-services-billing-rates-2023-2024/download?attachment,pdf,n/a,12/20/23 12:57,12/20/23 12:57,3,3,n/a,No,n/a
686186d79ff1ad15158e1422,https://it.nc.gov/documents/voice-services-billing-rates-2023-2024/open,pdf,n/a,12/20/23 12:57,12/20/23 12:57,3,3,n/a,No,n/a
686bc3247648400b597547b9,https://it.nc.gov/documents/continuity-operations-planning-executive-order/download?attachment,pdf,n/a,12/21/23 15:45,12/21/23 22:10,2,6,n/a,No,n/a
686bc3377648400b597547bb,https://it.nc.gov/documents/continuity-operations-planning-executive-order/open,pdf,n/a,12/21/23 15:45,12/21/23 22:10,2,6,n/a,No,n/a
685fc8bec32907bcdbcb6058,https://it.nc.gov/documents/gicc/esri-training-course-descriptions/open,pdf,n/a,1/5/24 13:29,1/5/24 13:29,8,3,n/a,Yes,n/a
686b1c797401ef7bb82d6943,https://it.nc.gov/documents/cybersecurity-newsletters/2024/esrmo-newsletter-january-2024/download?attachment,pdf,n/a,1/8/24 11:16,1/8/24 11:16,6,5,n/a,Yes,n/a
686137c89ff1ad15158e0f28,https://it.nc.gov/documents/cybersecurity-newsletters/2024/esrmo-newsletter-january-2024/open,pdf,n/a,1/8/24 11:16,1/8/24 11:16,6,5,n/a,Yes,n/a
6860dbc96b18002de4d6f85b,https://it.nc.gov/documents/gicc/smac-agenda-jan-10-2024/open,pdf,n/a,1/10/24 8:01,1/10/24 8:01,1,1,n/a,Yes,n/a
685fc887c32907bcdbcb604b,https://it.nc.gov/documents/gicc/digital-hydrography-jan-10-2024/open,pdf,n/a,1/10/24 13:08,1/10/24 13:08,22,2,n/a,Yes,n/a
6860dc0e6b18002de4d6f861,https://it.nc.gov/documents/gicc/parcel-update-jan-10-2024/open,pdf,n/a,1/10/24 14:06,1/10/24 14:06,4,1,n/a,Yes,n/a
685fa853c32907bcdbcb59e2,https://it.nc.gov/documents/gicc/addressnc-update-jan-10-2024/open,pdf,n/a,1/10/24 14:07,1/10/24 14:07,7,2,n/a,Yes,n/a
685fa898c32907bcdbcb59ed,https://it.nc.gov/documents/gicc/building-footprints-jan-10-2024/open,pdf,n/a,1/10/24 14:07,1/10/24 14:07,2,1,n/a,Yes,n/a
685fb436c32907bcdbcb5ba5,https://it.nc.gov/documents/gicc/county-boundaries-jan-10-2024/open,pdf,n/a,1/10/24 14:07,1/10/24 14:07,3,2,n/a,Yes,n/a
685fc8f9c32907bcdbcb6066,https://it.nc.gov/documents/gicc/geodetic-control-jan-10-2024/open,pdf,n/a,1/10/24 14:08,1/10/24 14:08,8,2,n/a,Yes,n/a
6860dbe36b18002de4d6f85d,https://it.nc.gov/documents/gicc/landcover-update-jan-10-2024/open,pdf,n/a,1/10/24 14:08,1/10/24 14:08,16,2,n/a,Yes,n/a
6860dbeb6b18002de4d6f85e,https://it.nc.gov/documents/gicc/lidar-jan-10-2024/open,pdf,n/a,1/10/24 14:08,1/10/24 14:08,3,2,n/a,Yes,n/a
6860dbf56b18002de4d6f85f,https://it.nc.gov/documents/gicc/ortho-program-update-jan-10-2024/open,pdf,n/a,1/10/24 14:09,1/10/24 14:09,7,3,n/a,Yes,n/a
686b18437401ef7bb82d683e,https://it.nc.gov/documents/network-security-services-billing-rates-2023-2024/download?attachment,pdf,n/a,1/22/24 15:05,1/22/24 15:05,1,2,n/a,No,n/a
68617ff19ff1ad15158e13da,https://it.nc.gov/documents/network-security-services-billing-rates-2023-2024/open,pdf,n/a,1/22/24 15:05,1/22/24 15:05,1,2,n/a,No,n/a
685f709ac32907bcdbcb5163,https://it.nc.gov/documents/911-board/2024-state-911-plan/download?attachment,pdf,n/a,12/28/23 17:17,1/26/24 9:41,50,5,n/a,No,n/a
685fa840c32907bcdbcb59df,https://it.nc.gov/documents/911-board/2024-state-911-plan/open,pdf,n/a,12/28/23 17:17,1/26/24 9:41,50,5,n/a,No,n/a
686b182c7401ef7bb82d6837,https://it.nc.gov/documents/client-computing-billing-rates-2023-2024/download?attachment,pdf,n/a,1/26/24 10:56,1/30/24 12:07,1,2,n/a,No,n/a
686174809ff1ad15158e1364,https://it.nc.gov/documents/client-computing-billing-rates-2023-2024/open,pdf,n/a,1/26/24 10:56,1/30/24 12:07,1,2,n/a,No,n/a
686b18457401ef7bb82d683f,https://it.nc.gov/documents/network-services-billing-rates-2023-2024/download?attachment,pdf,n/a,1/31/24 11:18,1/31/24 11:18,2,3,n/a,No,n/a
686186089ff1ad15158e141d,https://it.nc.gov/documents/network-services-billing-rates-2023-2024/open,pdf,n/a,1/31/24 11:18,1/31/24 11:18,2,3,n/a,No,n/a
686b183b7401ef7bb82d683c,https://it.nc.gov/documents/it-business-application-billing-rates-2023-2024/download?attachment,pdf,n/a,2/1/24 16:03,2/1/24 16:03,1,2,n/a,No,n/a
68617f6d9ff1ad15158e13d0,https://it.nc.gov/documents/it-business-application-billing-rates-2023-2024/open,pdf,n/a,2/1/24 16:03,2/1/24 16:03,1,2,n/a,No,n/a
686b18c77401ef7bb82d686f,https://it.nc.gov/documents/files/nc-apple-naspo-participating-addendum-agreement-23003/open,pdf,n/a,n/a,2/2/24 9:40,11,6,n/a,No,n/a
6860dba96b18002de4d6f854,https://it.nc.gov/documents/gicc/gicc-agenda-feb-14-2024/open,pdf,n/a,2/5/24 16:43,2/5/24 16:43,2,4,n/a,Yes,n/a
686b1c727401ef7bb82d6940,https://it.nc.gov/documents/cybersecurity-newsletters/2024/esrmo-newsletter-february-2024/download?attachment,pdf,n/a,2/8/24 7:55,2/8/24 7:55,7,4,n/a,Yes,n/a
686137b09ff1ad15158e0f22,https://it.nc.gov/documents/cybersecurity-newsletters/2024/esrmo-newsletter-february-2024/open,pdf,n/a,2/8/24 7:55,2/8/24 7:55,7,4,n/a,Yes,n/a
686b17267401ef7bb82d67f2,https://it.nc.gov/documents/2022-2023-annual-report/download?attachment,pdf,n/a,2/8/24 15:17,2/8/24 15:32,32,4,n/a,Yes,n/a
685f8310c32907bcdbcb53e3,https://it.nc.gov/documents/2022-2023-annual-report/open,pdf,n/a,2/8/24 15:17,2/8/24 15:32,32,4,n/a,Yes,n/a
685fd677c32907bcdbcb61d7,https://it.nc.gov/documents/gicc/gicc-geospatial-maturity-assessment-results-presentation/open,pdf,n/a,2/15/24 15:49,2/15/24 15:49,21,4,n/a,Yes,n/a
685fd6adc32907bcdbcb61e2,https://it.nc.gov/documents/gicc/gicc-lidar-business-plan-presentation/open,pdf,n/a,2/15/24 15:50,2/15/24 15:50,5,2,n/a,Yes,n/a
685fd6a1c32907bcdbcb61dc,https://it.nc.gov/documents/gicc/gicc-landcover-update-presentation/open,pdf,n/a,2/15/24 15:51,2/15/24 15:51,20,3,n/a,Yes,n/a
685fd66bc32907bcdbcb61d6,https://it.nc.gov/documents/gicc/gicc-broadband-mapping-presentation/open,pdf,n/a,2/15/24 15:53,2/15/24 15:53,15,2,n/a,Yes,n/a
686b14697401ef7bb82d671e,https://it.nc.gov/documents/netplus-end-user-access-instructions/open,pdf,n/a,2/19/24 14:34,2/19/24 14:34,16,3,n/a,Yes,n/a
685f703ec32907bcdbcb5154,https://it.nc.gov/documents/911-board/funding-distribution-procedure-public-safety-answering-points-psap/download?attachment,pdf,n/a,10/23/23 14:13,2/23/24 10:01,1,4,n/a,No,n/a
685fb12bc32907bcdbcb5b20,https://it.nc.gov/documents/911-board/funding-distribution-procedure-public-safety-answering-points-psap/open,pdf,n/a,10/23/23 14:13,2/23/24 10:01,1,4,n/a,No,n/a
685f701bc32907bcdbcb514c,https://it.nc.gov/documents/911-board/firstnet-wireless-redundant-solution-highlights/download?attachment,pdf,n/a,2/5/24 8:59,2/23/24 12:22,1,4,n/a,No,n/a
685fb0edc32907bcdbcb5b1c,https://it.nc.gov/documents/911-board/firstnet-wireless-redundant-solution-highlights/open,pdf,n/a,2/5/24 8:59,2/23/24 12:22,1,4,n/a,No,n/a
685f7012c32907bcdbcb5149,https://it.nc.gov/documents/911-board/firstnet-wireless-redundant-solution-overview/download?attachment,pdf,n/a,2/5/24 8:58,2/23/24 12:23,3,5,n/a,No,n/a
685fb124c32907bcdbcb5b1f,https://it.nc.gov/documents/911-board/firstnet-wireless-redundant-solution-overview/open,pdf,n/a,2/5/24 8:58,2/23/24 12:23,3,5,n/a,No,n/a
686140989ff1ad15158e0fd9,https://it.nc.gov/documents/nclds-data-governance-committee-meeting-agenda-march-13-2024/open,pdf,n/a,2/29/24 12:46,2/29/24 12:46,1,2,n/a,Yes,n/a
686157dd9ff1ad15158e11da,https://it.nc.gov/documents/nclds-data-quality-committee-meeting-agenda-march-20-2024/open,pdf,n/a,2/29/24 12:49,2/29/24 12:49,1,2,n/a,Yes,n/a
6872894588bfb90a859c06e3,https://it.nc.gov/documents/nclds-data-quality-committee-meeting-agenda-march-20-2024/download?attachment,pdf,n/a,n/a,2/29/24 14:56,n/a,n/a,n/a,No,n/a
6872894588bfb90a859c06e0,https://it.nc.gov/documents/nclds-data-governance-committee-meeting-agenda-march-13-2024/download?attachment,pdf,n/a,n/a,2/29/24 14:58,n/a,n/a,n/a,No,n/a
686b1c6a7401ef7bb82d693f,https://it.nc.gov/documents/cybersecurity-newsletters/2024/esrmo-newsletter-march-2024/download?attachment,pdf,n/a,3/4/24 13:26,3/4/24 13:26,6,4,n/a,No,n/a
6861525a9ff1ad15158e117b,https://it.nc.gov/documents/cybersecurity-newsletters/2024/esrmo-newsletter-march-2024/open,pdf,n/a,n/a,3/4/24 16:34,n/a,n/a,n/a,No,n/a
686b12537401ef7bb82d669b,https://it.nc.gov/documents/procurement/it-procurement-process-playbook-training-guide/download?attachment,pdf,n/a,3/8/24 17:02,3/8/24 17:02,62,6,n/a,Yes,n/a
686156229ff1ad15158e11b9,https://it.nc.gov/documents/procurement/it-procurement-process-playbook-training-guide/open,pdf,n/a,3/8/24 17:02,3/8/24 17:02,62,6,n/a,Yes,n/a
686bc4537648400b597547d3,https://it.nc.gov/documents/it-strategy-board-agenda-march-15-2024/download?attachment,pdf,n/a,3/11/24 13:55,3/11/24 13:55,1,2,n/a,Yes,n/a
6860f5836b18002de4d6fbdd,https://it.nc.gov/documents/it-strategy-board-agenda-march-15-2024/open,pdf,n/a,3/11/24 13:55,3/11/24 13:55,1,2,n/a,Yes,n/a
686b15187401ef7bb82d6769,https://it.nc.gov/documents/ncdit-firsttech-strategic-plan-2024/download?attachment,pdf,n/a,3/19/24 9:41,3/19/24 9:41,4,6,1,No,n/a
686b151b7401ef7bb82d676a,https://it.nc.gov/documents/ncdit-firsttech-annual-review-2023/download?attachment,pdf,n/a,3/19/24 9:46,3/19/24 9:46,4,6,n/a,No,n/a
6860dbba6b18002de4d6f855,https://it.nc.gov/documents/gicc/gicc-minutes-feb-14-2024/open,pdf,n/a,3/22/24 9:38,3/22/24 9:38,7,4,n/a,Yes,n/a
686b1a8b7401ef7bb82d68bf,https://it.nc.gov/documents/contract-725t-sip-trunking-services/open,pdf,n/a,3/21/24 12:34,3/22/24 12:07,4,4,n/a,Yes,n/a
6860dbd26b18002de4d6f85c,https://it.nc.gov/documents/gicc/smac-minutes-jan-10-2024/open,pdf,n/a,3/25/24 11:16,3/25/24 11:16,9,5,n/a,Yes,n/a
6860db446b18002de4d6f839,https://it.nc.gov/smac-agenda-apr-10-2024/open,pdf,n/a,4/4/24 9:47,4/4/24 9:47,1,2,n/a,Yes,n/a
686bc59e7648400b597547fe,https://it.nc.gov/documents/other/nclds-advisory-board-meeting-agenda-may-9-2024/download?attachment,pdf,n/a,4/5/24 10:21,4/5/24 10:21,1,2,n/a,Yes,n/a
686140629ff1ad15158e0fd2,https://it.nc.gov/documents/other/nclds-advisory-board-meeting-agenda-may-9-2024/open,pdf,n/a,4/5/24 10:21,4/5/24 10:21,1,2,n/a,Yes,n/a
6860db556b18002de4d6f83b,https://it.nc.gov/documents/gicc/smac-building-footprints-apr-10-2024/open,pdf,n/a,4/11/24 7:48,4/11/24 7:48,2,1,n/a,Yes,n/a
6860db696b18002de4d6f83c,https://it.nc.gov/documents/gicc/smac-county-boundaries-apr-10-2024/open,pdf,n/a,4/11/24 7:48,4/11/24 7:48,3,2,n/a,Yes,n/a
6860db736b18002de4d6f845,https://it.nc.gov/documents/gicc/smac-geodetic-control-apr-10-2024/open,pdf,n/a,4/11/24 7:49,4/11/24 7:49,6,2,n/a,Yes,n/a
6860db7b6b18002de4d6f847,https://it.nc.gov/smac-lidar-apr-10-2024/open,pdf,n/a,4/11/24 7:49,4/11/24 7:49,3,2,n/a,Yes,n/a
6860db8b6b18002de4d6f848,https://it.nc.gov/documents/gicc/smac-ortho-program-apr-10-2024/open,pdf,n/a,4/11/24 7:49,4/11/24 7:50,8,3,n/a,Yes,n/a
6860dba16b18002de4d6f852,https://it.nc.gov/documents/gicc/smac-parcels-apr-10-2024/open,pdf,n/a,4/11/24 7:50,4/11/24 7:50,5,1,n/a,Yes,n/a
686b1c647401ef7bb82d693d,https://it.nc.gov/documents/cybersecurity-newsletters/2024/esrmo-newsletter-april-2024/download?attachment,pdf,n/a,4/11/24 14:53,4/11/24 14:53,6,4,n/a,Yes,n/a
6860f8d46b18002de4d6fc2c,https://it.nc.gov/documents/cybersecurity-newsletters/2024/esrmo-newsletter-april-2024/open,pdf,n/a,4/11/24 14:53,4/11/24 14:53,6,4,n/a,Yes,n/a
684616cbc76df18721355d50,https://it.nc.gov/documents/911-board/911-telecommunicators-resolution-caldwell-county/open,pdf,n/a,4/9/24 10:20,4/17/24 9:02,1,4,n/a,No,n/a
6860db166b18002de4d6f831,https://it.nc.gov/documents/gicc/gicc-agenda-may-08-2024/open,pdf,n/a,4/25/24 12:07,4/25/24 12:07,2,3,n/a,Yes,n/a
686b17ff7401ef7bb82d682b,https://it.nc.gov/documents/ncid-citizen-id-project-simeio-saml-solution-mfa-town-hall-faqs/download?attachment,pdf,n/a,5/2/24 15:48,5/2/24 15:48,4,5,n/a,Yes,n/a
6860fea06b18002de4d6fc87,https://it.nc.gov/documents/ncid-citizen-id-project-simeio-saml-solution-mfa-town-hall-faqs/open,pdf,n/a,5/2/24 15:48,5/2/24 15:48,4,5,n/a,Yes,n/a
686b17fb7401ef7bb82d682a,https://it.nc.gov/documents/ncid-citizen-id-project-simeio-saml-solution-mfa-town-hall-slide-deck/download?attachment,pdf,n/a,5/2/24 15:49,5/2/24 15:49,12,3,n/a,Yes,n/a
6860fedb6b18002de4d6fc8b,https://it.nc.gov/documents/ncid-citizen-id-project-simeio-saml-solution-mfa-town-hall-slide-deck/open,pdf,n/a,5/2/24 15:49,5/2/24 15:49,12,3,n/a,Yes,n/a
6860db4c6b18002de4d6f83a,https://it.nc.gov/documents/gicc/smac-minutes-apr-10-2024/open,pdf,n/a,5/2/24 16:23,5/2/24 16:23,7,4,n/a,Yes,n/a
686b1c5d7401ef7bb82d693b,https://it.nc.gov/documents/cybersecurity-newsletters/2024/esrmo-newsletter-may-2024/download?attachment,pdf,n/a,5/8/24 8:13,5/8/24 8:13,7,3,1,Yes,n/a
686152839ff1ad15158e1180,https://it.nc.gov/documents/cybersecurity-newsletters/2024/esrmo-newsletter-may-2024/open,pdf,n/a,5/8/24 8:13,5/8/24 8:13,7,3,1,Yes,n/a
685fb42bc32907bcdbcb5ba4,https://it.nc.gov/documents/gicc/census-address-maintenance/open,pdf,n/a,5/8/24 8:54,5/8/24 8:54,18,4,n/a,No,n/a
6860db2d6b18002de4d6f832,https://it.nc.gov/documents/gicc/national-spatial-data-infrastructure-and-north-carolina/open,pdf,n/a,5/8/24 8:57,5/8/24 8:57,37,4,n/a,No,n/a
686bc5507648400b597547f4,https://it.nc.gov/documents/gicc/2022-2023-gicc-annual-report/open,pdf,n/a,5/10/24 11:05,5/10/24 11:06,38,3,n/a,Yes,n/a
685fb98cc32907bcdbcb5c55,https://it.nc.gov/documents/create-beautiful-sharepoint-sites/open,pdf,n/a,5/16/24 16:44,5/16/24 16:44,21,3,n/a,Yes,n/a
686123896b18002de4d6fed6,https://it.nc.gov/documents/innovation-drive-human-productivity/open,pdf,n/a,5/16/24 16:45,5/16/24 16:45,14,2,n/a,Yes,n/a
686123a86b18002de4d6fedc,https://it.nc.gov/documents/level-your-excel-power-automate/open,pdf,n/a,5/16/24 16:45,5/16/24 16:45,18,2,2,Yes,n/a
685fb964c32907bcdbcb5c4f,https://it.nc.gov/documents/basics-power-bi-desktop-power-bi-service/open,pdf,n/a,n/a,5/16/24 16:47,25,2,n/a,Yes,n/a
686125c36b18002de4d6ff0e,https://it.nc.gov/documents/teams-beginner-user/open,pdf,n/a,n/a,5/16/24 16:47,32,2,n/a,Yes,n/a
685fb933c32907bcdbcb5c46,https://it.nc.gov/documents/accessdeq-permitting-transformation-program/open,pdf,n/a,5/16/24 16:57,5/16/24 16:57,20,3,n/a,Yes,n/a
6860db0d6b18002de4d6f830,https://it.nc.gov/documents/public-meetings/gicc/lgc-late-spring-meeting-agenda-2024/open,pdf,n/a,5/29/24 15:45,5/29/24 15:45,2,3,n/a,No,n/a
685f70f1c32907bcdbcb517a,https://it.nc.gov/seat-count-policy/download?attachment,pdf,n/a,5/29/24 12:21,5/30/24 11:49,2,5,n/a,No,n/a
686b1c577401ef7bb82d6939,https://it.nc.gov/documents/cybersecurity-newsletters/esrmo-newsletter-june-2024/download?attachment,pdf,n/a,6/4/24 11:56,6/4/24 11:56,5,5,n/a,Yes,n/a
6861523a9ff1ad15158e1177,https://it.nc.gov/documents/cybersecurity-newsletters/esrmo-newsletter-june-2024/open,pdf,n/a,6/4/24 11:56,6/4/24 11:56,5,5,n/a,Yes,n/a
6860dc196b18002de4d6f862,https://it.nc.gov/landcover-update-report-20240110/open,pdf,n/a,6/4/24 12:17,6/4/24 12:17,6,3,n/a,No,n/a
686bc58d7648400b597547fc,https://it.nc.gov/documents/public-meetings/nclds-data-quality-committee-meeting-agenda-june-26-2024/download?attachment,pdf,n/a,6/5/24 8:18,6/5/24 8:18,1,2,n/a,Yes,n/a
686157d39ff1ad15158e11d9,https://it.nc.gov/documents/public-meetings/nclds-data-quality-committee-meeting-agenda-june-26-2024/open,pdf,n/a,6/5/24 8:18,6/5/24 8:18,1,2,n/a,Yes,n/a
686bc5967648400b597547fd,https://it.nc.gov/documents/other/nclds-data-governance-committee-meeting-agenda-june-19-2024/download?attachment,pdf,n/a,6/5/24 8:19,6/5/24 8:19,1,2,n/a,Yes,n/a
686140949ff1ad15158e0fd8,https://it.nc.gov/documents/other/nclds-data-governance-committee-meeting-agenda-june-19-2024/open,pdf,n/a,6/5/24 8:19,6/5/24 8:19,1,2,n/a,Yes,n/a
686bc44a7648400b597547d2,https://it.nc.gov/documents/it-strategy-board-agenda-june-21-2024/download?attachment,pdf,n/a,6/18/24 8:42,6/18/24 8:42,1,2,n/a,Yes,n/a
6860f5716b18002de4d6fbd9,https://it.nc.gov/documents/it-strategy-board-agenda-june-21-2024/open,pdf,n/a,6/18/24 8:42,6/18/24 8:42,1,2,n/a,Yes,n/a
685f70dec32907bcdbcb5172,https://it.nc.gov/documents/911-board/implemental-functions-standard-maximum-allowable-procedure-psaps/download?attachment,pdf,n/a,4/19/24 12:55,6/21/24 11:38,1,4,n/a,No,n/a
6861469d9ff1ad15158e1047,https://it.nc.gov/documents/911-board/implemental-functions-standard-maximum-allowable-procedure-psaps/open,pdf,n/a,4/19/24 12:55,6/21/24 11:38,1,4,n/a,No,n/a
686b1c4c7401ef7bb82d6937,https://it.nc.gov/documents/cybersecurity-newsletters/2024/esrmo-newsletter-july-2024/download?attachment,pdf,n/a,7/1/24 8:47,7/1/24 8:47,6,4,n/a,Yes,n/a
686137e39ff1ad15158e0f2e,https://it.nc.gov/documents/cybersecurity-newsletters/2024/esrmo-newsletter-july-2024/open,pdf,n/a,7/1/24 8:47,7/1/24 8:47,6,4,n/a,Yes,n/a
6860daf06b18002de4d6f82b,https://it.nc.gov/smac-agenda-jul-10-2024/open,pdf,n/a,7/3/24 10:52,7/3/24 10:52,1,2,n/a,Yes,n/a
686b180d7401ef7bb82d682f,https://it.nc.gov/documents/enterprise-directory-2024-2025-rates/download?attachment,pdf,n/a,3/14/24 15:26,7/8/24 14:29,1,2,n/a,No,n/a
686174ac9ff1ad15158e1368,https://it.nc.gov/documents/enterprise-directory-2024-2025-rates/open,pdf,n/a,3/14/24 15:26,7/8/24 14:29,1,2,n/a,No,n/a
686b18117401ef7bb82d6830,https://it.nc.gov/documents/geographic-information-system-2024-2025-rates/download?attachment,pdf,n/a,3/14/24 16:03,7/8/24 14:29,1,2,n/a,No,n/a
686174f29ff1ad15158e136d,https://it.nc.gov/documents/geographic-information-system-2024-2025-rates/open,pdf,n/a,3/14/24 16:03,7/8/24 14:29,1,2,n/a,No,n/a
686b18157401ef7bb82d6831,https://it.nc.gov/documents/hosting-services-2024-2025-rates/download?attachment,pdf,n/a,3/14/24 15:29,7/8/24 14:29,2,3,n/a,No,n/a
68617f099ff1ad15158e13c8,https://it.nc.gov/documents/hosting-services-2024-2025-rates/open,pdf,n/a,3/14/24 15:29,7/8/24 14:29,2,3,n/a,No,n/a
686b181e7401ef7bb82d6833,https://it.nc.gov/documents/nc-identity-management-2024-2025-rates/download?attachment,pdf,n/a,3/14/24 15:55,7/8/24 14:29,1,2,n/a,No,n/a
68617f9b9ff1ad15158e13d4,https://it.nc.gov/documents/nc-identity-management-2024-2025-rates/open,pdf,n/a,3/14/24 15:55,7/8/24 14:29,1,2,n/a,No,n/a
686b18207401ef7bb82d6834,https://it.nc.gov/documents/network-security-2024-2025-rates/download?attachment,pdf,n/a,3/14/24 15:18,7/8/24 14:29,1,2,n/a,No,n/a
68617fe59ff1ad15158e13d9,https://it.nc.gov/documents/network-security-2024-2025-rates/open,pdf,n/a,3/14/24 15:18,7/8/24 14:29,1,2,n/a,No,n/a
686b18257401ef7bb82d6835,https://it.nc.gov/documents/network-services-2024-2025-rates/download?attachment,pdf,n/a,3/14/24 15:56,7/8/24 14:29,2,3,n/a,No,n/a
686185df9ff1ad15158e1419,https://it.nc.gov/documents/network-services-2024-2025-rates/open,pdf,n/a,3/14/24 15:56,7/8/24 14:29,2,3,n/a,No,n/a
685f700bc32907bcdbcb5148,https://it.nc.gov/documents/911-board/nc-911-legislation-gs-143b-1400-1416/download?attachment,pdf,n/a,7/9/24 14:35,7/10/24 9:17,29,2,n/a,Yes,n/a
68839b5f7589602f3afbfb68,https://it.nc.gov/documents/911-board/nc-911-legislation-gs-143b-1400-1416/open,pdf,n/a,7/9/24 14:35,7/10/24 9:17,29,2,n/a,Yes,n/a
686b14ff7401ef7bb82d675d,https://it.nc.gov/documents/government-data-analytics-center-legislative-report-2023/download?attachment,pdf,n/a,7/15/24 10:42,7/15/24 10:44,33,3,n/a,Yes,n/a
68610ad96b18002de4d6fd45,https://it.nc.gov/documents/government-data-analytics-center-legislative-report-2023/open,pdf,n/a,7/15/24 10:42,7/15/24 10:44,33,3,n/a,Yes,n/a
686b1c427401ef7bb82d6935,https://it.nc.gov/documents/cybersecurity-newsletters/2024/esrmo-newsletter-august-2024/download?attachment,pdf,n/a,8/2/24 13:58,8/2/24 13:58,6,4,n/a,No,n/a
6860fa4b6b18002de4d6fc3b,https://it.nc.gov/documents/cybersecurity-newsletters/2024/esrmo-newsletter-august-2024/open,pdf,n/a,8/2/24 13:58,8/2/24 13:58,6,4,n/a,No,n/a
685fb416c32907bcdbcb5ba0,https://it.nc.gov/documents/gicc/august-2024-gicc-quarterly-meeting-agenda/open,pdf,n/a,8/16/24 14:15,8/16/24 14:15,2,4,n/a,Yes,n/a
6860dae76b18002de4d6f82a,https://it.nc.gov/documents/gicc/lgc-quarterly-meeting-agenda-sept-2024/open,pdf,n/a,8/30/24 10:27,8/30/24 10:27,2,5,n/a,Yes,n/a
686b180a7401ef7bb82d682e,https://it.nc.gov/documents/client-computing-2024-2025-rates/download?attachment,pdf,n/a,9/4/24 7:02,9/4/24 7:02,1,2,n/a,Yes,n/a
6861744f9ff1ad15158e1360,https://it.nc.gov/documents/client-computing-2024-2025-rates/open,pdf,n/a,9/4/24 7:02,9/4/24 7:02,1,2,n/a,Yes,n/a
686b1c3b7401ef7bb82d6934,https://it.nc.gov/documents/cybersecurity-newsletters/2024/esrmo-newsletter-september-2024/download?attachment,pdf,n/a,9/4/24 8:39,9/4/24 8:39,5,4,n/a,Yes,n/a
686164489ff1ad15158e1290,https://it.nc.gov/documents/cybersecurity-newsletters/2024/esrmo-newsletter-september-2024/open,pdf,n/a,n/a,9/4/24 8:41,n/a,n/a,n/a,No,n/a
686bc57e7648400b597547fa,https://it.nc.gov/documents/nclds-data-governance-committee-meeting-agenda-september-25-2024/download?attachment,pdf,n/a,9/13/24 13:37,9/13/24 13:37,1,2,n/a,Yes,n/a
686168cf9ff1ad15158e12d2,https://it.nc.gov/documents/nclds-data-governance-committee-meeting-agenda-september-25-2024/open,pdf,n/a,9/13/24 13:37,9/13/24 13:37,1,2,n/a,Yes,n/a
686bc5767648400b597547f9,https://it.nc.gov/documents/nclds-data-quality-committee-meeting-agenda-september-26-2024/download?attachment,pdf,n/a,9/13/24 13:37,9/13/24 13:37,1,2,n/a,Yes,n/a
686168e39ff1ad15158e12d4,https://it.nc.gov/documents/nclds-data-quality-committee-meeting-agenda-september-26-2024/open,pdf,n/a,9/13/24 13:37,9/13/24 13:37,1,2,n/a,Yes,n/a
6860db036b18002de4d6f82c,https://it.nc.gov/smac-minutes-jul-10-2024/open,pdf,n/a,9/23/24 8:47,9/23/24 8:47,9,4,n/a,Yes,n/a
686bc5877648400b597547fb,https://it.nc.gov/documents/public-meetings/nclds-data-use-convening-meeting-agenda-september-5-2024/download?attachment,pdf,n/a,10/2/24 16:52,10/2/24 16:52,4,4,n/a,Yes,n/a
686168b89ff1ad15158e12d0,https://it.nc.gov/documents/public-meetings/nclds-data-use-convening-meeting-agenda-september-5-2024/open,pdf,n/a,10/2/24 16:52,10/2/24 16:52,4,4,n/a,Yes,n/a
686b17697401ef7bb82d6816,https://it.nc.gov/documents/getting-started-delegated-ncid-administrators/download?attachment,pdf,n/a,10/4/24 14:12,10/4/24 14:12,5,4,n/a,Yes,n/a
6860fe5d6b18002de4d6fc83,https://it.nc.gov/documents/getting-started-delegated-ncid-administrators/open,pdf,n/a,10/4/24 14:12,10/4/24 14:12,5,4,n/a,Yes,n/a
686b1c387401ef7bb82d6931,https://it.nc.gov/documents/cybersecurity-newsletters/2024/esrmo-newsletter-october-2024/download?attachment,pdf,n/a,10/4/24 15:05,10/4/24 15:05,7,5,n/a,Yes,n/a
686152ce9ff1ad15158e118b,https://it.nc.gov/documents/cybersecurity-newsletters/2024/esrmo-newsletter-october-2024/open,pdf,n/a,10/4/24 15:05,10/4/24 15:05,7,5,n/a,Yes,n/a
6860dac96b18002de4d6f825,https://it.nc.gov/documents/gicc/smac-agenda-oct-09-2024/open,pdf,n/a,10/7/24 11:14,10/7/24 11:14,1,2,n/a,Yes,n/a
686bc56c7648400b597547f8,https://it.nc.gov/documents/public-meetings/nclds-advisory-board-meeting-agenda-november-19-2024/download?attachment,pdf,n/a,10/10/24 7:39,10/10/24 7:39,1,2,n/a,Yes,n/a
686140689ff1ad15158e0fd3,https://it.nc.gov/documents/public-meetings/nclds-advisory-board-meeting-agenda-november-19-2024/open,pdf,n/a,10/10/24 7:39,10/10/24 7:39,1,2,n/a,Yes,n/a
686b15fd7401ef7bb82d6793,https://it.nc.gov/documents/microsoft-365-agency-requirements-email-collaboration-services-policy/download?attachment,pdf,n/a,10/15/24 9:10,10/15/24 9:10,8,7,1,Yes,n/a
68615f609ff1ad15158e1252,https://it.nc.gov/documents/microsoft-365-agency-requirements-email-collaboration-services-policy/open,pdf,n/a,10/15/24 9:10,10/15/24 9:10,8,7,1,Yes,n/a
686b18db7401ef7bb82d6876,https://it.nc.gov/documents/files/208m-endpoint-reseller-price-list/open,pdf,n/a,2/13/24 17:19,10/16/24 13:18,17,2,n/a,Yes,n/a
686bc4437648400b597547d1,https://it.nc.gov/documents/it-strategy-board-agenda-oct-30-2024/download?attachment,pdf,n/a,9/13/24 11:20,10/22/24 16:15,1,3,n/a,No,n/a
6861369d9ff1ad15158e0f00,https://it.nc.gov/documents/it-strategy-board-agenda-oct-30-2024/open,pdf,n/a,9/13/24 11:20,10/22/24 16:15,1,3,n/a,No,n/a
685f70c4c32907bcdbcb516c,https://it.nc.gov/documents/911-board/funding-review-procedure-nc-911-board/download?attachment,pdf,n/a,10/8/24 17:54,10/25/24 11:02,2,5,n/a,No,n/a
685fd9e1c32907bcdbcb622c,https://it.nc.gov/documents/911-board/funding-review-procedure-nc-911-board/open,pdf,n/a,10/8/24 17:54,10/25/24 11:02,2,5,n/a,No,n/a
68f31010ece8c5851f95bc28,https://it.nc.gov/documents/digital-commons-service-level-agreement/open,pdf,n/a,10/29/24 13:50,10/29/24 13:52,18,4,n/a,Yes,n/a
686b1a927401ef7bb82d68c0,https://it.nc.gov/documents/files/contract-7215a-structured-cabling-services/open,pdf,n/a,11/1/24 10:06,11/1/24 10:39,3,4,n/a,Yes,n/a
686146599ff1ad15158e1041,https://it.nc.gov/documents/911-board/emergency-medical-dispatch-and-telecommunicator-minimum-training-policy/open,pdf,n/a,11/1/24 13:07,11/1/24 13:07,1,4,n/a,No,n/a
686142469ff1ad15158e0ff3,https://it.nc.gov/documents/gicc/draft-august-2024-gicc-meeting-minutes/open,pdf,n/a,11/1/24 13:15,11/1/24 13:15,10,4,n/a,No,n/a
686143e49ff1ad15158e100e,https://it.nc.gov/documents/gicc/gicc-november-2024-agenda/open,pdf,n/a,11/1/24 13:17,11/1/24 13:17,2,4,n/a,No,n/a
686b1c2d7401ef7bb82d692f,https://it.nc.gov/documents/cybersecurity-newsletters/2024/esrmo-newsletter-november-2024/download?attachment,pdf,n/a,11/4/24 10:11,11/4/24 10:11,7,5,n/a,Yes,n/a
6860f3a16b18002de4d6fb9d,https://it.nc.gov/documents/cybersecurity-newsletters/2024/esrmo-newsletter-november-2024/open,pdf,n/a,11/4/24 10:11,11/4/24 10:11,7,5,n/a,Yes,n/a
685f70bec32907bcdbcb516a,https://it.nc.gov/documents/911-board/emergency-medical-dispatch-and-telecommunicator-minimum-training-policy/download?attachment,pdf,n/a,n/a,11/4/24 11:21,n/a,n/a,n/a,No,n/a
68616c1a9ff1ad15158e12fe,https://it.nc.gov/documents/gicc/sguc-2024-fall-general-meeting/open,pdf,n/a,11/5/24 8:42,11/5/24 8:42,1,3,n/a,Yes,n/a
68607a732e8395997daa31d4,https://it.nc.gov/documents/statewide-business-architecture-capabilities/download?attachment,pdf,n/a,11/12/24 11:20,11/12/24 11:20,22,3,n/a,Yes,n/a
685fada0c32907bcdbcb5a98,https://it.nc.gov/documents/gicc/2024-25-smac-work-plan/open,pdf,n/a,11/14/24 13:27,11/14/24 13:27,2,4,n/a,Yes,n/a
68610a966b18002de4d6fd42,https://it.nc.gov/documents/gicc/gicc-lidar-business-plan/open,pdf,n/a,11/15/24 8:40,11/15/24 8:40,68,4,n/a,No,n/a
685fb2c4c32907bcdbcb5b4d,https://it.nc.gov/documents/chatbot-service-overview/open,pdf,n/a,11/22/24 14:32,11/22/24 14:32,12,3,n/a,Yes,n/a
685fb2b0c32907bcdbcb5b4a,https://it.nc.gov/documents/digital-accessibility-regulations-standards/open,pdf,n/a,11/22/24 14:32,11/22/24 14:33,38,5,1,Yes,n/a
685fb2aac32907bcdbcb5b48,https://it.nc.gov/documents/modernizing-legacy-fishery-databases-generative-ai/open,pdf,n/a,11/22/24 14:33,11/22/24 14:33,24,4,n/a,Yes,n/a
686125de6b18002de4d6ff0f,https://it.nc.gov/documents/web-application-firewall-service-overview/open,pdf,n/a,11/22/24 14:34,11/22/24 14:34,6,4,n/a,Yes,n/a
685fb2b5c32907bcdbcb5b4b,https://it.nc.gov/documents/framing-accessibility-journey/open,pdf,n/a,n/a,11/22/24 14:37,20,2,n/a,Yes,n/a
685fb2bbc32907bcdbcb5b4c,https://it.nc.gov/documents/website-quality-assurance-accessibility-overview/open,pdf,n/a,11/22/24 14:34,11/22/24 14:39,11,2,n/a,Yes,n/a
6860da8f6b18002de4d6f81d,https://it.nc.gov/documents/gicc/local-government-committee-2024-fall-agenda/open,pdf,n/a,11/25/24 10:15,11/25/24 10:15,2,4,n/a,No,n/a
686b16027401ef7bb82d6794,https://it.nc.gov/documents/direct-inward-dialed-number-telephony-policy/download?attachment,pdf,n/a,11/25/24 13:12,11/25/24 13:12,6,7,n/a,Yes,n/a
6861464d9ff1ad15158e1040,https://it.nc.gov/documents/direct-inward-dialed-number-telephony-policy/open,pdf,n/a,11/25/24 13:12,11/25/24 13:12,6,7,n/a,Yes,n/a
6861554e9ff1ad15158e11ad,https://it.nc.gov/documents/open-budget/explore-state-budget-report-help-documentation/open,pdf,n/a,11/26/24 13:29,11/26/24 13:29,13,3,n/a,Yes,n/a
686123656b18002de4d6fed5,https://it.nc.gov/documents/digital-accessibility-checklist-printable/open,pdf,n/a,12/5/24 10:21,12/5/24 10:21,8,4,n/a,Yes,n/a
685fb911c32907bcdbcb5c40,https://it.nc.gov/documents/a11y-cop-kickoff/open,pdf,n/a,12/5/24 11:18,12/5/24 11:18,14,3,n/a,Yes,n/a
685fd61ec32907bcdbcb61c7,https://it.nc.gov/documents/document-accessibility/open,pdf,n/a,12/5/24 11:19,12/5/24 11:20,21,2,n/a,Yes,n/a
685fb949c32907bcdbcb5c4a,https://it.nc.gov/documents/accessibility-testing/open,pdf,n/a,12/5/24 11:20,12/5/24 11:21,33,3,n/a,Yes,n/a
685fb94fc32907bcdbcb5c4b,https://it.nc.gov/documents/accessible-language/open,pdf,n/a,12/5/24 11:22,12/5/24 11:22,73,2,n/a,Yes,n/a
685fd625c32907bcdbcb61cb,https://it.nc.gov/documents/doj-deep-dive-part-1/open,pdf,n/a,12/5/24 11:23,12/5/24 11:23,53,3,n/a,Yes,n/a
685fd62cc32907bcdbcb61cc,https://it.nc.gov/documents/doj-deep-dive-part-2/open,pdf,n/a,12/5/24 11:24,12/5/24 11:24,44,3,1,Yes,n/a
685fb95dc32907bcdbcb5c4e,https://it.nc.gov/documents/assistive-technologies-all-around-us/open,pdf,n/a,12/5/24 11:25,12/5/24 11:25,36,4,n/a,Yes,n/a
685fd659c32907bcdbcb61d2,https://it.nc.gov/documents/exploring-assistive-technologies/open,pdf,n/a,12/5/24 11:27,12/5/24 11:27,14,3,n/a,Yes,n/a
686123446b18002de4d6fed1,https://it.nc.gov/documents/got-images-you-need-alt-text/open,pdf,n/a,12/5/24 11:28,12/5/24 11:28,46,2,n/a,Yes,n/a
686123516b18002de4d6fed2,https://it.nc.gov/documents/making-your-pdf-accessible-basics/open,pdf,n/a,12/5/24 11:28,12/5/24 11:29,47,5,n/a,Yes,n/a
685fb9a7c32907bcdbcb5c5a,https://it.nc.gov/documents/digital-accessibility-roadmap-2024-year-review/open,pdf,n/a,12/5/24 11:29,12/5/24 11:30,43,5,n/a,Yes,n/a
686b1c267401ef7bb82d692e,https://it.nc.gov/documents/cybersecurity-newsletters/2024/esrmo-newsletter-december-2024/download?attachment,pdf,n/a,12/6/24 9:15,12/6/24 9:18,7,4,n/a,Yes,n/a
6860f3976b18002de4d6fb9b,https://it.nc.gov/documents/cybersecurity-newsletters/2024/esrmo-newsletter-december-2024/open,pdf,n/a,12/6/24 9:15,12/6/24 9:18,7,4,n/a,Yes,n/a
6860dad86b18002de4d6f828,https://it.nc.gov/documents/gicc/smac-minutes-oct-09-2024/open,pdf,n/a,12/9/24 11:46,12/9/24 11:46,7,5,n/a,Yes,n/a
686b19007401ef7bb82d6881,https://it.nc.gov/documents/procurement/naspo-pitney-bowes-master-agreement-ctr058808/open,pdf,n/a,n/a,12/9/24 15:55,296,7,1,No,n/a
686bc2c77648400b597547ae,https://it.nc.gov/documents/digital-accessibility-planning/open,pdf,n/a,12/12/24 15:51,12/12/24 15:51,8,5,n/a,Yes,n/a
6860da7e6b18002de4d6f817,https://it.nc.gov/documents/gicc/gicc-mo-winter-quarterly-meeting-agenda/open,pdf,n/a,12/13/24 13:52,12/13/24 13:52,1,3,n/a,No,n/a
686bc4397648400b597547d0,https://it.nc.gov/documents/it-strategy-board-agenda-dec-20-2024/download?attachment,pdf,n/a,12/16/24 10:19,12/16/24 12:00,1,3,n/a,No,n/a
6860f5126b18002de4d6fbd0,https://it.nc.gov/documents/it-strategy-board-agenda-dec-20-2024/open,pdf,n/a,12/16/24 10:19,12/16/24 12:00,1,3,n/a,No,n/a
686b173f7401ef7bb82d67fa,https://it.nc.gov/documents/language-access-plan/download?attachment,pdf,n/a,n/a,12/17/24 13:52,55,5,1,No,n/a
686b17427401ef7bb82d67fb,https://it.nc.gov/documents/language-access-plan/open,pdf,n/a,n/a,12/17/24 13:52,55,5,1,No,n/a
6860daa66b18002de4d6f81e,https://it.nc.gov/documents/gicc/lgc-gis-disclaimer-examples/open,pdf,n/a,12/17/24 14:18,12/17/24 14:18,5,3,1,Yes,n/a
6860da206b18002de4d6f806,https://it.nc.gov/documents/gicc/agenda/open,pdf,n/a,12/18/24 8:25,12/18/24 8:25,1,4,n/a,Yes,n/a
686b17207401ef7bb82d67f1,https://it.nc.gov/documents/2023-2024-annual-report/download?attachment,pdf,n/a,12/20/24 14:01,12/20/24 14:01,54,4,n/a,Yes,n/a
685fa834c32907bcdbcb59dd,https://it.nc.gov/documents/2023-2024-annual-report/open,pdf,n/a,n/a,12/20/24 14:05,n/a,n/a,n/a,No,n/a
685f708ec32907bcdbcb5160,https://it.nc.gov/documents/911-board/fy2026-psap-grant-cycle-timeline-tentative/download?attachment,pdf,n/a,11/7/24 12:58,12/30/24 13:24,1,4,n/a,No,n/a
68616c769ff1ad15158e1303,https://it.nc.gov/documents/911-board/fy2026-psap-grant-cycle-timeline-tentative/open,pdf,n/a,11/7/24 12:58,12/30/24 13:24,1,4,n/a,No,n/a
685fc90bc32907bcdbcb6069,https://it.nc.gov/documents/gicc/geodetic-control-update/open,pdf,n/a,1/7/25 14:22,1/7/25 14:22,7,2,n/a,Yes,n/a
6860da586b18002de4d6f810,https://it.nc.gov/documents/gicc/parcels-update/open,pdf,n/a,1/8/25 18:12,1/8/25 18:12,1,2,n/a,Yes,n/a
685fb401c32907bcdbcb5b9c,https://it.nc.gov/documents/gicc/addressnc-update/open,pdf,n/a,1/9/25 8:05,1/9/25 8:05,5,2,n/a,Yes,n/a
6860da496b18002de4d6f80e,https://it.nc.gov/documents/gicc/ortho-program-update/open,pdf,n/a,1/9/25 8:05,1/9/25 8:05,7,4,n/a,Yes,n/a
685fb427c32907bcdbcb5ba3,https://it.nc.gov/documents/gicc/building-footprints-update/open,pdf,n/a,1/9/25 8:06,1/9/25 8:06,1,1,n/a,Yes,n/a
685fb988c32907bcdbcb5c54,https://it.nc.gov/documents/gicc/county-boundaries-update/open,pdf,n/a,1/9/25 8:06,1/9/25 8:06,1,1,n/a,Yes,n/a
6860da326b18002de4d6f80b,https://it.nc.gov/documents/gicc/lidar-update/open,pdf,n/a,1/9/25 8:06,1/9/25 8:06,3,2,n/a,Yes,n/a
686b11c67401ef7bb82d664b,https://it.nc.gov/documents/digital-accessibility-usability-standard/download?attachment,pdf,n/a,1/16/25 8:26,1/16/25 8:26,14,7,n/a,Yes,n/a
686bc2cd7648400b597547af,https://it.nc.gov/documents/digital-accessibility-usability-standard/open,pdf,n/a,1/16/25 8:26,1/16/25 8:26,14,7,1,Yes,n/a
6860d9df6b18002de4d6f7f7,https://it.nc.gov/documents/gicc/sgucfic-joint-meeting-agenda-02062025/open,pdf,n/a,1/22/25 11:11,1/22/25 11:11,1,3,n/a,Yes,n/a
686bc4317648400b597547cf,https://it.nc.gov/documents/it-strategy-board-agenda-jan-31-2025/download?attachment,pdf,n/a,1/29/25 8:56,1/29/25 9:16,1,2,n/a,Yes,n/a
6860f52e6b18002de4d6fbd2,https://it.nc.gov/documents/it-strategy-board-agenda-jan-31-2025/open,pdf,n/a,1/29/25 8:56,1/29/25 9:16,1,2,n/a,Yes,n/a
6861232e6b18002de4d6fed0,https://it.nc.gov/new-look-better-experience-website-redesign-and-accessibility-improvements/open,pdf,n/a,1/29/25 11:22,1/29/25 11:47,29,2,n/a,Yes,n/a
6860da296b18002de4d6f80a,https://it.nc.gov/documents/gicc/minutes/open,pdf,n/a,2/4/25 8:44,2/4/25 8:44,8,5,n/a,Yes,n/a
68613e7c9ff1ad15158e0fa5,https://it.nc.gov/documents/software-quality-security-testing-services-service-level-agreement/open,pdf,n/a,2/5/25 10:50,2/5/25 10:50,8,4,n/a,Yes,n/a
686b162c7401ef7bb82d67a0,https://it.nc.gov/documents/policies/high-risk-applications-policy/download?attachment,pdf,n/a,2/6/25 11:18,2/6/25 12:02,6,7,n/a,Yes,n/a
6861467f9ff1ad15158e1045,https://it.nc.gov/documents/policies/high-risk-applications-policy/open,pdf,n/a,2/6/25 11:18,2/6/25 12:02,6,7,n/a,Yes,n/a
6860da0a6b18002de4d6f804,https://it.nc.gov/documents/public-meetings/sguc-and-fic-2025-joint-meeting-nasa-presentation/open,pdf,n/a,2/6/25 14:30,2/6/25 14:30,21,4,n/a,Yes,n/a
685f7182c32907bcdbcb519c,https://it.nc.gov/documents/911-board/nc-911-board-monthly-dispatch-february-2025/download?attachment,pdf,n/a,2/6/25 15:18,2/6/25 15:18,23,4,n/a,Yes,n/a
68618d509ff1ad15158e145e,https://it.nc.gov/documents/911-board/nc-911-board-monthly-dispatch-february-2025/open,pdf,n/a,2/6/25 15:18,2/6/25 15:18,23,4,n/a,Yes,n/a
6860d9fa6b18002de4d6f803,https://it.nc.gov/documents/public-meetings/sguc-and-fic-2025-joint-meeting-noaa-presentation/open,pdf,n/a,2/7/25 12:35,2/7/25 12:35,20,1,n/a,Yes,n/a
6860d9e96b18002de4d6f802,https://it.nc.gov/documents/public-meetings/sguc-and-fic-2025-joint-meeting-fema-presentation/open,pdf,n/a,2/7/25 17:30,2/7/25 17:30,11,3,n/a,No,n/a
686b17f57401ef7bb82d6828,https://it.nc.gov/documents/ncid-citizen-id-project-simeio-saml-idp-certificate-renewal-slide-deck/download?attachment,pdf,n/a,2/11/25 19:09,2/11/25 19:09,7,2,n/a,Yes,n/a
6860fe936b18002de4d6fc86,https://it.nc.gov/documents/ncid-citizen-id-project-simeio-saml-idp-certificate-renewal-slide-deck/open,pdf,n/a,2/11/25 19:09,2/11/25 19:09,7,2,n/a,Yes,n/a
686b1c1f7401ef7bb82d692a,https://it.nc.gov/documents/cybersecurity-newsletters/esrmo-newsletter-february-2025/open,pdf,n/a,2/13/25 13:48,2/13/25 15:00,4,4,n/a,Yes,n/a
68613efc9ff1ad15158e0fb1,https://it.nc.gov/documents/gicc/nc-hydrography-specifications-and-recommendations/open,pdf,n/a,2/20/25 15:55,2/20/25 15:55,46,4,n/a,No,n/a
686bc5697648400b597547f7,https://it.nc.gov/documents/public-meetings/nclds-data-governance-committee-meeting-agenda-march-11-2025/download?attachment,pdf,n/a,2/24/25 14:09,2/24/25 14:09,1,2,n/a,Yes,n/a
686168c69ff1ad15158e12d1,https://it.nc.gov/documents/public-meetings/nclds-data-governance-committee-meeting-agenda-march-11-2025/open,pdf,n/a,2/24/25 14:09,2/24/25 14:09,1,2,n/a,Yes,n/a
686bc5627648400b597547f6,https://it.nc.gov/documents/public-meetings/nclds-data-quality-committee-meeting-agenda-march-19-2025/download?attachment,pdf,n/a,2/24/25 14:12,2/24/25 14:12,1,2,n/a,Yes,n/a
686168d99ff1ad15158e12d3,https://it.nc.gov/documents/public-meetings/nclds-data-quality-committee-meeting-agenda-march-19-2025/open,pdf,n/a,2/24/25 14:12,2/24/25 14:12,1,2,n/a,Yes,n/a
686b16067401ef7bb82d6796,https://it.nc.gov/documents/copilot-microsoft-365-policy/open,pdf,n/a,2/26/25 8:22,2/26/25 8:22,5,7,n/a,Yes,n/a
685fb978c32907bcdbcb5c52,https://it.nc.gov/documents/considerations-ai-and-other-non-traditional-digital-experiences/open,pdf,n/a,3/3/25 10:32,3/3/25 10:32,16,2,n/a,Yes,n/a
685fb3edc32907bcdbcb5b99,https://it.nc.gov/documents/gicc/2025-spring-lgc-meeting-agenda/open,pdf,n/a,3/3/25 14:28,3/3/25 14:28,2,4,n/a,No,n/a
686b18287401ef7bb82d6836,https://it.nc.gov/documents/voice-services-2024-2025-rates/download?attachment,pdf,n/a,3/5/25 8:09,3/5/25 8:09,3,4,n/a,Yes,n/a
686186149ff1ad15158e141e,https://it.nc.gov/documents/voice-services-2024-2025-rates/open,pdf,n/a,3/5/25 8:09,3/5/25 8:09,3,4,n/a,Yes,n/a
685f6f7bc32907bcdbcb5124,https://it.nc.gov/documents/911-board/911-telecommunicators-resolution-currituck-county/download?attachment,pdf,n/a,2/18/25 15:39,3/5/25 12:53,2,5,n/a,No,n/a
686145019ff1ad15158e1028,https://it.nc.gov/documents/911-board/911-telecommunicators-resolution-currituck-county/open,pdf,n/a,2/18/25 15:39,3/5/25 12:53,2,5,n/a,No,n/a
6860d9ab6b18002de4d6f7ed,https://it.nc.gov/documents/gicc/draft-november-2024-gicc-meeting-minutes/open,pdf,n/a,3/11/25 14:03,3/11/25 14:03,12,3,n/a,Yes,n/a
6860d9ba6b18002de4d6f7f4,https://it.nc.gov/documents/gicc/gicc-march-2025-agenda/open,pdf,n/a,3/11/25 14:11,3/11/25 14:11,2,4,n/a,Yes,n/a
686b18fd7401ef7bb82d6880,https://it.nc.gov/documents/procurement/4410a-web-summary/open,pdf,n/a,3/11/25 15:25,3/11/25 15:25,6,4,n/a,Yes,n/a
686b146d7401ef7bb82d671f,https://it.nc.gov/documents/it-contracts/it-supplemental-staffing-provider-list/download?attachment,pdf,n/a,3/18/25 16:37,3/19/25 9:22,9,4,n/a,Yes,n/a
686b1c187401ef7bb82d6929,https://it.nc.gov/documents/cybersecurenc/esrmo-newsletter-march-2025/download?attachment,pdf,n/a,3/21/25 12:39,3/21/25 12:39,3,4,n/a,Yes,n/a
686152609ff1ad15158e117c,https://it.nc.gov/documents/cybersecurenc/esrmo-newsletter-march-2025/open,pdf,n/a,3/21/25 12:39,3/21/25 12:39,3,4,n/a,Yes,n/a
686b16147401ef7bb82d679a,https://it.nc.gov/documents/applicationdata-integration-standard/download?attachment,pdf,n/a,3/25/25 8:21,3/25/25 8:21,7,7,n/a,Yes,n/a
686105ee6b18002de4d6fcff,https://it.nc.gov/documents/applicationdata-integration-standard/open,pdf,n/a,3/25/25 8:21,3/25/25 8:21,7,7,n/a,Yes,n/a
686b16407401ef7bb82d67a6,https://it.nc.gov/documents/statewide-glossary-information-technology-terms-version-updates/download?attachment,pdf,n/a,3/26/25 15:38,3/26/25 15:38,2,4,n/a,Yes,n/a
685fb228c32907bcdbcb5b35,https://it.nc.gov/documents/statewide-glossary-information-technology-terms-version-updates/open,pdf,n/a,3/26/25 15:38,3/26/25 15:38,2,4,n/a,Yes,n/a
686b163c7401ef7bb82d67a4,https://it.nc.gov/documents/statewide-glossary-information-technology-terms/download?attachment,pdf,n/a,3/26/25 15:41,3/26/25 15:41,78,6,2,Yes,n/a
6861552b9ff1ad15158e11ab,https://it.nc.gov/documents/statewide-glossary-information-technology-terms/open,pdf,n/a,3/26/25 15:41,3/26/25 15:41,78,6,2,Yes,n/a
6860d9c26b18002de4d6f7f5,https://it.nc.gov/documents/gicc/gicc-bylaws-2025-update-0/open,pdf,n/a,3/27/25 11:28,3/27/25 11:28,12,3,n/a,Yes,n/a
686b1b607401ef7bb82d68f3,https://it.nc.gov/documents/statewide-policies/statewide-information-security-manual-policies/download?attachment,pdf,n/a,3/26/25 10:42,3/31/25 10:56,237,7,1,No,n/a
686b16247401ef7bb82d679e,https://it.nc.gov/documents/statewide-policies/statewide-information-security-manual-revisions/download?attachment,pdf,n/a,3/31/25 11:02,3/31/25 11:02,2,4,n/a,No,n/a
686b1b687401ef7bb82d68f4,https://it.nc.gov/documents/statewide-policies/scio-security-awareness-training/download?attachment,pdf,n/a,n/a,4/1/25 1:53,6,2,n/a,Yes,n/a
686170119ff1ad15158e132e,https://it.nc.gov/documents/statewide-policies/scio-security-awareness-training/open,pdf,n/a,n/a,4/1/25 1:53,6,2,n/a,Yes,n/a
686b1b6e7401ef7bb82d68f7,https://it.nc.gov/documents/statewide-policies/scio-personnel-security/download?attachment,pdf,n/a,n/a,4/1/25 1:55,6,2,n/a,Yes,n/a
68615fe69ff1ad15158e1260,https://it.nc.gov/documents/statewide-policies/scio-personnel-security/open,pdf,n/a,n/a,4/1/25 1:55,6,2,n/a,Yes,n/a
686b1b727401ef7bb82d68f9,https://it.nc.gov/documents/statewide-policies/scio-access-control/download?attachment,pdf,n/a,n/a,4/1/25 1:57,23,3,n/a,Yes,n/a
68615faa9ff1ad15158e1259,https://it.nc.gov/documents/statewide-policies/scio-access-control/open,pdf,n/a,n/a,4/1/25 1:57,23,3,n/a,Yes,n/a
686b1b7d7401ef7bb82d68fb,https://it.nc.gov/documents/statewide-policies/scio-identification-and-authentication/download?attachment,pdf,n/a,n/a,4/1/25 1:59,12,3,n/a,Yes,n/a
68615fc89ff1ad15158e125c,https://it.nc.gov/documents/statewide-policies/scio-identification-and-authentication/open,pdf,n/a,n/a,4/1/25 1:59,12,3,n/a,Yes,n/a
686b1b847401ef7bb82d6900,https://it.nc.gov/documents/statewide-policies/scio-physical-and-environmental-protection/download?attachment,pdf,n/a,n/a,4/1/25 2:01,12,2,n/a,Yes,n/a
68615fef9ff1ad15158e1261,https://it.nc.gov/documents/statewide-policies/scio-physical-and-environmental-protection/open,pdf,n/a,n/a,4/1/25 2:01,12,2,n/a,Yes,n/a
686b1b887401ef7bb82d6902,https://it.nc.gov/documents/statewide-policies/scio-configuration-management/download?attachment,pdf,n/a,n/a,4/1/25 2:03,15,3,n/a,Yes,n/a
68615fbf9ff1ad15158e125b,https://it.nc.gov/documents/statewide-policies/scio-configuration-management/open,pdf,n/a,n/a,4/1/25 2:03,15,3,n/a,Yes,n/a
686b1b947401ef7bb82d6904,https://it.nc.gov/documents/statewide-policies/scio-maintenance/download?attachment,pdf,n/a,n/a,4/1/25 2:04,11,3,n/a,Yes,n/a
68615fd29ff1ad15158e125e,https://it.nc.gov/documents/statewide-policies/scio-maintenance/open,pdf,n/a,n/a,4/1/25 2:04,11,3,n/a,Yes,n/a
686b1b9f7401ef7bb82d6906,https://it.nc.gov/documents/statewide-policies/scio-system-and-communications-protection/download?attachment,pdf,n/a,n/a,4/1/25 2:05,21,3,n/a,Yes,n/a
686170279ff1ad15158e1331,https://it.nc.gov/documents/statewide-policies/scio-system-and-communications-protection/open,pdf,n/a,n/a,4/1/25 2:05,21,3,n/a,Yes,n/a
686b1ba67401ef7bb82d6909,https://it.nc.gov/documents/statewide-policies/scio-system-and-information-integrity/download?attachment,pdf,n/a,n/a,4/1/25 2:06,13,3,n/a,Yes,n/a
6861703e9ff1ad15158e1332,https://it.nc.gov/documents/statewide-policies/scio-system-and-information-integrity/open,pdf,n/a,n/a,4/1/25 2:06,13,3,n/a,Yes,n/a
686b1bab7401ef7bb82d690b,https://it.nc.gov/documents/statewide-policies/scio-audit-accountability/download?attachment,pdf,n/a,n/a,4/1/25 2:11,10,3,n/a,Yes,n/a
68615faf9ff1ad15158e125a,https://it.nc.gov/documents/statewide-policies/scio-audit-accountability/open,pdf,n/a,n/a,4/1/25 2:11,10,3,n/a,Yes,n/a
686b1bbc7401ef7bb82d690e,https://it.nc.gov/documents/statewide-policies/scio-risk-assessment/download?attachment,pdf,n/a,n/a,4/1/25 2:12,21,4,n/a,Yes,n/a
68616ff19ff1ad15158e132c,https://it.nc.gov/documents/statewide-policies/scio-risk-assessment/open,pdf,n/a,n/a,4/1/25 2:12,21,4,n/a,Yes,n/a
686b1bb27401ef7bb82d690c,https://it.nc.gov/documents/statewide-policies/scio-security-assessment-authorization/download?attachment,pdf,n/a,n/a,4/1/25 2:12,11,2,n/a,Yes,n/a
68616ffa9ff1ad15158e132d,https://it.nc.gov/documents/statewide-policies/scio-security-assessment-authorization/open,pdf,n/a,n/a,4/1/25 2:12,11,2,n/a,Yes,n/a
686b1bbf7401ef7bb82d6911,https://it.nc.gov/documents/statewide-policies/scio-supply-chain-risk-management/download?attachment,pdf,n/a,n/a,4/1/25 2:13,6,2,n/a,Yes,n/a
6861701e9ff1ad15158e1330,https://it.nc.gov/documents/statewide-policies/scio-supply-chain-risk-management/open,pdf,n/a,n/a,4/1/25 2:13,6,2,n/a,Yes,n/a
686b1bc67401ef7bb82d6912,https://it.nc.gov/documents/statewide-policies/scio-contingency-planning/download?attachment,pdf,n/a,n/a,4/1/25 2:16,10,2,n/a,Yes,n/a
686bc32e7648400b597547ba,https://it.nc.gov/documents/statewide-policies/scio-contingency-planning/open,pdf,n/a,n/a,4/1/25 2:16,10,2,n/a,Yes,n/a
686b174b7401ef7bb82d67fe,https://it.nc.gov/documents/statewide-policies/scio-incident-response/download?attachment,pdf,n/a,n/a,4/1/25 2:17,14,2,n/a,Yes,n/a
68615fcc9ff1ad15158e125d,https://it.nc.gov/documents/statewide-policies/scio-incident-response/open,pdf,n/a,n/a,4/1/25 2:17,14,2,n/a,Yes,n/a
686b16377401ef7bb82d67a3,https://it.nc.gov/documents/statewide-policies/scio-media-protection/download?attachment,pdf,n/a,n/a,4/1/25 2:18,15,3,n/a,Yes,n/a
68615fe19ff1ad15158e125f,https://it.nc.gov/documents/statewide-policies/scio-media-protection/open,pdf,n/a,n/a,4/1/25 2:18,15,3,n/a,Yes,n/a
686b1bd37401ef7bb82d6914,https://it.nc.gov/documents/statewide-policies/scio-security-planning/download?attachment,pdf,n/a,n/a,4/1/25 2:19,5,3,n/a,Yes,n/a
686170189ff1ad15158e132f,https://it.nc.gov/documents/statewide-policies/scio-security-planning/open,pdf,n/a,n/a,4/1/25 2:19,n/a,n/a,n/a,No,n/a
686b1bda7401ef7bb82d6916,https://it.nc.gov/documents/statewide-policies/scio-system-and-service-acquisition/download?attachment,pdf,n/a,n/a,4/1/25 2:20,14,3,n/a,Yes,n/a
686170459ff1ad15158e1333,https://it.nc.gov/documents/statewide-policies/scio-system-and-service-acquisition/open,pdf,n/a,n/a,4/1/25 2:20,14,3,n/a,Yes,n/a
686b1ae77401ef7bb82d68d5,https://it.nc.gov/documents/statewide-policies/statewide-information-security-manual/download?attachment,pdf,n/a,n/a,4/1/25 2:24,12,6,1,Yes,n/a
686bc3be7648400b597547c8,https://it.nc.gov/documents/statewide-policies/statewide-information-security-manual/open,pdf,n/a,n/a,4/1/25 2:24,12,6,n/a,Yes,n/a
686bc3857648400b597547c7,https://it.nc.gov/documents/architecture-submission-guidance/download?attachment,pdf,n/a,4/1/25 20:19,4/1/25 20:19,3,2,n/a,Yes,n/a
6872963588bfb90a859c089a,https://it.nc.gov/documents/architecture-submission-guidance/open,pdf,n/a,4/1/25 20:19,4/1/25 20:19,3,2,n/a,Yes,n/a
686b1a117401ef7bb82d689d,https://it.nc.gov/documents/procurement/204b-price-list/open,pdf,n/a,3/11/25 10:34,4/2/25 10:49,10,3,n/a,Yes,n/a
686b1c0d7401ef7bb82d6927,https://it.nc.gov/documents/cybersecurity-newsletters/esrmo-newsletter-april-2025/download?attachment,pdf,n/a,4/3/25 11:28,4/3/25 11:28,4,4,n/a,Yes,n/a
6860f9ec6b18002de4d6fc34,https://it.nc.gov/documents/cybersecurity-newsletters/esrmo-newsletter-april-2025/open,pdf,n/a,4/3/25 11:28,4/3/25 11:28,4,4,n/a,Yes,n/a
686b190c7401ef7bb82d6884,https://it.nc.gov/documents/files/920m-mps-not-exceed-pricing-2019-06-24/open,pdf,n/a,4/3/25 22:27,4/4/25 16:00,5,3,n/a,Yes,n/a
685fb944c32907bcdbcb5c49,https://it.nc.gov/documents/accessibility-options-microsoft-teams-and-practical-pdf-remediation/open,pdf,n/a,4/8/25 12:47,4/8/25 12:47,27,4,1,Yes,n/a
6860d9cb6b18002de4d6f7f6,https://it.nc.gov/documents/gicc/gicc-quarterly-meeting-powerpoint-presentations-march-25/open,pdf,n/a,4/8/25 14:26,4/8/25 14:27,55,4,n/a,Yes,n/a
685f7179c32907bcdbcb519a,https://it.nc.gov/documents/911-board/nc-911-board-monthly-dispatch-march-2025/download?attachment,pdf,n/a,3/12/25 15:05,4/16/25 9:38,24,5,n/a,No,n/a
68618d649ff1ad15158e145f,https://it.nc.gov/documents/911-board/nc-911-board-monthly-dispatch-march-2025/open,pdf,n/a,3/12/25 15:05,4/16/25 9:38,24,5,n/a,No,n/a
686b18c17401ef7bb82d686d,https://it.nc.gov/documents/204n-web-summary/open,pdf,n/a,4/15/25 16:17,4/16/25 9:52,5,3,n/a,Yes,n/a
686bc42b7648400b597547ce,https://it.nc.gov/documents/it-strategy-board-agenda-april-17-2025/download?attachment,pdf,n/a,4/16/25 14:59,4/16/25 14:59,1,3,n/a,Yes,n/a
6860f4c46b18002de4d6fbc8,https://it.nc.gov/documents/it-strategy-board-agenda-april-17-2025/open,pdf,n/a,4/16/25 14:59,4/16/25 14:59,1,3,n/a,Yes,n/a
686bc55b7648400b597547f5,https://it.nc.gov/documents/public-meetings/nclds-advisory-board-meeting-agenda-may-13-2025/download?attachment,pdf,n/a,4/18/25 11:42,4/18/25 11:42,1,2,n/a,Yes,n/a
6861404d9ff1ad15158e0fd0,https://it.nc.gov/documents/public-meetings/nclds-advisory-board-meeting-agenda-may-13-2025/open,pdf,n/a,4/18/25 11:42,4/18/25 11:42,1,2,n/a,Yes,n/a
6860d9476b18002de4d6f7e2,https://it.nc.gov/smac-parcel-update-april-10-2025/open,pdf,n/a,5/1/25 15:27,5/1/25 15:27,3,1,n/a,Yes,n/a
6860d94e6b18002de4d6f7e3,https://it.nc.gov/smac-addressnc-update-april-10-2025/open,pdf,n/a,5/1/25 15:27,5/1/25 15:28,7,2,n/a,Yes,n/a
6860d9296b18002de4d6f7dc,https://it.nc.gov/smac-building-footprints-april-10-2025/open,pdf,n/a,5/1/25 15:28,5/1/25 15:28,1,1,n/a,Yes,n/a
6860d91f6b18002de4d6f7db,https://it.nc.gov/smac-county-boundaries-april-10-2025/open,pdf,n/a,5/1/25 15:28,5/1/25 15:28,1,1,n/a,Yes,n/a
6860d93d6b18002de4d6f7dd,https://it.nc.gov/smac-eo-305-irt-april-10-2025/open,pdf,n/a,5/1/25 15:28,5/1/25 15:28,17,4,n/a,Yes,n/a
6860d98f6b18002de4d6f7ec,https://it.nc.gov/smac-geodetic-control-april-10-2025/open,pdf,n/a,5/1/25 15:29,5/1/25 15:29,5,2,n/a,Yes,n/a
6860d9856b18002de4d6f7eb,https://it.nc.gov/smac-hydrography-working-group-april-10-2025/open,pdf,n/a,5/1/25 15:29,5/1/25 15:29,5,3,n/a,Yes,n/a
6860d9736b18002de4d6f7e5,https://it.nc.gov/smac-lidar-april-10-2025/open,pdf,n/a,5/1/25 15:29,5/1/25 15:30,3,2,n/a,Yes,n/a
6860d97d6b18002de4d6f7e9,https://it.nc.gov/smac-ortho-program-update-april-10-2025/open,pdf,n/a,5/1/25 15:30,5/1/25 15:30,8,4,n/a,Yes,n/a
686b1a017401ef7bb82d6899,https://it.nc.gov/documents/files/contract-208h-microsoft-software-select-agreement/open,pdf,n/a,4/28/25 10:17,5/1/25 17:06,4,5,n/a,Yes,n/a
686bc2a47648400b597547aa,https://it.nc.gov/documents/gicc/gicc-meeting-agenda-may-14-2025/open,pdf,n/a,5/2/25 16:29,5/2/25 16:29,2,4,n/a,Yes,n/a
686b15887401ef7bb82d6789,https://it.nc.gov/documents/statewide-policies/ncdit-international-travel-guidelines/download?attachment,pdf,n/a,5/5/25 9:19,5/5/25 13:36,7,3,n/a,Yes,n/a
686b1a207401ef7bb82d68a1,https://it.nc.gov/documents/files/915b-web-summary/open,pdf,n/a,5/12/25 13:36,5/12/25 16:52,6,4,n/a,Yes,n/a
686b1c007401ef7bb82d6925,https://it.nc.gov/documents/cybersecurity-newsletters/esrmo-newsletter-may-2025/download?attachment,pdf,n/a,5/13/25 11:19,5/13/25 11:19,3,4,n/a,Yes,n/a
6861528b9ff1ad15158e1181,https://it.nc.gov/documents/cybersecurity-newsletters/esrmo-newsletter-may-2025/open,pdf,n/a,5/13/25 11:19,5/13/25 11:19,3,4,n/a,Yes,n/a
686b18ca7401ef7bb82d6870,https://it.nc.gov/documents/files/915a-web-summary/open,pdf,n/a,5/13/25 17:03,5/13/25 17:03,3,5,n/a,Yes,n/a
6860d95f6b18002de4d6f7e4,https://it.nc.gov/smac-minutes-april-10-2025/open,pdf,n/a,5/14/25 8:17,5/14/25 8:17,10,4,n/a,Yes,n/a
685fbd98c32907bcdbcb5cd1,https://it.nc.gov/documents/gicc/draft-gicc-goals-and-priorities-2025-2027/open,pdf,n/a,5/14/25 10:17,5/14/25 10:18,3,3,n/a,Yes,n/a
68617a5d9ff1ad15158e139e,https://it.nc.gov/documents/gicc/smac-quarterly-meeting-minutes-april-2025/open,pdf,n/a,5/14/25 10:22,5/14/25 10:22,10,5,n/a,Yes,n/a
686bc4267648400b597547cd,https://it.nc.gov/documents/it-strategy-board-agenda-may-15-2025/download?attachment,pdf,n/a,5/14/25 11:28,5/14/25 11:28,1,2,n/a,Yes,n/a
6860f5c66b18002de4d6fbe2,https://it.nc.gov/documents/it-strategy-board-agenda-may-15-2025/open,pdf,n/a,5/14/25 11:28,5/14/25 11:28,1,2,n/a,Yes,n/a
686bc2ba7648400b597547ac,https://it.nc.gov/gicc-2025-2027-goals-and-priorities/open,pdf,n/a,5/16/25 16:16,5/16/25 16:16,15,3,n/a,Yes,n/a
685fa839c32907bcdbcb59de,https://it.nc.gov/documents/gicc/2023-2024-gicc-annual-report/open,pdf,n/a,5/22/25 14:52,5/22/25 15:18,48,4,n/a,Yes,n/a
686b14b97401ef7bb82d6746,https://it.nc.gov/documents/files/saas-terms-conditions/download?attachment,pdf,n/a,5/29/25 7:30,5/29/25 7:30,16,4,n/a,Yes,n/a
6845ab79c76df187213553f0,https://it.nc.gov/documents/files/saas-terms-conditions/open,pdf,n/a,5/29/25 7:30,5/29/25 7:30,16,4,n/a,Yes,n/a
686b16107401ef7bb82d6798,https://it.nc.gov/documents/public-agency-reporting-requirements-under-ncgs-143-805/download?attachment,pdf,n/a,5/29/25 11:18,5/29/25 11:18,1,4,n/a,Yes,n/a
68615f899ff1ad15158e1257,https://it.nc.gov/documents/public-agency-reporting-requirements-under-ncgs-143-805/open,pdf,n/a,5/29/25 11:18,5/29/25 11:18,1,4,n/a,Yes,n/a
686b160b7401ef7bb82d6797,https://it.nc.gov/documents/sl-2024-26-memo/download?attachment,pdf,n/a,5/29/25 13:19,5/29/25 13:20,2,4,n/a,Yes,n/a
6861704b9ff1ad15158e1334,https://it.nc.gov/documents/sl-2024-26-memo/open,pdf,n/a,5/29/25 13:19,5/29/25 13:20,2,4,n/a,Yes,n/a
686bc2977648400b597547a9,https://it.nc.gov/documents/gicc/june-4-2025-local-government-committee-lgc-meeting-agenda/open,pdf,n/a,5/29/25 16:37,5/29/25 16:37,2,3,n/a,No,n/a
68618e3b9ff1ad15158e1468,https://it.nc.gov/documents/files/wireless-lan-conceptual-diagram/open,pdf,n/a,5/30/25 9:25,5/30/25 9:25,1,2,n/a,Yes,n/a
686156519ff1ad15158e11be,https://it.nc.gov/documents/mobile-device-connection-ncgovroam/open,pdf,n/a,5/30/25 9:36,5/30/25 9:36,3,3,n/a,Yes,n/a
686b17f37401ef7bb82d6827,https://it.nc.gov/documents/pre-prod-simeio-saml-idp-certificate-renewal-slide-deck/download?attachment,pdf,n/a,6/3/25 10:23,6/3/25 10:23,7,1,n/a,Yes,n/a
687c5eab2bf8807ad0552da0,https://it.nc.gov/documents/approved-use-funds-list/download?attachment,pdf,n/a,5/20/25 11:08,6/3/25 10:59,8,5,n/a,No,n/a
687c8ad92bf8807ad05534f4,https://it.nc.gov/documents/approved-use-funds-list/open,pdf,n/a,5/20/25 11:08,6/3/25 10:59,8,5,n/a,No,n/a
685f70b3c32907bcdbcb5168,https://it.nc.gov/documents/911-board/nc-911-board-approved-classes-eligibility-list/download?attachment,pdf,n/a,6/2/25 9:47,6/3/25 11:02,8,4,n/a,No,n/a
68615f7f9ff1ad15158e1256,https://it.nc.gov/documents/911-board/nc-911-board-approved-classes-eligibility-list/open,pdf,n/a,6/2/25 9:47,6/3/25 11:02,8,4,n/a,No,n/a
685fbd88c32907bcdbcb5cce,https://it.nc.gov/documents/gicc/lgc-accessibility-preparation-presentation/open,pdf,n/a,6/4/25 13:28,6/4/25 13:28,6,3,n/a,Yes,n/a
686bc2e47648400b597547b2,https://it.nc.gov/documents/training-docs-images/pdf-accessibility-training-day-two-slides/open,pdf,n/a,6/6/25 18:46,6/6/25 19:20,34,4,n/a,Yes,n/a
686124d66b18002de4d6fef0,https://it.nc.gov/documents/slides-copilot-chat-vs-m365-copilot/open,pdf,n/a,6/11/25 9:53,6/11/25 9:53,16,4,n/a,Yes,n/a
686125a56b18002de4d6ff0c,https://it.nc.gov/documents/slides-teams-meetings-and-calls/open,pdf,n/a,6/11/25 9:54,6/11/25 9:54,30,4,n/a,Yes,n/a
686125986b18002de4d6ff0a,https://it.nc.gov/documents/slides-sharepoint-and-onedrive/open,pdf,n/a,6/11/25 11:30,6/11/25 11:30,25,3,n/a,Yes,n/a
686125306b18002de4d6ff01,https://it.nc.gov/documents/slides-hands-copilot-studio/open,pdf,n/a,6/11/25 11:31,6/11/25 11:31,40,4,n/a,Yes,n/a
686b14fb7401ef7bb82d675c,https://it.nc.gov/documents/cybersecurenc/esrmo-newsletter-june-2025/download?attachment,pdf,n/a,6/11/25 12:01,6/11/25 12:53,3,4,n/a,Yes,n/a
68614ffd9ff1ad15158e113f,https://it.nc.gov/documents/cybersecurenc/esrmo-newsletter-june-2025/open,pdf,n/a,6/11/25 12:01,6/11/25 12:53,3,4,n/a,Yes,n/a
686124f66b18002de4d6fef1,https://it.nc.gov/documents/slides-copilot-outlook/open,pdf,n/a,6/11/25 18:17,6/11/25 18:17,21,4,n/a,Yes,n/a
6861250e6b18002de4d6fef5,https://it.nc.gov/documents/slides-copilot-word/open,pdf,n/a,6/12/25 12:59,6/12/25 12:59,25,4,n/a,Yes,n/a
685fbd72c32907bcdbcb5ccb,https://it.nc.gov/documents/gicc/gicc-mo-meeting-agenda-june-16-2025/open,pdf,n/a,6/13/25 8:50,6/13/25 8:56,1,3,n/a,No,n/a
685fbd6dc32907bcdbcb5cca,https://it.nc.gov/documents/gicc/gicc-sguc-meeting-agenda-june-19-2025/open,pdf,n/a,6/13/25 8:49,6/13/25 9:00,1,3,n/a,No,n/a
686125016b18002de4d6fef4,https://it.nc.gov/documents/slides-copilot-teams-stay-organized/open,pdf,n/a,6/13/25 9:22,6/13/25 9:22,19,4,n/a,Yes,n/a
6861253d6b18002de4d6ff02,https://it.nc.gov/documents/slides-onedrive-and-copilot/open,pdf,n/a,6/13/25 9:23,6/13/25 9:23,13,3,n/a,Yes,n/a
686bc2d87648400b597547b0,https://it.nc.gov/documents/training-docs-images/pdf-accessibility-training-day-one-slides/open,pdf,n/a,6/6/25 16:58,6/16/25 16:12,60,2,n/a,Yes,n/a
686b161a7401ef7bb82d679b,https://it.nc.gov/documents/former-email-mailbox-policy/download?attachment,pdf,n/a,6/17/25 15:14,6/17/25 15:14,6,6,n/a,Yes,n/a
686146799ff1ad15158e1044,https://it.nc.gov/documents/former-email-mailbox-policy/open,pdf,n/a,6/17/25 15:14,6/17/25 15:14,6,6,n/a,Yes,n/a
686b17517401ef7bb82d6806,https://it.nc.gov/documents/ncid-mfa-user-guide-individual-business-users/download?attachment,pdf,n/a,6/18/25 9:54,6/18/25 9:54,62,5,n/a,No,n/a
6860ffb36b18002de4d6fc98,https://it.nc.gov/documents/ncid-mfa-user-guide-individual-business-users/open,pdf,n/a,6/18/25 9:54,6/18/25 9:54,62,5,n/a,No,n/a
685f864dc32907bcdbcb5425,https://it.nc.gov/documents/public-meetings/it-strategy/it-strategy-board-agenda-june-19-2025/download?attachment,pdf,n/a,6/18/25 14:31,6/18/25 14:31,1,2,n/a,Yes,n/a
6860f4936b18002de4d6fbc2,https://it.nc.gov/documents/public-meetings/it-strategy/it-strategy-board-agenda-june-19-2025/open,pdf,n/a,6/18/25 14:31,6/18/25 14:31,1,2,n/a,Yes,n/a
685fbd68c32907bcdbcb5cc9,https://it.nc.gov/documents/gicc/gicc-smac-summer-meeting-agenda-june-26-2025/open,pdf,n/a,6/20/25 13:01,6/20/25 13:01,1,4,n/a,Yes,n/a
6872329279354bf5d16d1e4e,https://it.nc.gov/documents/911-board/psap-emergency-telephone-system-fund-eligibility-request-procedure/download?attachment,pdf,n/a,6/21/25 13:47,6/21/25 13:47,2,6,n/a,No,n/a
6872932388bfb90a859c080f,https://it.nc.gov/documents/911-board/psap-emergency-telephone-system-fund-eligibility-request-procedure/open,pdf,n/a,6/21/25 13:47,6/21/25 13:47,2,6,n/a,No,n/a
686125826b18002de4d6ff09,https://it.nc.gov/documents/slides-sharepoint-agents/open,pdf,n/a,6/22/25 21:51,6/22/25 21:51,17,4,n/a,Yes,n/a
686125b26b18002de4d6ff0d,https://it.nc.gov/documents/slides-teams-stay-organized/open,pdf,n/a,6/22/25 21:52,6/22/25 21:52,58,4,1,Yes,n/a
686be5f37648400b5975480e,https://it.nc.gov/geodetic-control-smac-meeting-june-26-2025/open,pdf,n/a,6/24/25 11:06,6/24/25 11:06,6,2,n/a,Yes,n/a
686124b76b18002de4d6feef,https://it.nc.gov/documents/slides-accessibility-m365-services/open,pdf,n/a,6/24/25 13:17,6/24/25 13:17,25,1,1,Yes,n/a
686be5b37648400b59754809,https://it.nc.gov/parcel-status-smac-meeting-june-26-2025/open,pdf,n/a,6/25/25 22:10,6/25/25 22:10,1,2,n/a,Yes,n/a
686156289ff1ad15158e11ba,https://it.nc.gov/documents/laptop-connection-ncgovroam/open,pdf,n/a,6/26/25 9:03,6/26/25 9:03,3,5,n/a,No,n/a
686156099ff1ad15158e11b5,https://it.nc.gov/documents/connecting-laptops-ncgov-guest/open,pdf,n/a,6/26/25 9:07,6/26/25 9:07,3,5,n/a,No,n/a
686125696b18002de4d6ff08,https://it.nc.gov/documents/slides-powerpoint-copilot/open,pdf,n/a,6/27/25 10:08,6/27/25 10:08,14,4,n/a,Yes,n/a
686b16427401ef7bb82d67a7,https://it.nc.gov/documents/statewide-policies/statewide-data-classification-handling-policy/download?attachment,pdf,n/a,6/27/25 10:23,6/27/25 10:23,16,4,1,Yes,n/a
686b1be47401ef7bb82d691a,https://it.nc.gov/documents/statewide-policies/statewide-data-classification-handling-policy/open,pdf,n/a,6/27/25 10:23,6/27/25 10:23,16,4,n/a,Yes,n/a
686125536b18002de4d6ff04,https://it.nc.gov/documents/slides-planner-basics/open,pdf,n/a,n/a,6/27/25 16:16,28,2,n/a,Yes,n/a
686be5d07648400b5975480b,https://it.nc.gov/board-geographic-names-update-smac-meeting-june-26-2025/open,pdf,n/a,6/30/25 15:02,6/30/25 15:02,8,3,n/a,Yes,n/a
686be5a27648400b59754808,https://it.nc.gov/addressnc-update-smac-meeting-june-26-2025/open,pdf,n/a,6/30/25 15:02,6/30/25 15:03,6,1,n/a,Yes,n/a
686be5987648400b59754807,https://it.nc.gov/building-footprints-smac-meeting-june-26-2025/open,pdf,n/a,6/30/25 15:03,6/30/25 15:03,1,1,n/a,Yes,n/a
686be58a7648400b59754806,https://it.nc.gov/documents/gicc/county-boundary-surveys-smac-meeting-june-26-2025/open,pdf,n/a,6/30/25 15:03,6/30/25 15:03,1,1,n/a,Yes,n/a
686be5d97648400b5975480c,https://it.nc.gov/lidar-update-smac-meeting-june-26-2025/open,pdf,n/a,6/30/25 15:03,6/30/25 15:03,2,2,n/a,Yes,n/a
686be5e77648400b5975480d,https://it.nc.gov/ortho-program-update-smac-meeting-june-26-2025/open,pdf,n/a,6/30/25 15:09,6/30/25 15:09,10,3,n/a,Yes,n/a
686be5c27648400b5975480a,https://it.nc.gov/broadband-update-smac-meeting-june-26-2025/open,pdf,n/a,6/30/25 15:10,6/30/25 15:10,7,2,n/a,Yes,n/a
69055a6e0ab0cd112d19e5cc,https://it.nc.gov/documents/gicc-annual-report-2023-2024/open,pdf,n/a,5/22/25 14:52,7/2/25 10:26,48,4,n/a,Yes,n/a
686b1a587401ef7bb82d68b0,https://it.nc.gov/documents/files/contract-725g-radios-two-way-communications-equipment/open,pdf,n/a,7/1/25 12:37,7/3/25 9:29,10,4,n/a,Yes,n/a
686b18d37401ef7bb82d6873,https://it.nc.gov/documents/files/contract-920a-elearning-products-related-services/open,pdf,n/a,7/22/25 10:52,7/22/25 12:00,9,5,n/a,Yes,n/a
686b18df7401ef7bb82d6877,https://it.nc.gov/documents/208k-web-summary/open,pdf,n/a,7/25/25 14:58,7/25/25 16:27,44,4,n/a,Yes,n/a
688eae7f7b5d9d76d767bddf,https://it.nc.gov/documents/gicc/lgc-disaster-preparedness-checklist-annual-tasks-fillable-pdf/open,pdf,n/a,7/30/25 13:14,7/30/25 13:15,3,4,n/a,Yes,n/a
68f2a33f7a02fb080d450cc2,https://it.nc.gov/lgc-disaster-preparedness-checklists-annual-tasks-fillable/open,pdf,n/a,7/30/25 13:14,7/30/25 13:15,3,4,n/a,Yes,n/a
688eaeb77b5d9d76d767bdfc,https://it.nc.gov/documents/gicc/lgc-disaster-preparedness-checklist-mid-event-tasks-fillable-pdf/open,pdf,n/a,7/30/25 13:11,7/30/25 13:17,2,3,n/a,Yes,n/a
68f2a33f7a02fb080d450cc3,https://it.nc.gov/lgc-disaster-preparedness-checklists-during-event-tasks-fillable/open,pdf,n/a,7/30/25 13:11,7/30/25 13:17,2,3,n/a,Yes,n/a
688eaf2f7b5d9d76d767be36,https://it.nc.gov/documents/gicc/lgc-disaster-preparedness-checklist-pre-event-tasks-fillable-pdf/open,pdf,n/a,7/30/25 13:12,7/30/25 13:20,4,5,n/a,Yes,n/a
68f2a33f7a02fb080d450cc4,https://it.nc.gov/lgc-disaster-preparedness-checklists-pre-event-tasks-fillable/open,pdf,n/a,7/30/25 13:12,7/30/25 13:20,4,5,n/a,Yes,n/a
688eaeef7b5d9d76d767be1a,https://it.nc.gov/documents/gicc/lgc-disaster-preparedness-checklist-post-event-tasks-fillable-pdf/open,pdf,n/a,7/30/25 13:13,7/30/25 13:22,2,3,n/a,Yes,n/a
68f2a33f7a02fb080d450cc5,https://it.nc.gov/lgc-disaster-preparedness-checklists-post-event-tasks/open,pdf,n/a,7/30/25 13:13,7/30/25 13:22,2,3,n/a,Yes,n/a
686b1a2f7401ef7bb82d68a4,https://it.nc.gov/documents/204d-web-summary/open,pdf,n/a,8/1/25 16:03,8/1/25 16:33,11,3,1,Yes,n/a
686b195f7401ef7bb82d688d,https://it.nc.gov/documents/files/208c-web-summary/open,pdf,n/a,8/1/25 16:09,8/1/25 16:52,3,6,n/a,Yes,n/a
686b18cf7401ef7bb82d6872,https://it.nc.gov/documents/files/contract-208s-commercially-shelf-software-related-services/open,pdf,n/a,8/5/25 16:42,8/5/25 16:54,4,4,n/a,Yes,n/a
6897499bab39c117afb92072,https://it.nc.gov/documents/gicc/gicc-smac-minutes-june-26-2025/open,pdf,n/a,8/6/25 8:55,8/6/25 8:55,8,4,n/a,Yes,n/a
686bc4157648400b597547cb,https://it.nc.gov/documents/statewide-policies/statewide-acceptable-use-policy-pdf/open,pdf,n/a,8/6/25 17:14,8/6/25 17:14,10,6,n/a,Yes,n/a
686b1a607401ef7bb82d68b2,https://it.nc.gov/documents/files/918a-web-summary/open,pdf,n/a,8/7/25 10:20,8/7/25 11:28,14,4,1,Yes,n/a
68a9bd0c7b36565b7c172fb4,https://it.nc.gov/documents/gicc/gicc-meeting-agenda-august-20-2025/open,pdf,n/a,8/7/25 16:29,8/7/25 16:29,2,4,n/a,Yes,n/a
686b18197401ef7bb82d6832,https://it.nc.gov/documents/it-business-applications-2024-2025-rates/download?attachment,pdf,n/a,8/12/25 8:25,8/12/25 8:25,1,3,n/a,No,n/a
68617f749ff1ad15158e13d1,https://it.nc.gov/documents/it-business-applications-2024-2025-rates/open,pdf,n/a,8/12/25 8:25,8/12/25 8:25,1,3,n/a,No,n/a
68a9c0b57b36565b7c172fd9,https://it.nc.gov/documents/gicc/gicc-meeting-minutes-may-14-2025/open,pdf,n/a,8/18/25 9:50,8/18/25 9:50,10,3,n/a,Yes,n/a
68a9bd6c7b36565b7c172fb8,https://it.nc.gov/documents/gicc/local-government-committee-meeting-agenda-september-3rd-2025/open,pdf,n/a,8/19/25 10:56,8/19/25 10:56,2,4,n/a,Yes,n/a
68aa1f5d7b36565b7c1732d0,https://it.nc.gov/documents/nclds-data-quality-committee-meeting-agenda-september-9-2025/open,pdf,n/a,8/19/25 15:11,8/19/25 15:11,1,2,n/a,Yes,n/a
68a9f82f7b36565b7c17314b,https://it.nc.gov/documents/cybersecurenc/esrmo-newsletter-august-2025/download?attachment,pdf,n/a,8/20/25 10:38,8/20/25 14:42,3,4,n/a,Yes,n/a
68a913f744525099cb876dff,https://it.nc.gov/documents/cybersecurenc/esrmo-newsletter-august-2025/open,pdf,n/a,8/20/25 10:38,8/20/25 14:42,3,4,n/a,Yes,n/a
686b15fa7401ef7bb82d6792,https://it.nc.gov/documents/nc-state-government-responsible-use-artificial-intelligence-framework/download?attachment,pdf,n/a,8/21/25 15:15,8/22/25 7:17,10,5,2,Yes,n/a
686bc2c27648400b597547ad,https://it.nc.gov/documents/nc-state-government-responsible-use-artificial-intelligence-framework/download?attachment?attachment=,pdf,n/a,8/21/25 15:15,8/22/25 7:17,10,5,2,Yes,n/a
68615f709ff1ad15158e1254,https://it.nc.gov/documents/nc-state-government-responsible-use-artificial-intelligence-framework/open,pdf,n/a,8/21/25 15:15,8/22/25 7:17,10,5,2,Yes,n/a
68d0cb5d2ab2c6cb9c649d74,https://it.nc.gov/documents/gicc/sguc-general-meeting-agenda-september-25-2025/open,pdf,n/a,8/25/25 10:57,8/25/25 10:57,1,2,n/a,Yes,n/a
686b1a9e7401ef7bb82d68c4,https://it.nc.gov/documents/it-contracts/tanium-master-agreement-pricing/open,pdf,n/a,7/1/25 12:48,8/26/25 13:33,8,4,n/a,No,n/a
68b7c5903344f3a8fefa2761,https://it.nc.gov/documents/nclds-data-governance-committee-meeting-agenda-september-18-2025/open,pdf,n/a,8/27/25 8:15,8/27/25 8:15,1,2,n/a,Yes,n/a
68b7d8813344f3a8fefa2814,https://it.nc.gov/documents/911-board/nc-911-board-monthly-dispatch-april-2025/download?attachment,pdf,n/a,4/29/25 14:03,8/27/25 14:05,27,2,n/a,Yes,n/a
68b799593344f3a8fefa21fb,https://it.nc.gov/documents/911-board/nc-911-board-monthly-dispatch-april-2025/open,pdf,n/a,4/29/25 14:03,8/27/25 14:05,27,2,n/a,Yes,n/a
686b1a187401ef7bb82d689e,https://it.nc.gov/documents/files/contract-208a-oracle-software-maintenance/open,pdf,n/a,9/10/25 13:48,9/10/25 15:24,4,5,n/a,Yes,n/a
686b1a987401ef7bb82d68c2,https://it.nc.gov/documents/it-contracts/contract-208t-tanium-master-agreement/open,pdf,n/a,9/11/25 10:25,9/11/25 10:51,3,5,n/a,No,n/a
686b1aa67401ef7bb82d68c5,https://it.nc.gov/documents/files/939a-web-summary/open,pdf,n/a,9/16/25 13:33,9/16/25 13:33,5,4,n/a,Yes,n/a
686b19047401ef7bb82d6882,https://it.nc.gov/documents/files/920m-web-summary/open,pdf,n/a,9/17/25 8:32,9/17/25 9:43,9,4,n/a,Yes,n/a
68d0cacb2ab2c6cb9c649d6b,https://it.nc.gov/documents/gicc/local-government-committee-meeting-agenda-september-23rd-2025/open,pdf,n/a,9/18/25 15:11,9/18/25 15:11,2,5,n/a,Yes,n/a
68e3202ae45f1f766a4b178f,https://it.nc.gov/us-census-bureau-american-community-survey-program-updates/open,pdf,n/a,9/23/25 14:18,9/23/25 14:18,11,3,n/a,Yes,n/a
68e3202ae45f1f766a4b1790,https://it.nc.gov/nasa-earth-science-data-access-tools-and-service/open,pdf,n/a,9/23/25 15:26,9/23/25 15:26,27,4,1,Yes,n/a
68e3202ae45f1f766a4b1793,https://it.nc.gov/usgs-topobuilder-resources/open,pdf,n/a,9/23/25 17:26,9/23/25 17:34,25,2,n/a,Yes,n/a
68e28d6100396c698ccd63eb,https://it.nc.gov/documents/state-north-carolina-cybersecurity-strategic-plan/open,pdf,n/a,9/24/25 6:51,9/24/25 6:51,16,3,n/a,Yes,n/a
68e3202ae45f1f766a4b1791,https://it.nc.gov/fema-disaster-response-resources/open,pdf,n/a,9/24/25 9:28,9/24/25 9:28,29,3,n/a,Yes,n/a
68e3202ae45f1f766a4b1792,https://it.nc.gov/ngs-spatial-reference-system-modernization/open,pdf,n/a,9/24/25 9:29,9/24/25 9:29,16,3,n/a,Yes,n/a
68e05237904be0bd8b0f8a05,https://it.nc.gov/documents/gicc/smac-agenda-100725/open,pdf,n/a,9/26/25 9:23,9/26/25 9:23,1,4,n/a,Yes,n/a
686b174f7401ef7bb82d67ff,https://it.nc.gov/documents/ncid-user-guide-individual-business-users/download?attachment,pdf,n/a,9/29/25 10:36,9/29/25 10:36,3,3,n/a,Yes,n/a
6860fffd6b18002de4d6fca1,https://it.nc.gov/documents/ncid-user-guide-individual-business-users/open,pdf,n/a,9/29/25 10:36,9/29/25 10:36,3,3,n/a,Yes,n/a
686b19377401ef7bb82d6888,https://it.nc.gov/documents/files/920n-media-monitoring-solution/open,pdf,n/a,9/30/25 13:28,10/1/25 11:01,3,4,n/a,Yes,n/a
685f8a69c32907bcdbcb56e9,https://it.nc.gov/documents/files/920s-web-summary/download?attachment,pdf,n/a,10/2/25 12:09,10/2/25 12:54,12,4,n/a,No,n/a
686b18ef7401ef7bb82d687c,https://it.nc.gov/documents/files/920s-web-summary/open,pdf,n/a,10/2/25 12:09,10/2/25 12:54,12,4,n/a,No,n/a
686b193f7401ef7bb82d6889,https://it.nc.gov/documents/files/204a-web-summary/open,pdf,n/a,10/6/25 10:04,10/6/25 11:03,17,3,n/a,Yes,n/a
68f2715c7a02fb080d450bf3,https://it.nc.gov/documents/gicc/2023-2024-gicc-draft-annual-report/open,pdf,n/a,5/22/25 14:52,10/14/25 16:10,48,4,n/a,Yes,n/a
68f2c0d07a02fb080d451296,https://it.nc.gov/ncdot-atlas-presentation-may-14-2025/open,pdf,n/a,10/15/25 9:07,10/15/25 9:07,30,2,n/a,Yes,n/a
685f706cc32907bcdbcb515a,https://it.nc.gov/documents/911-board/psap-cybersecurity-remediation-initiative/download?attachment,pdf,n/a,10/7/25 16:37,10/15/25 12:02,4,5,n/a,No,n/a
686199b09ff1ad15158e14eb,https://it.nc.gov/documents/911-board/psap-cybersecurity-remediation-initiative/open,pdf,n/a,10/7/25 16:37,10/15/25 12:02,4,5,n/a,No,n/a
685f7072c32907bcdbcb515b,https://it.nc.gov/documents/911-board/nextgen-911-cad-cad-reimbursement-proposal/download?attachment,pdf,n/a,10/14/25 12:52,10/15/25 12:04,4,5,n/a,No,n/a
686199949ff1ad15158e14e9,https://it.nc.gov/documents/911-board/nextgen-911-cad-cad-reimbursement-proposal/open,pdf,n/a,10/14/25 12:52,10/15/25 12:04,4,5,n/a,No,n/a
6906512641ce6239fcaf6392,https://it.nc.gov/documents/cybersecurenc/esrmo-newsletter-october-2025/download?attachment,pdf,n/a,10/23/25 7:33,10/23/25 7:33,3,4,n/a,Yes,n/a
6905ff1841ce6239fcaf6095,https://it.nc.gov/documents/cybersecurenc/esrmo-newsletter-october-2025/open,pdf,n/a,10/23/25 7:33,10/23/25 7:33,3,4,n/a,Yes,n/a
690532eb949e1a550c7e6e2c,https://it.nc.gov/smac-building-footprints-update-oct-7-2025/open,pdf,n/a,10/24/25 10:27,10/24/25 10:27,2,2,n/a,Yes,n/a
690532eb949e1a550c7e6e32,https://it.nc.gov/smac-ortho-program-update-oct-7-2025/open,pdf,n/a,10/24/25 10:27,10/24/25 10:27,12,4,n/a,Yes,n/a
690532eb949e1a550c7e6e2f,https://it.nc.gov/smac-addressnc-update-oct-7-2025/open,pdf,n/a,10/24/25 10:28,10/24/25 10:28,5,3,n/a,Yes,n/a
690532eb949e1a550c7e6e30,https://it.nc.gov/smac-broadband-update-oct-7-2025/open,pdf,n/a,10/24/25 10:28,10/24/25 10:28,7,3,n/a,Yes,n/a
690532eb949e1a550c7e6e31,https://it.nc.gov/smac-geodetic-control-update-oct-7-2025/open,pdf,n/a,10/24/25 10:28,10/24/25 10:28,6,3,n/a,Yes,n/a
690532eb949e1a550c7e6e2e,https://it.nc.gov/smac-parcel-update-oct-7-2025/open,pdf,n/a,10/24/25 10:28,10/24/25 10:28,3,2,n/a,Yes,n/a
690532eb949e1a550c7e6e33,https://it.nc.gov/smac-county-boundaries-update-oct-7-2025/open,pdf,n/a,10/24/25 10:29,10/24/25 10:29,1,2,n/a,Yes,n/a
690532eb949e1a550c7e6e2d,https://it.nc.gov/smac-lidar-update-oct-7-2025/open,pdf,n/a,10/24/25 10:29,10/24/25 10:29,4,3,n/a,Yes,n/a
69065b6d41ce6239fcaf63c1,https://it.nc.gov/documents/nclds-advisory-board-meeting-agenda-november-17-2025/open,pdf,n/a,10/24/25 19:08,10/24/25 19:08,1,2,n/a,Yes,n/a
686b18d97401ef7bb82d6875,https://it.nc.gov/documents/files/208m-web-summary/open,pdf,n/a,10/30/25 14:40,10/30/25 16:06,3,5,n/a,No,n/a
686b18e67401ef7bb82d6879,https://it.nc.gov/documents/204x-web-summary/open,pdf,n/a,10/30/25 17:34,10/30/25 17:53,53,4,1,Yes,n/a
69055a760ab0cd112d19e5cf,https://it.nc.gov/documents/nc-longitudinal-data-system-annual-report-2024-2025/open,pdf,n/a,10/31/25 8:26,10/31/25 8:26,10,6,n/a,No,n/a
690644e141ce6239fcaf6300,https://it.nc.gov/documents/government-data-analytics-center-legislative-report-2024/download?attachment,pdf,n/a,10/31/25 8:27,10/31/25 8:27,42,6,n/a,No,n/a
69055a5c0ab0cd112d19e5c9,https://it.nc.gov/documents/government-data-analytics-center-legislative-report-2024/open,pdf,n/a,10/31/25 8:27,10/31/25 8:27,42,6,n/a,No,n/a
6905331b949e1a550c7e6e3d,https://it.nc.gov/documents/gicc/gicc-meeting-minutes-august-20th-2025/open,pdf,n/a,10/31/25 11:24,10/31/25 11:24,7,4,n/a,Yes,n/a
686b1a087401ef7bb82d689b,https://it.nc.gov/204b-web-summary/open,pdf,n/a,10/31/25 13:57,10/31/25 14:53,7,4,n/a,Yes,n/a
6918ec1be7e468696c7c8297,https://it.nc.gov/documents/ai-leadership-council-meeting-agenda-nov-4-2025/download?attachment,pdf,n/a,11/3/25 11:59,11/3/25 11:59,1,2,n/a,Yes,n/a
69187a80e7e468696c7c7fd0,https://it.nc.gov/documents/ai-leadership-council-meeting-agenda-nov-4-2025/open,pdf,n/a,11/3/25 11:59,11/3/25 11:59,1,2,n/a,Yes,n/a
6917b57c4f8e6ed935bb93ba,https://it.nc.gov/documents/gicc/gicc-quarterly-meeting-agenda-november-5-2025/open,pdf,n/a,11/4/25 15:15,11/4/25 15:15,2,4,n/a,Yes,n/a
6918ec1be7e468696c7c8298,https://it.nc.gov/documents/ai-leadership-council-meeting-minutes-nov-4-2025/download?attachment,pdf,n/a,11/7/25 13:21,11/7/25 13:21,4,3,n/a,Yes,n/a
69187a89e7e468696c7c7fd2,https://it.nc.gov/documents/ai-leadership-council-meeting-minutes-nov-4-2025/open,pdf,n/a,11/7/25 13:21,11/7/25 13:21,4,3,n/a,Yes,n/a
686b18d67401ef7bb82d6874,https://it.nc.gov/documents/files/208e-web-summary/open,pdf,n/a,11/17/25 16:46,11/17/25 16:46,3,3,n/a,Yes,n/a
692a6461870611430dd2b8fd,https://it.nc.gov/documents/it-strategy-board-agenda-november-20-2025/download?attachment,pdf,n/a,11/18/25 16:46,11/18/25 16:46,1,2,n/a,Yes,n/a
692b6c2bd2c60aef6238157e,https://it.nc.gov/documents/it-strategy-board-agenda-november-20-2025/open,pdf,n/a,11/18/25 16:46,11/18/25 16:46,1,2,n/a,Yes,n/a
692af841d2c60aef6238128b,https://it.nc.gov/wgeer-presentation-hurriup-2025/open,pdf,n/a,11/20/25 12:21,11/20/25 12:21,15,3,n/a,Yes,n/a
686b14787401ef7bb82d672a,https://it.nc.gov/documents/it-volume-purchase-award/download?attachment,pdf,n/a,11/21/25 10:48,11/21/25 10:48,123,6,n/a,Yes,n/a
686b147b7401ef7bb82d672b,https://it.nc.gov/documents/it-volume-purchase-award/open,pdf,n/a,11/21/25 10:48,11/21/25 10:48,123,6,n/a,Yes,n/a